24:1|Look! The **LORD** is emptying the earth, laying it waste,\ntwisting its surface and scattering its people.|Keep earth-wide devastation and four actions.
24:2|It will be the same for people and priest,\nslave and master, slave woman and mistress,\nbuyer and seller, lender and borrower,\ncreditor and debtor.|Preserve six paired social relationships and specific female slavery.
24:3|The earth will be utterly emptied,\nutterly plundered,\nfor the **LORD** has spoken this word.|Repeat emphatic destruction and speech authority.
24:4|The earth mourns and withers;\nthe world droops and withers;\nthe earth’s highest people droop.|Keep repeated withering and height image.
24:5|The earth is defiled beneath its inhabitants,\nfor they have crossed the boundaries of instruction,\nviolated the statute, broken the everlasting covenant.|Retain three transgressions and covenant without naming a specific covenant.
24:6|So a curse devours the earth,\nand its inhabitants bear their guilt.\nSo earth’s inhabitants are scorched,\nand few people remain.|Keep doubled consequence, guilt, and scorching.
24:7|New wine mourns, the vine droops;\nall the lighthearted sigh.|Retain personified wine and reversal of joy.
24:8|The tambourines’ joy has stopped,\nthe revelers’ noise has ceased,\nthe lyre’s joy has stopped.|Repeat stopped joy and retain instruments.
24:9|They no longer drink wine with a song;\nstrong drink tastes bitter to those who drink it.|Keep changed drinking experience.
24:10|The city of emptiness is shattered;\nevery house is shut against entry.|Retain tohu emptiness and shut houses.
24:11|In the streets people cry out for wine.\nAll gladness has darkened;\nearth’s joy has gone into exile.|Keep darkness and exile as joy images.
24:12|Only desolation remains in the city;\nits gate is battered into ruins.|Retain gate as concrete civic destruction.
24:13|So it will be within the earth, among the peoples:\nas when an olive tree is beaten,\nas with gleanings when the grape harvest ends.|Keep remnant through two harvest comparisons.
24:14|They lift their voices and sing for joy;\nfrom the west they shout at the **LORD**’s majesty.|Preserve unexplained they and sea/west direction.
24:15|So honor the **LORD** in the east,\nthe name of the **LORD**, Israel’s God,\nin the islands of the sea.|Keep both divine names and geographic reach.
24:16|From earth’s edge we hear songs: “Splendor to the righteous!”\nBut I say, “I waste away! I waste away! Woe to me!\nThe treacherous betray;\nthe treacherous betray with treachery!”|Preserve sudden lament and intensive betrayal repetition.
24:17|Terror, pit, and trap await you,\ninhabitant of the earth.|Retain threefold threat and singular address.
24:18|Whoever flees the sound of terror will fall into the pit;\nwhoever climbs from the pit will be caught in the trap.\nThe windows on high have opened,\nand earth’s foundations shake.|Keep chained escape failures and flood-like windows.
24:19|The earth breaks apart,\nthe earth splits open,\nthe earth shakes violently.|Keep three intensified clauses.
24:20|The earth reels like a drunkard,\nsways like a shelter.\nIts rebellion weighs heavily upon it;\nit falls and will not rise again.|Retain drunkard, shelter, and moral weight.
24:21|On that day the **LORD** will call to account\nthe host on high, on high,\nand earth’s kings, on earth.|Preserve matched heavenly and earthly realms.
24:22|They will be gathered like prisoners into a pit,\nshut away in a prison,\nand after many days they will be visited.|Leave visitation open rather than specify release or punishment.
24:23|The moon will be abashed and the sun ashamed,\nfor the **LORD** of hosts will reign\non Mount Zion and in Jerusalem,\nand glory will be before his elders.|Preserve celestial shame and elders without identifying them.
25:1|**LORD**, you are my God.\nI will exalt you and praise your name,\nfor you have done wonders—\nplans from long ago, faithfully fulfilled.|Keep personal praise and ancient faithful plans.
25:2|You have made a city a heap,\na fortified town a ruin.\nThe foreigners’ palace is a city no more;\nit will never be rebuilt.|Retain unnamed city and irreversible ruin.
25:3|So a strong people will honor you;\nthe city of ruthless nations will fear you.|Keep strength and ruthlessness distinct.
25:4|You have been a refuge for the poor,\na refuge for the needy in distress,\na shelter from the storm, a shade from the heat.\nFor the breath of the ruthless is like a storm against a wall,|Keep poor/needy repetition and storm-wall text.
25:5|like heat in a dry place.\nYou subdue the foreigners’ uproar;\nas heat is subdued by a cloud’s shade,\nthe song of the ruthless is brought low.|Retain heat-shade comparison across verse boundary.
25:6|On this mountain the **LORD** of hosts will prepare\na feast for all peoples:\nrich food, aged wine,\nrich food full of marrow, aged wine well strained.|Preserve all peoples and luxurious repeated food/wine terms.
25:7|On this mountain he will swallow up\nthe covering spread over all peoples,\nthe veil laid over all nations.|Keep swallow verb linking covering with death.
25:8|He will swallow up death forever.\nThe Lord **GOD** will wipe tears from every face\nand remove his people’s disgrace from all the earth,\nfor the **LORD** has spoken.|Retain death, all faces, and full divine designations.
25:9|On that day people will say,\n“Look, this is our God! We waited for him, and he saved us.\nThis is the **LORD**; we waited for him.\nLet us rejoice and be glad in his salvation!”|Repeat waiting and divine identification.
25:10|The **LORD**’s hand will rest on this mountain,\nbut Moab will be trampled where it stands,\nas straw is trampled in a dung pit.|Follow read-form in rather than written water-of; preserve degrading image.
25:11|Moab will spread its hands in it\nas a swimmer spreads his hands to swim.\nBut he will bring down Moab’s pride,\ndespite the skill of its hands.|Keep swimmer image and uncertain skill expression.
25:12|Your high, fortified walls\nhe has brought down, laid low,\nstruck to the ground, to the dust.|Preserve direct-address shift and cumulative abasement.
26:1|On that day this song will be sung in Judah:\n“We have a strong city!\nHe makes salvation its walls and rampart.|Keep salvation as defenses rather than add named builder.
26:2|Open the gates,\nso a righteous nation may enter,\na nation that keeps faith.|Preserve gate invitation and communal faithfulness.
26:3|You keep in peace—peace—\nthe mind that rests on you,\nbecause it trusts in you.|Make doubled shalom audible without adding perfection.
26:4|Trust in the **LORD** forever,\nfor **YAH**, the **LORD**, is an everlasting rock.|Retain short and full names plus enduring rock.
26:5|He has brought down those who live on high;\nthe lofty city he lays low,\nlays it low to the ground, brings it to the dust.|Repeat lowering of high city.
26:6|Feet trample it—\nthe feet of the oppressed, the steps of the poor.”|Preserve formerly weak people as tramplers.
26:7|The path of the righteous is level.\nUpright One, you make the righteous person’s road smooth.|Keep upright address interpretation and road image.
26:8|Along the path of your judgments, **LORD**, we wait for you.\nYour name, your remembrance, is our deepest desire.|Keep judgments as path and name/remembrance pair.
26:9|With my whole being I desire you at night;\nwith the spirit within me I seek you.\nWhen your judgments are on the earth,\nthe world’s inhabitants learn righteousness.|Retain night seeking and judgment as instruction.
26:10|Show favor to the wicked, and they still do not learn righteousness.\nIn a land of uprightness they do wrong\nand fail to see the **LORD**’s majesty.|Keep failure despite favor without softening wickedness.
26:11|**LORD**, your hand is raised, but they do not see.\nLet them see your zeal for your people and be ashamed;\nlet the fire for your enemies consume them.|Retain seeing repetition and fiery wish.
26:12|**LORD**, you establish peace for us;\neverything we have accomplished, you have done for us.|Preserve divine agency over our works.
26:13|**LORD** our God, other lords have ruled us;\nbut through you alone we proclaim your name.|Keep contrast of other lords and divine name.
26:14|They are dead; they will not live.\nThey are shades; they will not rise.\nYou visited them and destroyed them,\nwiping away every memory of them.|Retain dead/shades parallel and finality before verse19 reversal.
26:15|You have enlarged the nation, **LORD**,\nyou have enlarged the nation; you are glorified.\nYou have extended all the land’s boundaries.|Repeat enlargement and preserve land boundaries.
26:16|**LORD**, in distress they sought you;\nthey poured out a whispered prayer\nwhen your discipline was upon them.|Render compressed whisper prayer with uncertainty noted.
26:17|As a pregnant woman near delivery\nwrithes and cries in labor,\nso we were before you, **LORD**.|Preserve labor simile and direct address.
26:18|We conceived, we writhed,\nbut gave birth only to wind.\nWe brought no salvation to the earth;\nno inhabitants of the world were born.|Retain failed birth and consequential fall/be-born ambiguity.
26:19|Your dead will live; my dead body will rise.\nWake and sing, you who dwell in dust!\nYour dew is a dew of light,\nand the earth will bring forth the shades.|Preserve unusual my-corpse wording and birth reversal with note.
26:20|Go, my people, enter your rooms\nand shut your door behind you.\nHide for a little while,\nuntil the wrath passes.|Follow singular door read-form and temporary shelter.
26:21|Look! The **LORD** comes out from his place\nto call earth’s inhabitants to account for their guilt.\nThe earth will uncover its bloodshed\nand no longer conceal its slain.|Keep exposed evidence of violence.
27:1|On that day the **LORD**, with his hard, great, strong sword,\nwill punish Leviathan the fleeing serpent,\nLeviathan the twisting serpent,\nand kill the monster in the sea.|Retain named monster and three sword descriptions.
27:2|On that day,\n“A delightful vineyard—sing of it!|Follow pinned delightful reading rather than wine-vineyard.
27:3|I, the **LORD**, guard it.\nI water it moment by moment;\nnight and day I guard it\nso no one harms it.|Repeat guarding and retain continual watering.
27:4|I have no wrath.\nIf only briers and thorns confronted me in battle!\nI would march against them\nand burn them all together.|Preserve wrath denial and hypothetical battle.
27:5|Or let them take hold of my refuge,\nlet them make peace with me—\nmake peace with me.”|Retain alternative refuge and repeated peace.
27:6|In days to come Jacob will take root;\nIsrael will bud and blossom\nand fill the world with fruit.|Keep parallel names and expanding growth.
27:7|Has he struck Jacob as he struck those who struck him?\nHas Jacob been killed as his killers were killed?|Clarify Jacob referent while retaining complex reciprocal question.
27:8|By measured expulsion you contend with her;\nhe drove her away with his harsh wind\non a day of east wind.|Retain difficult measured phrase and you/he shift.
27:9|By this, then, Jacob’s guilt will be atoned for;\nthis is the full fruit of removing his sin:\nwhen he makes every altar stone like crushed chalk,\nand no Asherah poles or incense altars remain standing.|Keep atonement tied to destruction of cult objects.
27:10|The fortified city stands alone,\na settlement deserted and abandoned like the wilderness.\nThere a calf grazes and lies down,\nconsuming its branches.|Retain city’s returning animals and stripped growth.
27:11|When its branches dry, they are broken;\nwomen come and light fires with them.\nFor this people has no understanding;\nso its Maker will not show it compassion,\nand its Former will not favor it.|Preserve women gathering fuel and withheld compassion.
27:12|On that day the **LORD** will thresh\nfrom the River’s flowing waters to the Wadi of Egypt;\nand you, Israelites, will be gathered one by one.|Keep geographical span and individual gathering.
27:13|On that day a great ram’s horn will sound.\nThose lost in Assyria and those driven away to Egypt\nwill come and worship the **LORD**\non the holy mountain in Jerusalem.|Retain two diaspora locations and return to worship.
28:1|Woe to the proud crown of Ephraim’s drunkards,\nthe fading flower of its glorious beauty,\nset above a fertile valley—\nto those struck down by wine!|Keep crown/city metaphor and intoxicated people.
28:2|Look! The Lord has someone strong and mighty.\nLike a hailstorm, a destructive tempest,\nlike a torrent of mighty, flooding waters,\nhe will hurl it to the ground with his hand.|Preserve unnamed agent and storm comparisons.
28:3|The proud crown of Ephraim’s drunkards\nwill be trampled underfoot.|Repeat crown phrase from verse1.
28:4|That fading flower of glorious beauty,\nset above a fertile valley,\nwill be like an early fig before summer:\nwhoever sees it swallows it\nas soon as it reaches the hand.|Keep effortless consumption of first fig.
28:5|On that day the **LORD** of hosts\nwill be a beautiful crown, a glorious wreath,\nfor the remnant of his people,|Preserve reversal from drunkards’ crown to divine crown.
28:6|a spirit of justice for the one who sits in judgment,\nand strength for those who turn battle back at the gate.|Keep judicial and military roles distinct.
28:7|These too reel from wine and stagger from strong drink:\npriest and prophet reel from strong drink,\nswallowed by wine, staggering from strong drink.\nThey reel in their visions and stumble in judgment.|Retain accumulated drunkenness and failed guidance.
28:8|Every table is covered with vomit and filth;\nno spot is clean.|Keep disgust without euphemism.
28:9|“Whom is he teaching knowledge?\nTo whom is he explaining the message?\nChildren just weaned from milk,\njust taken from the breast?|Render mocking questions without invented speaker identity.
28:10|For it is rule upon rule, rule upon rule,\nline upon line, line upon line,\na little here, a little there!”|Preserve repeated syllabic rhythm and note wordplay uncertainty.
28:11|Indeed, with stammering lips and another tongue\nhe will speak to this people,|Keep foreign speech response to mockery.
28:12|to whom he said, “This is rest; let the weary rest.\nThis is refreshment.”\nBut they refused to listen.|Retain rest repetition and refusal.
28:13|So the **LORD**’s word will become for them\nrule upon rule, rule upon rule,\nline upon line, line upon line,\na little here, a little there—\nso they go and stumble backward,\nare broken, snared, and captured.|Repeat exact refrain and purposive consequence.
28:14|Therefore hear the **LORD**’s word, you mockers\nwho rule this people in Jerusalem.|Make ruling audience explicit.
28:15|You say, “We have made a covenant with death,\nan agreement with Sheol.\nWhen the sweeping scourge passes through, it will not reach us,\nfor we have made lies our shelter\nand hidden ourselves in falsehood.”|Retain rulers’ shocking self-description and mixed flood/scourge image.
28:16|So the Lord **GOD** says:\n“Look, I am laying a stone in Zion,\na tested stone, a precious cornerstone, a firm foundation.\nWhoever trusts will not rush in panic.|Retain tested foundation and haste verb rather than shame.
28:17|I will make justice the measuring line\nand righteousness the plumb line.\nHail will sweep away the shelter of lies;\nwater will flood the hiding place.|Keep building measurements and destroyed false refuge.
28:18|Your covenant with death will be annulled;\nyour agreement with Sheol will not stand.\nWhen the sweeping scourge passes through,\nyou will be trampled beneath it.|Repeat covenant language and violent undoing.
28:19|Every time it passes through, it will take you.\nMorning after morning it will pass through, by day and by night.\nUnderstanding the message will bring sheer terror.”|Retain recurrence and message-understanding reversal.
28:20|The bed is too short to stretch out on;\nthe blanket too narrow to wrap yourself in.|Keep concrete inadequate shelter proverb.
28:21|The **LORD** will rise as at Mount Perazim,\nwill rage as in Gibeon’s valley,\nto do his deed—his strange deed,\nto perform his work—his foreign work.|Preserve unusual divine work and named battle echoes.
28:22|Now stop mocking, lest your bonds grow tighter.\nFor I have heard from the Lord **GOD** of hosts\nof destruction decreed against all the earth.|Retain authorized warning and scope.
28:23|Listen closely to my voice;\npay attention and hear what I say.|Keep paired appeals before farming instruction.
28:24|Does a plowman plow all day to sow,\ncontinually opening and harrowing his soil?|Retain rhetorical limit on preparatory labor.
28:25|Once he has leveled its surface, does he not scatter black cumin,\nsow cumin, plant wheat in rows,\nbarley in its place, and spelt along the edge?|Preserve five crops and differentiated sowing.
28:26|His God instructs him in the right way\nand teaches him.|Keep agricultural skill as divine teaching.
28:27|Black cumin is not threshed with a threshing sledge,\nnor is a cartwheel rolled over cumin.\nBlack cumin is beaten with a stick,\nand cumin with a rod.|Retain different tools and repeated spice names.
28:28|Grain for bread is crushed,\nbut one does not thresh it forever.\nHe drives his cartwheel and horses over it\nwithout grinding it to pieces.|Retain difficult crushing distinction with note.
28:29|This too comes from the **LORD** of hosts,\nwonderful in counsel, great in resourcefulness.|Connect skill and wise counsel without sermon.
29:1|Woe, Ariel, Ariel, city where David camped!\nAdd year to year; let the festivals come around.|Keep repeated symbolic name and liturgical cycle.
29:2|I will press Ariel hard;\nthere will be mourning and moaning.\nShe will become like an altar hearth to me.|Expose Ariel wordplay while noting uncertain sense.
29:3|I will encamp all around you,\nlay siege to you with posts,\nand raise siegeworks against you.|Keep first-person divine siege and equipment.
29:4|Brought low, you will speak from the ground;\nyour words will sink into the dust.\nYour voice will come from the ground like a ghost’s,\nyour speech will chirp from the dust.|Preserve ghostlike reduced voice and dust repetition.
29:5|Yet the throng of your foreigners will become fine dust,\nthe throng of the ruthless like drifting chaff.\nSuddenly, in an instant,|Retain abrupt reversal and unnamed foreigners.
29:6|the **LORD** of hosts will visit you\nwith thunder, earthquake, and great noise,\nwhirlwind, tempest, and devouring flame.|Preserve visitation rather than specify rescue within verb.
29:7|The throng of all nations fighting Ariel,\nall who wage war against her and her stronghold,\nall who press her hard,\nwill be like a dream, a vision at night.|Keep siege forces becoming insubstantial.
29:8|As a hungry person dreams of eating\nand wakes with an empty stomach,\nas a thirsty person dreams of drinking\nand wakes faint and still thirsty,\nso will be the throng of all nations\nfighting Mount Zion.|Retain both unsatisfied appetite dreams.
29:9|Stupefy yourselves and be stupefied!\nBlind yourselves and be blind!\nThey are drunk, but not from wine;\nthey stagger, but not from strong drink.|Keep commands then third-person observation.
29:10|For the **LORD** has poured over you a spirit of deep sleep.\nHe has closed your eyes—the prophets—\nand covered your heads—the seers.|Preserve eyes/heads identified with prophetic figures.
29:11|For you the whole vision has become like the words of a sealed scroll. Give it to someone who can read and say, “Please read this,” and the answer is, “I cannot; it is sealed.”|Make literacy scene intelligible without removing sealed-scroll metaphor.
29:12|Give the scroll to someone who cannot read and say, “Please read this,” and the answer is, “I cannot read.”|Keep second distinct inability and repeated request.
29:13|The Lord said:\n“This people approaches me with its mouth\nand honors me with its lips,\nbut its heart is far from me.\nIts fear of me is a human command learned by rote.|Retain mouth/lips/heart contrast and taught reverence.
29:14|So I will again astound this people,\nwith wonder upon wonder.\nThe wisdom of its wise will perish,\nand the discernment of its discerning will disappear.”|Keep repeated wonders and failed wisdom.
29:15|Woe to those who bury their plans deep from the **LORD**,\nwhose deeds are done in darkness,\nwho say, “Who sees us? Who knows us?”|Retain concealment depth and paired questions.
29:16|You turn things upside down!\nShould the potter be regarded as clay?\nShould a thing made say of its maker, “He did not make me,”\nor a formed thing say of its former, “He has no understanding”?|Keep creator/creation reversal and two denials.
29:17|In just a little while,\nwill not Lebanon become fruitful land,\nand fruitful land be regarded as forest?|Preserve landscape reversal without imposed allegory.
29:18|On that day the deaf will hear a scroll’s words,\nand out of gloom and darkness\nthe eyes of the blind will see.|Link inaccessible scroll to restored hearing.
29:19|The lowly will find fresh joy in the **LORD**;\nthe poorest people will rejoice in Israel’s Holy One.|Retain social lowliness and Holy One designation.
29:20|For the ruthless will be gone, the mocker finished,\nand all who watch for a chance to do evil will be cut off—|Keep three groups and watchfulness for wrong.
29:21|those who make a person guilty by a word,\nset a trap for the one who argues a case at the gate,\nand with empty claims deny justice to the righteous.|Preserve corrupt judicial setting and word ambiguity.
29:22|Therefore the **LORD**, who redeemed Abraham, says to Jacob’s house:\n“Jacob will no longer be ashamed;\nhis face will no longer grow pale.|Keep Abraham redemption statement and collective Jacob.
29:23|When he sees his children, the work of my hands, in his midst,\nthey will honor my name as holy;\nthey will honor Jacob’s Holy One as holy\nand stand in awe of Israel’s God.|Preserve shifts between Jacob and children and holiness repetition.
29:24|Those whose spirits wander will gain understanding;\nthose who grumble will learn instruction.”|Retain two restored responses.
30:1|“Woe to rebellious children,” declares the **LORD**,\n“who carry out plans that are not mine,\nwho make an alliance without my Spirit,\nadding sin to sin.|Choose alliance sense for pouring/covering phrase and note ambiguity.
30:2|They go down to Egypt without asking my counsel,\nseeking refuge in Pharaoh’s protection,\nshelter in Egypt’s shade.|Keep unauthorized journey and paired protection images.
30:3|But Pharaoh’s protection will bring you shame,\nand shelter in Egypt’s shade, humiliation.|Repeat protection terms with reversal.
30:4|Though his officials are in Zoan\nand his messengers reach Hanes,|Keep his uncertain referent and two Egyptian places.
30:5|all are put to shame by a people who cannot benefit them,\nwho offer neither help nor advantage,\nonly shame and disgrace.”|Follow shame read-form and repeated failed benefit.
30:6|An oracle concerning the beasts of the Negeb:\nThrough a land of distress and hardship,\nof lioness and lion, viper and flying fiery serpent,\nthey carry wealth on donkeys’ shoulders,\ntreasures on camels’ humps,\nto a people who cannot benefit them.|Keep burden/oracle heading, all animals, and costly embassy.
30:7|Egypt’s help is breath and emptiness;\nso I call her “Rahab, sitting still.”|Retain breath, symbolic Rahab, and inactive boast.
30:8|Now go, write it on a tablet before them,\ninscribe it on a scroll,\nso it may remain for a coming day,\nforever and ever.|Retain dual writing media and future testimony without emendation.
30:9|For they are a rebellious people, lying children,\nchildren unwilling to hear the **LORD**’s instruction.|Keep children repetition and refusal to hear.
30:10|They say to those who see, “Do not see!”\nand to the seers, “Do not see straight for us!\nTell us smooth things;\nsee illusions.|Retain ironic commands addressed to seers.
30:11|Leave the way! Turn aside from the path!\nGet Israel’s Holy One out of our sight!”|Keep path pair and shocking dismissal.
30:12|So Israel’s Holy One says:\n“Because you reject this word\nand trust in oppression and crookedness,\nleaning on them,|Preserve rejected word and chosen dependencies.
30:13|this guilt will be like a widening breach\nbulging in a high wall,\nwhose collapse comes suddenly, in an instant.|Keep visible structural failure image.
30:14|It will shatter like a potter’s jar,\ncrushed without mercy,\nnot a shard among its fragments large enough\nto scoop fire from a hearth\nor dip water from a cistern.”|Preserve two mundane uses lost in total destruction.
30:15|For the Lord **GOD**, Israel’s Holy One, says:\n“In returning and rest you will be saved;\nin quietness and trust will be your strength.”\nBut you were unwilling.|Retain returning rather than silently specify conversion.
30:16|You said, “No! We will flee on horses!”\nTherefore you will flee.\n“We will ride swift mounts!”\nTherefore your pursuers will be swift.|Keep matching boast and consequence verbs.
30:17|A thousand will flee at one person’s threat;\nat the threat of five you will flee,\nuntil what remains of you is like a mast on a mountaintop,\nlike a signal on a hill.|Preserve thousand/one/five and isolated mast.
30:18|Yet the **LORD** waits to show you favor;\nhe rises to have compassion on you.\nFor the **LORD** is a God of justice.\nHappy are all who wait for him!|Keep reciprocal waiting and second divine name.
30:19|People in Zion, dwelling in Jerusalem, you will weep no more. He will surely show you favor at the sound of your cry; as soon as he hears, he will answer.|Make collective address readable; preserve immediate answer.
30:20|Though the Lord gives you bread of distress and water of oppression, your Teacher will no longer hide; your eyes will see your Teacher.|Choose singular teacher from contextual verb and note plural possibility.
30:21|Your ears will hear a word behind you: “This is the way; walk in it,” whenever you turn right or left.|Keep guidance from behind and both directions.
30:22|You will defile the silver plating of your carved idols and the gold covering of your cast images. You will scatter them like a menstrual cloth and say, “Away with you!”|Retain menstrual comparison rather than generic unclean thing.
30:23|He will give rain for the seed you sow in the soil, and the soil’s grain will be rich and plentiful. On that day your livestock will graze in spacious pasture.|Preserve soil repetition and abundant food for people/animals.
30:24|The oxen and donkeys that work the soil will eat seasoned fodder, winnowed with shovel and fork.|Retain quality fodder and both implements.
30:25|On every high mountain and lofty hill there will be streams of running water, on the day of great slaughter when the towers fall.|Keep slaughter alongside restored water.
30:26|The moon’s light will be like the sun’s, and the sun’s light seven times brighter, like the light of seven days, when the **LORD** binds his people’s fracture and heals the wound from his blow.|Preserve sevenfold light and injury attributed to divine blow.
30:27|Look! The name of the **LORD** comes from afar,\nhis anger burning, his burden heavy.\nHis lips are full of indignation,\nhis tongue like devouring fire.|Retain coming name and difficult burden expression.
30:28|His breath is like a flooding stream rising to the neck,\nsifting nations in a sieve of destruction;\na bridle that leads astray is on the peoples’ jaws.|Keep three judgment images and misleading bridle.
30:29|You will have a song as on a night when a festival is consecrated,\nand gladness of heart like those who go with a flute\nto the **LORD**’s mountain, to Israel’s Rock.|Preserve festival-night setting and divine Rock.
30:30|The **LORD** will make his majestic voice heard\nand show his arm descending,\nwith furious anger and devouring flame,\ncloudburst, storm, and hailstones.|Keep arm action and weather catalogue.
30:31|At the **LORD**’s voice Assyria will be shattered;\nhe will strike with the rod.|Keep divine strike and named target.
30:32|Every stroke of the appointed staff\nthat the **LORD** brings down upon him\nwill be accompanied by tambourines and lyres;\nwith swinging blows he will battle them.|Preserve him/them shift following read-form plural.
30:33|Topheth has long been prepared;\nit is made ready even for the king.\nIts fire pit is deep and wide,\nwith fire and wood in abundance.\nThe **LORD**’s breath, like a stream of sulfur, sets it ablaze.|Retain prepared burning place and sulfur breath.
31:1|Woe to those who go down to Egypt for help,\nleaning on horses,\ntrusting chariots because they are many\nand horsemen because they are very strong,\nbut not looking to Israel’s Holy One\nor seeking the **LORD**!|Keep military abundance contrasted with unasked divine help.
31:2|Yet he too is wise; he brings disaster\nand does not take back his words.\nHe will rise against the house of evildoers\nand against the helpers of those who do wrong.|Preserve ironic wisdom and culpable helpers.
31:3|The Egyptians are human, not God;\ntheir horses are flesh, not spirit.\nWhen the **LORD** stretches out his hand,\nthe helper will stumble and the helped will fall;\ntogether they will all perish.|Keep flesh/spirit contrast and both parties’ failure.
31:4|For the **LORD** said this to me:\n“As a lion, a young lion, growls over its prey,\nthough a whole band of shepherds is called against it,\nnot frightened by their voices\nnor subdued by their uproar,\nso the **LORD** of hosts will descend\nto fight on Mount Zion and its hill.|Retain lion resolve and open force of on/for/against Zion.
31:5|Like birds in flight,\nthe **LORD** of hosts will shield Jerusalem;\nshielding, he will deliver it;\npassing over, he will rescue it.”|Keep bird metaphor and passing-over verb.
31:6|Return to the one against whom you Israelites have rebelled so deeply.|Make addressed people explicit within return appeal.
31:7|On that day each of you will reject the silver idols and gold idols your own hands made for you as a sin.|Keep human manufacture and paired metals.
31:8|“Assyria will fall by a sword not of man;\na sword not of humanity will devour him.\nHe will flee before the sword,\nand his young men will become forced laborers.|Preserve nonhuman sword and enslavement aftermath.
31:9|His rock will pass away in terror;\nhis officials will panic at the signal,”\ndeclares the **LORD**, whose fire is in Zion,\nwhose furnace is in Jerusalem.|Keep uncertain rock metaphor and divine furnace.
32:1|Look! A king will reign in righteousness,\nand officials will govern with justice.|Keep righteous rule and distinct governing roles.
32:2|Each will be like a shelter from wind,\na refuge from a storm,\nlike streams in a dry place,\nlike a great rock’s shade in a weary land.|Retain four protective comparisons and distributive man.
32:3|The eyes of those who see will no longer be closed,\nand the ears of those who hear will pay attention.|Preserve sensory reversal of earlier hardening.
32:4|Impulsive minds will understand and know;\nstammering tongues will speak readily and clearly.|Keep haste transformed into ready speech.
32:5|A fool will no longer be called noble,\nnor a scoundrel be described as generous.|Retain social misnaming corrected.
32:6|For a fool speaks folly and plots wrongdoing in his heart:\npracticing godlessness, speaking error about the **LORD**,\nleaving the hungry empty\nand depriving the thirsty of drink.|Connect false speech with concrete hunger and thirst.
32:7|The scoundrel’s tools are evil.\nHe devises schemes to ruin the poor with lying words,\neven when the needy plead a just case.|Follow poor read-form and preserve judicial harm.
32:8|But the noble person devises noble things\nand stands by noble things.|Keep threefold noble repetition.
32:9|Rise, women at ease, and hear my voice!\nConfident daughters, listen to what I say!|Preserve specifically female audience.
32:10|In a year and some days you confident women will tremble,\nfor the grape harvest will fail\nand no fruit gathering will come.|Keep stated interval and two failed harvests.
32:11|Shudder, women at ease! Tremble, confident women!\nStrip yourselves bare\nand tie sackcloth around your waists.|Retain exposure and mourning garment supplied contextually.
32:12|Beat your breasts\nfor the pleasant fields, for the fruitful vine,|Follow breasts rather than emend fields in first phrase.
32:13|for my people’s soil, overgrown with thorns and briers,\nfor every joyful house in the jubilant city.|Keep land and urban joy losses together.
32:14|The palace is abandoned, the noisy city deserted.\nCitadel and watchtower become caves forever,\na delight for wild donkeys, pasture for flocks,|Preserve forever even before until-next-verse tension.
32:15|until a spirit is poured on us from on high.\nThen the wilderness becomes fruitful land,\nand fruitful land is regarded as forest.|Retain spirit/wind openness and landscape echo29:17.
32:16|Justice will dwell in the wilderness,\nand righteousness live in fruitful land.|Keep paired moral qualities inhabiting changed land.
32:17|The work of righteousness will be peace,\nits effect quietness and confidence forever.|Preserve righteousness causing peace and security.
32:18|My people will live in a home of peace,\nin secure dwellings and restful places free from fear.|Keep three habitation descriptions.
32:19|Though hail brings the forest down\nand the city is brought very low,|Retain difficult hail/city interruption as concessive.
32:20|happy are you who sow beside every water,\nletting ox and donkey roam free.|Keep sowing and unrestrained working animals.
33:1|Woe, destroyer who has not been destroyed,\nbetrayer whom no one has betrayed!\nWhen you finish destroying, you will be destroyed;\nwhen you end your betrayal, they will betray you.|Preserve mirrored actions and consequences.
33:2|**LORD**, show us favor; we wait for you.\nBe their arm each morning,\nour salvation in a time of distress.|Retain source their/our shift without harmonization.
33:3|At the sound of tumult peoples flee;\nwhen you rise, nations scatter.|Keep divine rising and scattered nations.
33:4|Your plunder is gathered as the locust gathers;\nas locusts rush, people rush upon it.|Retain collective scavenging comparison.
33:5|The **LORD** is exalted, for he dwells on high;\nhe fills Zion with justice and righteousness.|Repeat paired civic virtues.
33:6|He will be the stability of your times,\na wealth of salvation, wisdom, and knowledge.\nThe fear of the **LORD** is his treasure.|Preserve your/his shifts and treasury metaphor.
33:7|Look, their valiant ones cry outside;\nmessengers of peace weep bitterly.|Keep uncertain valiant-one term and failed envoys.
33:8|Highways lie desolate; travelers have stopped.\nHe has broken the covenant, despised cities,\nand has no regard for anyone.|Retain pinned cities rather than witnesses emendation.
33:9|The land mourns and droops;\nLebanon is ashamed and withers.\nSharon has become like the Arabah;\nBashan and Carmel shake off their leaves.|Preserve four named regions and desert comparison.
33:10|“Now I will rise,” says the **LORD**.\n“Now I will be exalted; now I will be lifted high.|Keep threefold now and elevation.
33:11|You conceive dry grass and give birth to stubble;\nyour breath is a fire that consumes you.|Retain failed pregnancy and self-consuming breath.
33:12|Peoples will be burned to lime,\nlike cut thorns set ablaze.|Keep lime-burning and cut-thorn comparisons.
33:13|You far away, hear what I have done!\nYou nearby, acknowledge my might!”|Preserve paired geographic audiences.
33:14|Sinners in Zion are afraid;\ntrembling grips the godless:\n“Who among us can live with devouring fire?\nWho among us can live with everlasting burning?”|Keep fearful questions and fire as divine presence context.
33:15|The one who walks righteously and speaks uprightly,\nrejects profit from oppression,\nshakes off a bribe from his hands,\nstops his ears against talk of bloodshed,\nand closes his eyes against evil—|Preserve six ethical actions and embodied refusals.
33:16|that person will dwell on high;\nrocky strongholds will be his refuge.\nHis bread will be supplied; his water will be secure.|Keep bread/water sufficiency and rocky height.
33:17|Your eyes will see a king in his beauty;\nthey will see a land stretching far away.|Retain unnamed king and expansive land.
33:18|Your heart will recall the terror:\n“Where is the one who counted? Where is the one who weighed?\nWhere is the one who counted the towers?”|Preserve officials’ unnamed functions and three questions.
33:19|You will no longer see the insolent people,\nthe people whose speech is too obscure to understand,\nwhose stammering tongue makes no sense.|Keep intimidating unintelligible language.
33:20|Look at Zion, city of our appointed festivals!\nYour eyes will see Jerusalem, a peaceful home,\na tent that will not be moved,\nwhose stakes will never be pulled up,\nwhose ropes will never be snapped.|Keep secure tent metaphor and festival identity.
33:21|There the majestic **LORD** will be for us\na place of rivers, broad waterways,\nwhere no rowing ship goes\nand no mighty vessel passes.|Preserve protective waterways without military ships.
33:22|For the **LORD** is our judge,\nthe **LORD** our lawgiver,\nthe **LORD** our king;\nhe will save us.|Retain three full divine names and roles.
33:23|Your ropes hang loose;\nthey do not hold the mast firm or spread the sail.\nThen abundant plunder will be divided;\neven the lame will take the spoil.|Preserve abrupt ship address and weak sharing plunder.
33:24|No inhabitant will say, “I am sick.”\nThe people living there will have their guilt forgiven.|Keep sickness and forgiveness linked but not explained causally.
34:1|Come near, nations, and hear; peoples, pay attention!\nLet the earth and all that fills it listen,\nthe world and all that springs from it.|Retain widening summons to creation.
34:2|The **LORD** is angry with all nations,\nfurious with all their armies.\nHe has devoted them to destruction,\nhanded them over for slaughter.|Preserve herem destruction and military scope.
34:3|Their slain will be thrown out;\nthe stench of their corpses will rise,\nand mountains will melt with their blood.|Keep graphic bodily aftermath and hyperbolic landscape.
34:4|All heaven’s host will decay,\nand the heavens roll up like a scroll.\nAll their host will wither,\nlike a leaf withering on a vine,\nlike one withering on a fig tree.|Retain cosmic host and scroll plus leaf comparisons.
34:5|“My sword has drunk its fill in heaven.\nLook! It descends on Edom,\non the people I have devoted to destruction, for judgment.”|Preserve first-person divine sword and Edom target.
34:6|The **LORD** has a sword filled with blood,\nsmeared with fat—\nthe blood of lambs and goats, the fat of rams’ kidneys.\nFor the **LORD** has a sacrifice in Bozrah,\na great slaughter in Edom’s land.|Keep sacrificial anatomy and two divine names.
34:7|Wild oxen will fall with them,\nyoung bulls with mighty bulls.\nTheir land will drink its fill of blood,\nand their dust be enriched with fat.|Retain larger animals and gruesome fertility metaphor.
34:8|For the **LORD** has a day of vengeance,\na year of repayment for Zion’s cause.|Keep day/year and judicial cause.
34:9|Edom’s streams will turn to pitch,\nits dust to sulfur;\nits land will become burning pitch.|Clarify land referent while retaining burning substances.
34:10|Night and day it will not go out;\nits smoke will rise forever.\nFrom generation to generation it will lie waste;\nno one will pass through it forever and ever.|Preserve repeated unending desolation.
34:11|Pelican and hedgehog will possess it;\nowl and raven will live there.\nHe will stretch over it the measuring line of emptiness\nand the plumb stones of waste.|Keep uncertain fauna and tohu/bohu creation reversal.
34:12|Its nobles—there is no one there to proclaim king;\nall its officials will be nothing.|Render compressed kingship collapse and retain uncertainty in note.
34:13|Thorns will rise in its palaces,\nnettles and brambles in its strongholds.\nIt will become a home for jackals,\nan enclosure for ostriches.|Preserve abandoned power centers and returning fauna.
34:14|Desert creatures will meet hyenas;\na goat-demon will call to its fellow.\nThere Lilith will settle\nand find herself a resting place.|Retain named night being rather than silently zoologize.
34:15|There an owl will nest and lay eggs,\nhatch them and gather her young in her shade.\nThere the kites will gather,\neach with its mate.|Keep nesting sequence and uncertain owl identification.
34:16|Seek in the **LORD**’s scroll and read:\nnot one of these will be missing;\nnone will lack its mate.\nFor my mouth has commanded it,\nand his spirit has gathered them.|Retain pinned my/his shift and paired animals.
34:17|He has cast the lot for them;\nhis hand has divided it for them with a measuring line.\nThey will possess it forever,\nlive there from generation to generation.|Keep land-allotment language for animals.
35:1|The wilderness and dry land will rejoice;\nthe desert plain will celebrate and bloom like a meadow flower.|Keep personified landscape and uncertain flower identification.
35:2|It will bloom abundantly,\ncelebrate with joy and singing.\nLebanon’s glory will be given to it,\nCarmel’s and Sharon’s splendor.\nThey will see the **LORD**’s glory, our God’s splendor.|Repeat glory/splendor and restore three named landscapes.
35:3|Strengthen slack hands;\nmake trembling knees firm.|Retain bodily encouragement.
35:4|Tell those with anxious hearts,\n“Be strong! Do not fear!\nLook, your God will come with vengeance,\nwith God’s repayment.\nHe himself will come and save you.”|Keep vengeance as part of rescue announcement.
35:5|Then blind eyes will open,\nand deaf ears will be unstopped.|Preserve physical restoration without allegorizing.
35:6|Then the lame will leap like a deer,\nand the mute tongue will sing for joy.\nFor waters will burst out in the wilderness,\nstreams in the desert plain.|Connect bodily and ecological renewal through for.
35:7|The mirage will become a pool,\nthirsty ground springs of water.\nIn the jackals’ former resting place,\ngrass will become reeds and papyrus.|Retain water replacing deceptive heat and changed habitat.
35:8|A highway, a road, will be there,\ncalled the Holy Way.\nNo unclean person will travel it;\nit will be for those who walk that way.\nEven fools will not go astray.|Preserve difficult travelers/fools relation and note alternative.
35:9|No lion will be there;\nno ravenous beast will climb onto it\nor be found there.\nThe redeemed will walk there.|Keep protected route and redemption term.
35:10|Those ransomed by the **LORD** will return\nand come to Zion with singing,\neverlasting joy upon their heads.\nGladness and joy will overtake them;\nsorrow and sighing will flee.|Retain joy pursuit and sorrow flight for later refrain51:11.
36:1|In the fourteenth year of King Hezekiah, Sennacherib king of Assyria attacked all Judah’s fortified cities and captured them.|Keep regnal year and comprehensive fortified-city claim.
36:2|The king of Assyria sent the Rabshakeh from Lachish to King Hezekiah in Jerusalem with a large army. He took his stand at the upper pool’s conduit, on the road to the Washer’s Field.|Retain official title and precise confrontation site.
36:3|Eliakim son of Hilkiah, who managed the palace, Shebna the secretary, and Joah son of Asaph, the recorder, went out to him.|Keep three names, fathers, and distinct offices.
36:4|The Rabshakeh said to them, “Tell Hezekiah: ‘The great king, the king of Assyria, asks: What is this confidence you rely on?|Preserve imperial self-title and trust challenge.
36:5|I say your counsel and strength for war are only words. On whom are you relying, that you have rebelled against me?|Retain pinned I-say rather than harmonize with Kings.
36:6|Look, you rely on Egypt, that splintered reed of a staff! Anyone who leans on it will have it pierce his hand. That is what Pharaoh king of Egypt is to all who rely on him.|Preserve broken support physically injuring its user.
36:7|If you tell me, “We rely on the **LORD** our God,” is he not the one whose high places and altars Hezekiah removed, telling Judah and Jerusalem, “You must worship before this altar”?|Keep envoy’s argument without narrator correction.
36:8|Come, make a wager with my master, the king of Assyria. I will give you two thousand horses—if you can find riders for them!|Retain exact number and taunting condition.
36:9|How could you repel even one governor among my master’s least important servants, when you rely on Egypt for chariots and horsemen?|Keep military comparison and repeated Egypt reliance.
36:10|And have I come against this land to destroy it without the **LORD**? The **LORD** told me, “Attack this land and destroy it.”’”|Preserve enemy’s claimed divine commission and two names.
36:11|Eliakim, Shebna, and Joah said to the Rabshakeh, “Please speak to your servants in Aramaic; we understand it. Do not speak to us in Judean within hearing of the people on the wall.”|Retain distinction between diplomatic and local languages.
36:12|But the Rabshakeh said, “Did my master send me to speak these words only to your master and to you? Was it not also to the men sitting on the wall, who will eat their own dung and drink their own urine along with you?”|Keep explicit siege threat and original/read euphemism meaning.
36:13|Then the Rabshakeh stood and called loudly in Judean: “Hear the words of the great king, the king of Assyria!|Keep deliberate public-language escalation.
36:14|The king says: ‘Do not let Hezekiah deceive you. He cannot rescue you.|Retain quoted imperial warning.
36:15|Do not let Hezekiah persuade you to rely on the **LORD** by saying, “The **LORD** will certainly rescue us; this city will not be handed over to the king of Assyria.”|Preserve repeated divine name within disputed promise.
36:16|Do not listen to Hezekiah. The king of Assyria says: Make peace with me and come out to me. Then each of you may eat from his own vine and fig tree and drink from his own cistern,|Render blessing idiom as peace while keeping domestic promises.
36:17|until I come and take you to a land like your own—a land of grain and new wine, a land of bread and vineyards.|Keep deportation inside benevolent imperial description.
36:18|Do not let Hezekiah mislead you by saying, “The **LORD** will rescue us.” Has any nation’s god rescued its land from the king of Assyria?|Retain direct challenge about rival gods.
36:19|Where are the gods of Hamath and Arpad? Where are the gods of Sepharvaim? Did they rescue Samaria from my hand?|Keep all four places and unanswered questions.
36:20|Which god of all these lands has rescued its land from my hand? How, then, can the **LORD** rescue Jerusalem from my hand?’”|Repeat my-hand claim and final divine challenge.
36:21|They stayed silent and did not answer him a word, for the king had ordered, “Do not answer him.”|Preserve disciplined silence and explicit order.
36:22|Eliakim son of Hilkiah, the palace manager, Shebna the secretary, and Joah son of Asaph, the recorder, came to Hezekiah with their clothes torn and reported the Rabshakeh’s words.|Repeat names and offices and show mourning response.
37:1|When King Hezekiah heard this, he tore his clothes, covered himself with sackcloth, and went into the **LORD**’s house.|Retain three responses and divine house.
37:2|He sent Eliakim the palace manager, Shebna the secretary, and the senior priests, all covered with sackcloth, to the prophet Isaiah son of Amoz.|Keep delegation composition and mourning attire.
37:3|They said to him, “Hezekiah says: ‘This is a day of distress, rebuke, and disgrace. The children have reached the birth opening, but there is no strength to deliver them.|Keep dangerous childbirth metaphor rather than general crisis.
37:4|Perhaps the **LORD** your God will hear the Rabshakeh’s words, sent by his master the king of Assyria to insult the living God, and will rebuke the words the **LORD** your God has heard. So lift up a prayer for the remnant still here.’”|Preserve perhaps, twice your God, and remnant appeal.
37:5|When King Hezekiah’s servants came to Isaiah,|Retain narrative resumption without collapsing repetition.
37:6|Isaiah told them, “Say to your master: ‘The **LORD** says: Do not fear the words you have heard, with which the king of Assyria’s attendants have blasphemed me.|Keep message nesting and attendants’ offense.
37:7|Look, I will put a spirit in him. He will hear a report and return to his own land, and there I will make him fall by the sword.’”|Retain spirit ambiguity and three-stage return/death prediction.
37:8|The Rabshakeh returned and found the king of Assyria fighting against Libnah, for he had heard that the king had left Lachish.|Keep report explaining envoy’s new destination.
37:9|The king heard this report about Tirhakah king of Cush: “He has marched out to fight you.” When he heard it, he sent messengers to Hezekiah, saying,|Preserve repeated hearing and Cush designation.
37:10|“Tell Hezekiah king of Judah: ‘Do not let the God you rely on deceive you by saying, “Jerusalem will not be handed over to the king of Assyria.”|Keep intensified charge against God.
37:11|You have heard what Assyria’s kings have done to all the lands, devoting them to destruction. Will you be rescued?|Retain destruction terminology and taunt.
37:12|Did their gods rescue the nations my ancestors destroyed—Gozan, Haran, Rezeph, and the people of Eden in Telassar?|Keep four peoples/places and ancestral claim.
37:13|Where are the king of Hamath, the king of Arpad, and the king of the city of Sepharvaim, Hena, and Ivvah?’”|Retain full city catalogue and repeated kings.
37:14|Hezekiah took the written message from the messengers and read it. He went up to the **LORD**’s house and spread it before the **LORD**.|Render plural letters with singular pronouns as collective message.
37:15|Hezekiah prayed to the **LORD**:|Retain attribution before prayer.
37:16|“**LORD** of hosts, Israel’s God, enthroned above the cherubim, you alone are God over all earth’s kingdoms. You made heaven and earth.|Preserve cherubim setting and universal creative claim.
37:17|Incline your ear, **LORD**, and hear; open your eyes, **LORD**, and see. Hear all the words Sennacherib has sent to insult the living God.|Keep two divine names and paired hearing/seeing appeal.
37:18|It is true, **LORD**: Assyria’s kings have laid waste all the countries and their lands.|Retain redundant countries/lands in pinned text, not nations emendation.
37:19|They threw their gods into the fire, for those were not gods, only work of human hands—wood and stone. So they destroyed them.|Preserve material grounds for destruction.
37:20|Now, **LORD** our God, save us from his hand, so all earth’s kingdoms may know that you alone are the **LORD**.”|Keep salvation’s public purpose and both names.
37:21|Then Isaiah son of Amoz sent this message to Hezekiah: “The **LORD**, Israel’s God, says: ‘Because you have prayed to me about Sennacherib king of Assyria—|Keep suspended introduction without adding heard from Kings.
37:22|this is the word the **LORD** has spoken against him:\n“Virgin Daughter Zion despises you, mocks you;\nDaughter Jerusalem shakes her head behind you.|Preserve personified virgin city and derision.
37:23|Whom have you insulted and blasphemed?\nAgainst whom have you raised your voice\nand lifted your eyes on high?\nAgainst Israel’s Holy One!|Retain rhetorical questions and identified target.
37:24|Through your servants you have insulted the Lord.\nYou said, ‘With my many chariots\nI climbed the highest mountains, Lebanon’s farthest reaches.\nI cut down its tallest cedars, its choicest cypresses;\nI reached its remotest heights, its luxuriant forest.|Keep boast’s sequence and Lebanon imagery.
37:25|I dug and drank water;\nwith the soles of my feet\nI dried up all Egypt’s streams.’|Retain hyperbolic water mastery without importing foreign waters.
37:26|Have you not heard?\nLong ago I did it; in ancient days I formed it.\nNow I have brought it about:\nyou turn fortified cities into ruined heaps.|Preserve divine prior planning versus king’s boast.
37:27|Their inhabitants, powerless, were terrified and ashamed,\nlike plants in a field, tender grass,\ngrass on rooftops, a field before it stands ripe.|Keep difficult field text rather than silently scorched grain.
37:28|I know when you sit, when you go out and come in,\nand how you rage against me.|Retain ordinary movements and rebellion under divine knowledge.
37:29|Because your rage against me\nand your arrogance have reached my ears,\nI will put my hook in your nose and my bit in your lips,\nand turn you back by the way you came.”|Preserve bodily coercion and reversed journey.
37:30|“This will be your sign: This year eat what grows by itself, and in the second year what springs from that. In the third year sow and reap, plant vineyards and eat their fruit.|Retain three agricultural years and imperative read-form.
37:31|The surviving remnant of Judah’s house\nwill again take root below and bear fruit above.|Keep below/above renewal image.
37:32|For a remnant will come out of Jerusalem,\nsurvivors from Mount Zion.\nThe zeal of the **LORD** of hosts will do this.”|Preserve parallel remnant locations and divine zeal.
37:33|Therefore the **LORD** says about the king of Assyria:\n“He will not enter this city,\nshoot an arrow there,\napproach it with a shield,\nor heap up a siege ramp against it.|Keep four denied siege actions.
37:34|By the way he came he will return;\nhe will not enter this city,” declares the **LORD**.|Repeat denied entry and return route.
37:35|“I will shield this city and save it,\nfor my own sake and for the sake of my servant David.”’”|Keep two stated reasons for protection.
37:36|The **LORD**’s angel went out and struck down 185,000 in the Assyrian camp. When people rose early in the morning, there lay all the dead bodies.|Preserve exact number and observer perspective without implied resurrection.
37:37|Sennacherib king of Assyria broke camp, left, and returned to Nineveh, where he stayed.|Retain multiple departure verbs and destination.
37:38|As he worshiped in the house of his god Nisroch, his sons Adrammelech and Sharezer struck him down with the sword. They escaped to Ararat, and his son Esarhaddon became king in his place.|Preserve all names, patricide, escape, and succession.
38:1|In those days Hezekiah became mortally ill. The prophet Isaiah son of Amoz came and told him, “The **LORD** says: Put your household in order, for you will die; you will not recover.”|Retain stark prediction without adding conditionality.
38:2|Hezekiah turned his face to the wall and prayed to the **LORD**.|Keep bodily gesture and prayer.
38:3|“Please, **LORD**,” he said, “remember how I have walked before you faithfully, with a whole heart, and done what is good in your sight.” Hezekiah wept bitterly.|Preserve personal appeal and intense tears.
38:4|Then the **LORD**’s word came to Isaiah:|Retain new prophetic speech introduction.
38:5|“Go and tell Hezekiah: The **LORD**, the God of your ancestor David, says: I have heard your prayer and seen your tears. Look, I am adding fifteen years to your life.|Keep heard/seen pairing and exact extension.
38:6|I will rescue you and this city from the king of Assyria’s hand, and I will shield this city.|Retain king/city rescue and repeated city.
38:7|This will be your sign from the **LORD** that the **LORD** will do what he has spoken:|Preserve two full divine names and sign function.
38:8|I will make the shadow cast by the sun on Ahaz’s steps go back ten steps.” And the sun went back ten steps on the steps it had descended.|Retain steps rather than assume dial; preserve sun/shadow shift.
38:9|A writing of Hezekiah king of Judah, after his illness and recovery:|Keep literary heading inside verse.
38:10|I said, “In the midst of my days\nI must go through Sheol’s gates;\nI am deprived of my remaining years.”|Retain disputed midst expression and lost years.
38:11|I said, “I will no longer see **YAH**,\n**YAH** in the land of the living.\nI will no longer look on human beings\namong those who inhabit this passing world.|Keep doubled YAH and difficult inhabitants-of-cessation phrase.
38:12|My dwelling is pulled up and carried away from me\nlike a shepherd’s tent.\nLike a weaver I have rolled up my life;\nhe cuts me from the loom.\nFrom day to night you bring me to an end.|Preserve tent/weaving images and I/he/you shifts.
38:13|I waited until morning;\nlike a lion he breaks all my bones.\nFrom day to night you bring me to an end.|Follow waited reading with note; repeat exact refrain.
38:14|Like a swallow or crane I chirp;\nI moan like a dove.\nMy eyes grow weak from looking upward.\nLord, I am oppressed; stand surety for me!”|Retain birds and legal guarantor appeal.
38:15|What can I say? He has spoken to me, and he has done it.\nI will walk humbly all my years\nbecause of the bitterness of my soul.|Keep difficult reflective response and humbled walking.
38:16|Lord, by these things people live;\nin all these is the life of my spirit.\nRestore me and let me live.|Retain unspecified these and restoration petition.
38:17|Look, bitter bitterness became my well-being.\nIn love you kept my life from the pit of destruction,\nfor you have thrown all my sins behind your back.|Preserve repeated bitterness and bodily forgiveness image.
38:18|Sheol cannot thank you,\ndeath cannot praise you;\nthose going down to the pit cannot hope for your faithfulness.|Retain stark death claims without doctrinal harmonization.
38:19|The living, the living thank you, as I do today;\na father makes your faithfulness known to his children.|Preserve doubled living and specific paternal transmission.
38:20|The **LORD** will save me!\nWe will play my songs on strings\nall the days of our lives in the **LORD**’s house.|Keep my/we shift and both divine names.
38:21|Isaiah had said, “Bring a cake of figs and spread it on the boil, so he may recover.”|Retain retrospective practical treatment after song.
38:22|And Hezekiah had asked, “What is the sign that I will go up to the **LORD**’s house?”|Preserve retrospective question in original chapter position.
39:1|At that time Merodach-baladan son of Baladan, king of Babylon, sent letters and a gift to Hezekiah, having heard that he had been ill and had recovered.|Keep name, father, gift, and occasion.
39:2|Hezekiah welcomed them gladly and showed them his treasury—the silver, gold, spices, fine oil, his whole armory, and everything in his storehouses. There was nothing in his palace or in his entire domain that Hezekiah did not show them.|Follow his treasury read-form and full display inventory.
39:3|The prophet Isaiah came to King Hezekiah and asked, “What did these men say, and where did they come from?” Hezekiah answered, “They came to me from a distant land, from Babylon.”|Keep unanswered first question and explicit Babylon answer.
39:4|Isaiah asked, “What did they see in your palace?” Hezekiah said, “They saw everything in my palace. There is nothing in my storehouses I did not show them.”|Repeat comprehensive display without editorial judgment.
39:5|Then Isaiah said to Hezekiah, “Hear the word of the **LORD** of hosts:|Retain prophetic authority and addressee.
39:6|‘Days are coming when everything in your palace, everything your ancestors have stored up until today, will be carried to Babylon. Nothing will remain,’ says the **LORD**.|Keep all/nothing totality and deportation destination.
39:7|‘Some of your own sons, born to you, will be taken away and become eunuchs in the king of Babylon’s palace.’”|Retain kinship and bodily/status ambiguity of eunuchs.
39:8|Hezekiah said to Isaiah, “The **LORD**’s word you have spoken is good.” For he said, “There will be peace and stability in my days.”|Keep limited temporal relief without supplying moral verdict.
40:1|“Comfort, comfort my people,” says your God.|Preserve doubled command and collective belonging.
40:2|“Speak to Jerusalem’s heart and call to her:\nher hard service is complete, her guilt has been accepted as paid;\nshe has received from the **LORD**’s hand\ndouble for all her sins.”|Keep difficult double recompense and military-service image.
40:3|A voice calls:\n“In the wilderness clear a way for the **LORD**;\nmake a straight highway through the desert for our God.|Locate road preparation in wilderness while noting alternative punctuation.
40:4|Every valley will be raised, every mountain and hill brought low;\nuneven ground will become level,\nand ridges a plain.|Retain comprehensive landscape preparation.
40:5|The **LORD**’s glory will be revealed,\nand all flesh will see it together,\nfor the **LORD**’s mouth has spoken.”|Keep all flesh and both divine names.
40:6|A voice says, “Call out!”\nAnd he says, “What shall I call?”\n“All flesh is grass,\nand all its faithfulness like a field’s flower.|Follow pinned third-person reply and retain hesed ambiguity.
40:7|Grass dries up, a flower withers,\nwhen the **LORD**’s breath blows on it.\nSurely the people are grass.|Keep divine breath and explicit human comparison.
40:8|Grass dries up, a flower withers,\nbut our God’s word stands forever.”|Repeat exact withering phrase and lasting word.
40:9|Climb a high mountain, Zion, bearer of good news!\nRaise your voice with strength, Jerusalem, bearer of good news!\nRaise it; do not fear.\nSay to Judah’s cities, “Look, your God!”|Choose feminine city as herald with alternative noted.
40:10|Look, the Lord **GOD** comes with might;\nhis arm rules for him.\nLook, his reward is with him, his recompense before him.|Retain repeated look and royal reward language.
40:11|Like a shepherd he tends his flock;\nwith his arm he gathers the lambs\nand carries them against his chest.\nHe gently leads those nursing their young.|Keep shepherd arm echo and nursing animals specifically.
40:12|Who has measured the waters in his palm,\nmarked off the heavens with a handspan,\nheld earth’s dust in a measure,\nweighed mountains on a balance and hills on scales?|Preserve ancient measuring tools and cosmic rhetorical question.
40:13|Who has measured the **LORD**’s spirit,\nor instructed him as his counselor?|Keep repeated measure verb and spirit rather than import Greek mind.
40:14|Whom did he consult for understanding?\nWho taught him the path of justice,\ntaught him knowledge, or showed him the way of understanding?|Preserve teaching repetition and unanswered questions.
40:15|Look, nations are like a drop from a bucket,\nregarded as dust on scales.\nLook, he lifts islands like fine dust.|Keep repeated look and insignificant weights.
40:16|Lebanon does not have enough wood for the fire,\nnor enough animals for a burnt offering.|Preserve inadequate forest and animal offering.
40:17|All nations are as nothing before him;\nhe regards them as less than nothing and emptiness.|Retain stark national comparison without softening.
40:18|To whom, then, will you compare God?\nWhat likeness can you set beside him?|Keep two comparison questions.
40:19|An idol? A craftsman casts it,\na goldsmith plates it with gold\nand fashions silver chains.|Retain material production of supposed deity.
40:20|Someone too poor for such an offering chooses wood that will not rot;\nhe seeks a skilled craftsman\nto set up an idol that will not wobble.|Choose poor-offering reading and note uncertain term.
40:21|Do you not know? Have you not heard?\nWere you not told from the beginning?\nHave you not understood earth’s foundations?|Preserve four rebuking questions.
40:22|He sits above earth’s circle,\nand its inhabitants are like grasshoppers.\nHe stretches the heavens like a thin curtain,\nspreads them like a tent to live in.|Keep circle and tent as ancient imagery, not modern cosmology.
40:23|He reduces rulers to nothing,\nmakes earth’s judges emptiness.|Retain parallel political demotion.
40:24|Scarcely planted, scarcely sown,\nscarcely has their stem rooted in the earth,\nwhen he blows on them and they wither,\nand a tempest carries them off like stubble.|Preserve three scarcely clauses and sudden removal.
40:25|“To whom will you compare me,\nthat I should be his equal?” says the Holy One.|Keep direct divine challenge without naming comparison.
40:26|Lift your eyes on high and see: who created these?\nHe brings their host out by number and calls each by name.\nBecause of his great vigor and mighty strength,\nnot one is missing.|Retain counted celestial host and individual naming.
40:27|Why do you say, Jacob, and declare, Israel,\n“My way is hidden from the **LORD**;\nmy claim escapes my God’s notice”?|Keep paired people-names and judicial claim.
40:28|Do you not know? Have you not heard?\nThe **LORD** is the everlasting God,\nCreator of earth’s farthest reaches.\nHe does not grow weary or tired;\nhis understanding cannot be searched out.|Preserve repeated questions and unlimited divine endurance.
40:29|He gives strength to the weary,\nand increases the power of those who have none.|Keep strength supplied to powerless rather than capable.
40:30|Even youths grow weary and tired;\nyoung men stumble and fall.|Retain specifically young male strength failing.
40:31|But those who wait for the **LORD** will renew their strength.\nThey will rise on wings like eagles,\nrun and not grow tired,\nwalk and not grow weary.|Keep waiting and three movement/endurance clauses.
41:1|“Islands, be silent before me!\nLet peoples renew their strength.\nLet them approach, then speak;\nlet us come together for judgment.|Keep courtroom summons and strength echo40:31.
41:2|Who stirred up one from the east,\nwhom righteousness summons to its feet?\nHe hands nations over to him and brings kings low;\nhe makes them dust before his sword,\ndriven stubble before his bow.|Preserve unnamed conqueror and difficult righteousness subject.
41:3|He pursues them and passes safely on,\nby a path his feet have never traveled.|Retain novel route and safety.
41:4|Who has worked and done this,\ncalling generations from the beginning?\nI, the **LORD**, am first,\nand with the last I am he.”|Keep first/last and emphatic self-identification.
41:5|The islands see and fear; earth’s ends tremble.\nThey draw near and come.|Preserve global fearful response.
41:6|Each helps his neighbor,\nsaying to his brother, “Be strong!”|Keep mutual encouragement in idol-making context.
41:7|The craftsman encourages the goldsmith,\nthe one who smooths with a hammer the one who strikes the anvil.\nHe says of the soldering, “It is good,”\nand secures the idol with nails so it will not wobble.|Retain coordinated workmanship and comic unstable idol.
41:8|“But you, Israel, my servant,\nJacob, whom I chose,\noffspring of Abraham who loved me—|Keep named servant and active loving participle.
41:9|I took hold of you from earth’s ends,\ncalled you from its farthest corners.\nI said, ‘You are my servant;\nI have chosen you and have not rejected you.’|Repeat servant/choice and explicit nonrejection.
41:10|Do not fear, for I am with you.\nDo not look around in dismay, for I am your God.\nI strengthen you; I help you;\nI uphold you with my righteous right hand.|Keep three divine support verbs and right-hand image.
41:11|Look, all who rage against you will be ashamed and disgraced.\nThose who contend with you will become nothing and perish.|Preserve hostile rage and reduced-to-nothing fate.
41:12|You will look for your opponents and not find them.\nThose who fight you will become nothing, nothing at all.|Keep search without finding and intensified nothing.
41:13|For I, the **LORD** your God, hold your right hand\nand tell you, ‘Do not fear; I help you.’|Retain divine grasp of people’s right hand and repeated assurance.
41:14|Do not fear, worm Jacob, people of Israel.\nI help you,” declares the **LORD**;\nyour Redeemer is Israel’s Holy One.|Keep humiliating worm metaphor and redeemer identity.
41:15|“Look, I make you a new threshing sledge, sharp and double-edged.\nYou will thresh mountains and crush them,\nmake hills like chaff.|Preserve violent transformation from worm to agricultural tool.
41:16|You will winnow them; wind will carry them off,\nand a tempest scatter them.\nBut you will rejoice in the **LORD**,\nand glory in Israel’s Holy One.|Retain dispersal and contrasted celebration.
41:17|The poor and needy seek water, but there is none;\ntheir tongues are parched with thirst.\nI, the **LORD**, will answer them;\nI, Israel’s God, will not abandon them.|Keep material need and two assurances.
41:18|I will open rivers on bare heights, springs within valleys.\nI will make the wilderness a pool of water,\ndry land sources of water.|Retain four water/land reversals.
41:19|I will put cedar, acacia, myrtle, and oil tree in the wilderness;\nin the desert I will set cypress, plane, and pine together,|Keep seven trees while noting uncertain species identifications.
41:20|so they may see and know, consider and understand together\nthat the **LORD**’s hand has done this,\nthat Israel’s Holy One has created it.|Preserve four cognitive responses and creative agency.
41:21|Present your case,” says the **LORD**.\n“Bring forward your strongest arguments,” says Jacob’s King.|Keep courtroom language and distinct title.
41:22|Let them come forward and tell us what will happen.\nTell us what the former things were,\nso we may consider and know their outcome;\nor announce to us what is coming.|Preserve former/future evidentiary challenge.
41:23|Tell us what will happen afterward,\nso we may know you are gods.\nDo good or do harm,\nso we may be dismayed and see it together!|Follow see read-form and retain provocative good/harm challenge.
41:24|Look, you are less than nothing,\nand your work is worthless.\nWhoever chooses you is an abomination.|Render rare work-description cautiously and retain severe verdict.
41:25|“I stirred up one from the north, and he came;\nfrom the rising sun he calls on my name.\nHe comes upon rulers like clay,\nlike a potter trampling mud.|Keep north/east descriptions and unnamed agent.
41:26|Who announced it from the beginning so we could know,\nin advance so we could say, ‘He is right’?\nNo one announced it, no one made it heard;\nno one heard your words.|Retain triple absence of predictive witness.
41:27|I was first to tell Zion, ‘Look, here they are!’\nI give Jerusalem a bearer of good news.|Make compressed first-person claim readable with supplied tell.
41:28|I look, but there is no one;\namong these there is no counselor\nwho can answer a word when I ask.|Retain failed consultation and absent answer.
41:29|Look, all of them are emptiness;\ntheir deeds are nothing,\ntheir cast images wind and waste.|Keep threefold worthlessness and wind image.
42:1|“Here is my servant, whom I uphold,\nmy chosen one, in whom I delight.\nI have put my Spirit upon him;\nhe will bring justice to the nations.|Preserve unnamed servant, divine delight, and nations’ justice.
42:2|He will not shout or raise his voice,\nor make it heard in the street.|Keep triple refusal of loud public force.
42:3|A bruised reed he will not break;\na dimly burning wick he will not put out.\nHe will faithfully bring justice.|Retain fragile objects and faithful justice.
42:4|He will not burn dim or be crushed\nuntil he establishes justice on earth;\nthe islands wait for his instruction.”|Preserve wordplay linking servant’s endurance to reed/wick.
42:5|Thus says God, the **LORD**,\nwho created the heavens and stretched them out,\nspread the earth and all that springs from it,\ngives breath to its people\nand spirit to those who walk upon it:|Keep breath/spirit parallel and universal creation.
42:6|“I, the **LORD**, called you in righteousness;\nI will take your hand and guard you.\nI will give you as a covenant for the people,\na light for the nations,|Preserve servant as covenant, not merely covenant messenger.
42:7|to open blind eyes,\nto bring prisoners out of confinement,\nthose dwelling in darkness out of prison.|Retain concrete sight and release images.
42:8|I am the **LORD**; that is my name.\nI will not give my glory to another\nor my praise to carved images.|Keep divine name claim and exclusive glory.
42:9|Look, the former things have come to pass;\nnow I announce new things.\nBefore they sprout, I make them known to you.”|Retain organic sprouting metaphor for announced events.
42:10|Sing the **LORD** a new song,\nhis praise from earth’s ends—\nyou who go down to the sea, and all that fills it,\nislands and those who inhabit them!|Keep seafarers, sea contents, islands as praise audience.
42:11|Let wilderness and its towns lift their voices,\nthe settlements where Kedar lives.\nLet Sela’s inhabitants sing for joy,\nshout from the mountaintops.|Preserve named desert communities and heights.
42:12|Let them give glory to the **LORD**\nand proclaim his praise in the islands.|Keep islands refrain and glory.
42:13|The **LORD** goes out like a warrior;\nlike a man of battle he stirs his zeal.\nHe cries out, raises a battle shout,\nshows his might against his enemies.|Retain male warrior simile before female labor simile.
42:14|“For a long time I have kept silent,\nkept still and restrained myself.\nNow I cry out like a woman in labor;\nI gasp and pant together.|Preserve divine maternal bodily metaphor without qualification.
42:15|I will lay mountains and hills waste\nand dry up all their vegetation.\nI will turn rivers into islands\nand dry up pools.|Keep destructive landscape counterpart to restoration.
42:16|I will lead the blind by a way they do not know,\nguide them on paths they do not know.\nI will turn darkness before them into light,\nand rough places into level ground.\nThese things I will do; I will not abandon them.|Repeat unknown paths and resolve final them as people with note.
42:17|Those who trust in carved images,\nwho tell cast idols, ‘You are our gods,’\nwill be turned back, deeply ashamed.|Retain misplaced trust and emphatic shame.
42:18|Listen, you deaf!\nLook and see, you blind!|Preserve paradoxical commands.
42:19|Who is blind but my servant,\nas deaf as the messenger I send?\nWho is blind like the one committed to me,\nblind like the **LORD**’s servant?|Keep difficult meshullam epithet and servant indictment.
42:20|Seeing many things, you pay no attention;\nwith ears open, he does not hear.|Follow infinitive read-form and preserve second/third-person shift.
42:21|The **LORD** desired, for his righteousness’ sake,\nto magnify instruction and make it glorious.|Retain divine purpose and Torah’s honor.
42:22|But this is a people robbed and plundered,\nall trapped in holes, hidden in prisons.\nThey have become prey, with no rescuer,\nplunder, with no one saying, ‘Give them back!’|Preserve captivity and absent restitution command.
42:23|Who among you will listen to this,\npay attention and hear for the time to come?|Keep future-oriented appeal without assigning audience.
42:24|Who handed Jacob over to plunder, Israel to robbers?\nWas it not the **LORD**, against whom we sinned?\nThey would not walk in his ways\nand did not listen to his instruction.|Preserve we/they shift and divine responsibility.
42:25|So he poured on him his burning anger and the violence of war.\nIt blazed around him, but he did not understand;\nit burned him, but he did not take it to heart.|Keep singular collective target and unlearned destruction.
43:1|But now the **LORD** says,\nhe who created you, Jacob, who formed you, Israel:\n“Do not fear, for I have redeemed you.\nI have called you by name; you are mine.|Retain reassurance after judgment and paired created/formed.
43:2|When you pass through water, I am with you;\nthrough rivers, they will not sweep you away.\nWhen you walk through fire, you will not be scorched;\nthe flame will not burn you.|Keep passage through danger rather than avoidance of it.
43:3|For I am the **LORD** your God,\nIsrael’s Holy One, your Savior.\nI give Egypt as your ransom,\nCush and Seba in your place.|Retain three nations and consequential exchange claim.
43:4|Because you are precious in my eyes, honored, and I love you,\nI give people in your place,\nnations in exchange for your life.|Preserve costly human substitution without softening.
43:5|Do not fear, for I am with you.\nI will bring your offspring from the east\nand gather you from the west.|Keep repeated assurance and two gathering directions.
43:6|I will tell the north, ‘Give them up!’\nand the south, ‘Do not hold them back!’\nBring my sons from far away,\nmy daughters from earth’s ends—|Preserve north/south commands and both gendered children.
43:7|everyone called by my name,\nwhom I created for my glory,\nwhom I formed, whom I made.”|Retain three creation verbs and purpose.
43:8|Bring out the people who are blind though they have eyes,\nwho are deaf though they have ears.|Keep paradoxical witness audience.
43:9|All nations gather together, and peoples assemble.\nWho among them can announce this\nand tell us the former things?\nLet them bring witnesses and prove themselves right;\nlet others hear and say, “It is true.”|Preserve courtroom proof and witness response.
43:10|“You are my witnesses,” declares the **LORD**,\n“and my servant whom I chose,\nso you may know and trust me\nand understand that I am he.\nBefore me no god was formed,\nand after me none will be.|Keep witnesses/servant collective and temporal exclusivity.
43:11|I, I am the **LORD**;\napart from me there is no savior.|Retain emphatic I repetition and saving exclusivity.
43:12|I announced, I saved, I made it heard;\nno foreign god was among you.\nYou are my witnesses,” declares the **LORD**, “and I am God.|Keep three first-person acts and witness refrain.
43:13|From the day’s beginning I am he;\nno one can rescue from my hand.\nI act—who can turn it back?”|Preserve difficult temporal claim and irreversible action.
43:14|The **LORD**, your Redeemer, Israel’s Holy One, says:\n“For your sake I have sent to Babylon\nand brought them all down as fugitives,\nthe Chaldeans in the ships they rejoiced in.|Choose fugitives reading and note difficult bars/ships syntax.
43:15|I am the **LORD**, your Holy One,\nIsrael’s Creator, your King.”|Keep four linked divine designations.
43:16|The **LORD** says,\nhe who makes a way through the sea,\na path through mighty waters,|Retain exodus imagery without inserting Egypt name.
43:17|who brings out chariot and horse, army and warrior—\nthey lie down together, never to rise,\nextinguished, put out like a wick:|Keep martial catalogue and extinguished-wick image.
43:18|“Do not remember the former things\nor dwell on things of old.|Retain memory reversal beside explicit remembered exodus.
43:19|Look, I am doing something new;\nnow it sprouts—do you not recognize it?\nI will make a way in the wilderness,\nrivers in the wasteland.|Keep new growth and transformed exodus route.
43:20|Wild animals will honor me, jackals and ostriches,\nfor I give water in the wilderness,\nrivers in the wasteland,\nto give my chosen people drink,|Retain animals’ honor and human thirst addressed.
43:21|the people I formed for myself\nto recount my praise.|Keep formation purpose and narrated praise.
43:22|Yet you have not called on me, Jacob;\nyou have grown weary of me, Israel.|Retain direct accusation and paired names.
43:23|You have not brought me sheep for your burnt offerings\nnor honored me with your sacrifices.\nI have not burdened you with grain offerings\nnor wearied you with frankincense.|Preserve contrasting human failure and divine nonburdening.
43:24|You have not bought fragrant cane for me with silver\nnor satisfied me with your sacrifices’ fat.\nInstead, you have burdened me with your sins\nand wearied me with your guilt.|Repeat burden/weary reversal and concrete offerings.
43:25|I, I am the one who wipes away your rebellions for my own sake;\nyour sins I will not remember.|Keep emphatic I and divine motive, not earned pardon.
43:26|Remind me; let us argue our case together.\nYou tell your story, so you may be proved right.|Preserve judicial invitation, not a devotional command.
43:27|Your first father sinned,\nand your interpreters rebelled against me.|Keep unidentified first ancestor and mediating officials.
43:28|So I profaned the sanctuary’s officials\nand handed Jacob over to destruction,\nIsrael to insults.”|Preserve severe ending after forgiveness announcement.
44:1|“But now listen, Jacob my servant,\nIsrael whom I have chosen.|Repeat named servant and chosen relation.
44:2|The **LORD**, who made you and formed you from the womb,\nwho will help you, says:\nDo not fear, Jacob my servant,\nJeshurun whom I have chosen.|Retain womb formation and alternate Israel name.
44:3|I will pour water on thirsty ground,\nstreams on dry land.\nI will pour my Spirit on your offspring,\nmy blessing on your descendants.|Keep double pouring and water/Spirit parallel.
44:4|They will sprout among the grass,\nlike willows beside flowing water.|Preserve pinned among-grass wording rather than emend.
44:5|One will say, ‘I belong to the **LORD**’;\nanother will call himself by Jacob’s name.\nAnother will write on his hand, ‘The **LORD**’s,’\nand take the name Israel.|Retain three acts of identification and hand-writing ambiguity.
44:6|The **LORD**, Israel’s King and Redeemer,\nthe **LORD** of hosts, says:\nI am first and I am last;\napart from me there is no God.|Preserve both divine names and exclusive first/last claim.
44:7|Who is like me? Let him call out,\ndeclare it and set it before me,\nsince I established the ancient people.\nLet them declare what is coming and what will happen.|Keep ancient-people phrase and challenge’s number shift.
44:8|Do not be frightened or afraid.\nHave I not long ago made you hear and told you?\nYou are my witnesses.\nIs there any God besides me?\nThere is no other Rock; I know of none.”|Retain witnesses and Rock as divine designation.
44:9|All who form idols are emptiness; their treasured objects bring no benefit. Their witnesses neither see nor know, and so they are put to shame.|Preserve witnesses’ uncertain referent and failed perception.
44:10|Who would form a god or cast an idol that brings no benefit?|Keep rhetorical exposure of useless making.
44:11|Look, all its companions will be ashamed; its craftsmen are only human. Let them all gather and stand forward: they will tremble and be ashamed together.|Retain collective challenge and human makers.
44:12|The smith works with a cutting tool over the coals, shaping it with hammers and working it with his strong arm. But he grows hungry and loses strength; without water to drink he becomes faint.|Keep tools and maker’s bodily dependence.
44:13|The woodworker stretches a line, marks the shape with a stylus, works it with planes, and outlines it with a compass. He makes it in a man’s shape, with human beauty, to live in a house.|Preserve four tools and constructed human likeness.
44:14|He cuts cedars, takes a holm oak or an oak, and lets it grow strong among the forest’s trees. He plants a pine, and the rain makes it grow.|Keep tree growth before manufacture and uncertain species names.
44:15|It becomes fuel for someone. He takes some and warms himself; he lights a fire and bakes bread. He also makes a god and worships it; he makes an idol and bows before it.|Retain one material’s mundane and cultic uses.
44:16|Half he burns in the fire. Over that half he cooks meat, roasts it and eats his fill. He also warms himself and says, “Ah! I am warm; I can see the fire!”|Preserve repeated half and satisfied maker’s speech.
44:17|With the rest he makes a god, his idol. He bows and worships it, prays to it and says, “Rescue me, for you are my god!”|Keep rest-of-wood deity and helpless rescue appeal.
44:18|They do not know or understand, for their eyes are smeared shut so they cannot see, and their hearts so they cannot discern.|Retain obscured eyes/hearts without supplying agent.
44:19|No one takes it to heart or has the knowledge and understanding to say, “Half I burned in the fire; I baked bread on its coals, roasted meat and ate it. Shall I make the rest an abomination? Shall I bow before a block of wood?”|Preserve long self-questioning that never occurs.
44:20|He feeds on ashes. A deceived heart has led him astray; he cannot rescue himself or say, “Is there not a lie in my right hand?”|Keep ash-feeding and grasped lie.
44:21|“Remember these things, Jacob,\nIsrael, for you are my servant.\nI formed you; you are my servant.\nIsrael, you will not be forgotten by me.|Retain doubled servant and passive nonforgetting.
44:22|I have wiped away your rebellions like a thick cloud,\nyour sins like a cloud.\nReturn to me, for I have redeemed you.”|Keep cloud imagery and redemption preceding return.
44:23|Sing, heavens, for the **LORD** has acted!\nShout, depths of the earth!\nBurst into song, mountains, forest, and every tree in it!\nFor the **LORD** has redeemed Jacob\nand displays his glory in Israel.|Retain entire creation chorus and two names.
44:24|The **LORD**, your Redeemer, who formed you from the womb, says:\n“I am the **LORD**, maker of everything,\nstretching out the heavens alone,\nspreading the earth by myself,|Follow by-myself read-form, noting written who-with-me question.
44:25|frustrating liars’ signs and making fools of diviners,\nturning the wise back\nand making their knowledge foolish,|Keep three defeated rival claims to knowledge.
44:26|confirming my servant’s word\nand fulfilling my messengers’ counsel;\nsaying of Jerusalem, ‘She will be inhabited,’\nand of Judah’s cities, ‘They will be rebuilt;\nI will raise her ruins,’|Preserve servant singular, messengers plural, and restoration promises.
44:27|saying to the deep, ‘Dry up!\nI will dry your rivers,’|Keep divine command to deep and rivers.
44:28|saying of Cyrus, ‘My shepherd!\nHe will fulfill all my purpose,’\nand saying of Jerusalem, ‘She will be rebuilt,’\nand of the temple, ‘Your foundation will be laid.’”|Keep explicit Cyrus, shepherd designation, and temple-address shift.
45:1|The **LORD** says to his anointed, to Cyrus,\nwhose right hand I have grasped\nto subdue nations before him,\nto loosen kings’ belts,\nto open doors before him so gates cannot be shut:|Retain foreign king as anointed and bodily conquest image.
45:2|“I will go ahead of you and straighten the rough places.\nI will shatter bronze doors and cut through iron bars.|Follow straighten read-form and retain uncertain terrain word.
45:3|I will give you treasures kept in darkness,\nwealth hidden in secret places,\nso you may know that I am the **LORD**,\nIsrael’s God, who calls you by name.|Keep hidden wealth and purpose of naming.
45:4|For the sake of Jacob my servant, Israel my chosen one,\nI call you by name and give you a title,\nthough you do not know me.|Preserve Cyrus’s ignorance despite divine call.
45:5|I am the **LORD**, and there is no other;\napart from me there is no God.\nI equip you, though you do not know me,|Repeat ignorance and exclusive deity claim.
45:6|so people from the sun’s rising to its setting\nmay know there is none besides me.\nI am the **LORD**, and there is no other.|Keep worldwide recognition and exact repeated declaration.
45:7|I form light and create darkness,\nmake well-being and create disaster.\nI, the **LORD**, do all these things.|Preserve divine agency over both opposites and note ra range.
45:8|Drip down, heavens above;\nlet the skies rain righteousness.\nLet the earth open and salvation bear fruit,\nand let righteousness sprout with it.\nI, the **LORD**, have created it.”|Keep productive cosmic metaphor and repeated righteousness.
45:9|Woe to one who quarrels with his Maker,\na potsherd among earth’s potsherds!\nDoes clay ask its potter, “What are you making?”\nDoes your work say, “He has no hands”?|Retain shard/clay protest and odd hand denial.
45:10|Woe to one who says to a father, “What are you begetting?”\nor to a woman, “What are you laboring to bring forth?”|Keep gender-specific parental questions.
45:11|The **LORD**, Israel’s Holy One and Maker, says:\n“Ask me about things to come;\nwould you command me about my children\nand the work of my hands?|Choose rhetorical challenge for second clause, noting imperative alternative.
45:12|I made the earth and created humanity upon it.\nMy own hands stretched out the heavens,\nand I commanded all their host.|Retain first-person creation and ordered celestial host.
45:13|I stirred him up in righteousness\nand will make all his roads straight.\nHe will build my city and release my exiles,\nwithout payment or bribe,”\nsays the **LORD** of hosts.|Keep Cyrus’s task and absence of payment.
45:14|The **LORD** says:\n“Egypt’s labor and Cush’s trade,\nand the tall Sabeans, will come over to you and be yours.\nThey will follow you, coming in chains,\nbowing before you and pleading with you:\n‘Surely God is in you, and there is no other;\nthere is no other God.’”|Preserve coerced tribute and feminine recipient without adding name.
45:15|Truly, you are a God who hides himself,\nIsrael’s God, Savior.|Keep hiddenness beside saving identity.
45:16|All of them are ashamed and disgraced;\nthe makers of images go away in disgrace together.|Retain collective shame and artisan target.
45:17|But Israel is saved by the **LORD**\nwith everlasting salvation.\nYou will not be ashamed or disgraced\nforever and ever.|Keep shift to direct address and enduring salvation.
45:18|For the **LORD** says,\nthe Creator of the heavens—he is God—\nthe one who formed and made the earth, who established it,\nwho did not create it as emptiness but formed it to be inhabited:\n“I am the **LORD**, and there is no other.|Retain creation’s inhabited purpose and two names.
45:19|I did not speak in secret, in a dark land;\nI did not tell Jacob’s offspring, ‘Seek me in emptiness.’\nI, the **LORD**, speak righteousness,\ndeclare what is straight.|Keep emptiness echo from creation and transparent speech.
45:20|Gather and come, draw near together,\nyou survivors of the nations!\nThose who carry their wooden idols know nothing;\nthey pray to a god who cannot save.|Preserve invitation to survivors and carried idols’ incapacity.
45:21|Declare your case; present it! Let them consult together.\nWho made this heard long ago, announced it in advance?\nWas it not I, the **LORD**?\nThere is no other God beside me,\na righteous God and Savior; there is none except me.|Keep judicial summons and prediction proof.
45:22|Turn to me and be saved, all earth’s ends,\nfor I am God, and there is no other.|Retain universal invitation and singular divine claim.
45:23|By myself I have sworn;\na righteous word has gone from my mouth and will not return:\nto me every knee will bend,\nevery tongue will swear allegiance.|Preserve self-oath and every knee/tongue parallel.
45:24|‘Only in the **LORD**,’ people will say of me,\n‘are righteousness and strength.’\nTo him all who rage against him will come and be ashamed.|Keep reported speech and ambiguous pronoun transitions.
45:25|In the **LORD** all Israel’s offspring\nwill be vindicated and glory.”|Render justified juridically in context and retain all offspring.
46:1|Bel bows, Nebo stoops;\ntheir idols are loaded onto animals and cattle.\nWhat you carried is now a load,\na burden for weary beasts.|Keep named Babylonian gods and burdened animals.
46:2|They stoop and bow together;\nthey cannot rescue the burden,\nand they themselves go into captivity.|Preserve gods’ inability and shared deportation.
46:3|“Listen to me, Jacob’s house,\nall the remnant of Israel’s house,\nyou whom I have borne from the womb,\ncarried from birth.|Contrast carried people with carried idols.
46:4|Even to old age I am he;\neven when you are gray I will bear you.\nI made you, and I will carry you;\nI will bear you and rescue you.|Preserve repeated first-person carrying across life stages.
46:5|To whom will you liken me and make me equal?\nWith whom will you compare me, that we should be alike?|Keep doubled comparison challenge.
46:6|People pour gold from a bag, weigh silver on a balance,\nhire a goldsmith, and he makes it into a god.\nThen they bow and worship.|Retain economic production before worship.
46:7|They lift it onto a shoulder and carry it,\nset it in its place, and there it stands.\nIt cannot move from that spot.\nThough someone cries to it, it does not answer;\nit cannot save him from his distress.|Keep immobility and failed rescue in carried-idol contrast.
46:8|Remember this and take it to heart;\nbring it to mind, you rebels.|Choose composed-attention sense for rare imperative with note.
46:9|Remember the former things from long ago:\nI am God, and there is no other;\nI am God, and none is like me.|Keep positive remember alongside43:18 negative.
46:10|I announce the end from the beginning,\nfrom ancient times things not yet done.\nI say, ‘My counsel will stand;\nI will fulfill all my purpose.’|Retain temporal reach and purpose.
46:11|I call a bird of prey from the east,\nfrom a distant land the man of my counsel.\nI have spoken; I will bring it about.\nI have formed it; I will do it.|Follow my-counsel read-form and preserve bird image.
46:12|Listen to me, you stubborn-hearted,\nfar from righteousness.|Keep resistant hearts rather than emend to disheartened.
46:13|I bring my righteousness near; it is not far away.\nMy salvation will not delay.\nI will grant salvation in Zion,\nmy splendor to Israel.”|Preserve near/far response and righteousness/salvation pairing.
47:1|Come down and sit in the dust, virgin Daughter Babylon!\nSit on the ground without a throne, daughter of the Chaldeans.\nYou will no longer be called tender and pampered.|Keep gendered city humiliation and lost throne.
47:2|Take millstones and grind flour.\nRemove your veil, lift your skirt,\nbare your legs and cross rivers.|Preserve forced labor and bodily exposure.
47:3|Your nakedness will be exposed, your disgrace seen.\n“I will take vengeance and spare no one.”|Choose spare sense for difficult encounter verb with note.
47:4|Our Redeemer—the **LORD** of hosts is his name—\nis Israel’s Holy One.|Keep interjected communal confession.
47:5|Sit silent; enter darkness, daughter of the Chaldeans.\nYou will no longer be called mistress of kingdoms.|Preserve repeated loss of title.
47:6|“I was angry with my people; I profaned my inheritance\nand handed them over to you.\nYou showed them no compassion;\non the aged you laid an exceedingly heavy yoke.|Retain divine agency and Babylon’s cruelty toward elderly.
47:7|You said, ‘I will be mistress forever.’\nYou did not take these things to heart\nor remember their outcome.|Keep arrogant future and ignored consequence.
47:8|Now hear this, pleasure-loving one, sitting secure,\nsaying in your heart, ‘I am, and there is no other.\nI will never sit as a widow\nnor know the loss of children.’|Preserve quasi-divine boast and family-loss denial.
47:9|Both will come upon you in an instant, on one day:\nloss of children and widowhood.\nThey will come upon you in full measure,\ndespite your many sorceries and the great power of your spells.|Keep two losses, one day, and ineffective magic.
47:10|You trusted in your evil and said, ‘No one sees me.’\nYour wisdom and knowledge led you astray;\nyou said in your heart, ‘I am, and there is no other.’|Repeat exact boast and corrupted wisdom.
47:11|Evil will come upon you, and you will not know how to charm it away.\nDisaster will fall upon you, and you cannot avert it.\nRuin you did not foresee will come suddenly.|Choose charm sense for uncertain dawn verb, note alternative.
47:12|Stand fast, then, in your spells and many sorceries,\nwith which you have labored from youth.\nPerhaps you can gain some benefit;\nperhaps you can strike terror!|Keep ironic perhaps and lifelong labor.
47:13|You are worn out with all your advisers.\nLet them stand up and save you—\nthose who divide the heavens, gaze at stars,\nand tell you month by month what will happen to you.|Follow participial read-form and retain ancient divination practices.
47:14|Look, they are stubble; fire burns them.\nThey cannot rescue themselves from the flame’s power.\nThis is no coal for warmth,\nno fire to sit beside.|Keep destructive versus warming fire distinction.
47:15|Such are those with whom you labored,\nyour traders from youth.\nEach wanders his own way;\nthere is no one to save you.”|Preserve traders not silently astrologers and absent savior.
48:1|Hear this, Jacob’s house,\nyou called by Israel’s name, who came from Judah’s waters,\nwho swear by the **LORD**’s name and invoke Israel’s God,\nbut not in truth or righteousness.|Retain waters text and note offspring euphemism rather than loins emendation.
48:2|They call themselves citizens of the holy city\nand lean on Israel’s God—\nthe **LORD** of hosts is his name.|Make city affiliation clear without approving false reliance.
48:3|“The former things I announced long ago;\nthey went out from my mouth, and I made them heard.\nSuddenly I acted, and they came to pass.|Preserve announcement before sudden fulfillment.
48:4|I knew you were stubborn,\nyour neck an iron sinew, your forehead bronze.|Keep two resistant body materials.
48:5|So I told you long ago;\nbefore it happened I made you hear,\nlest you say, ‘My idol did these things;\nmy carved image and cast image commanded them.’|Retain prediction’s anti-idolatry rationale.
48:6|You have heard; now look at it all.\nWill you not declare it?\nFrom now on I tell you new things,\nhidden things you have not known.|Preserve hearing/seeing/declaration sequence and newness.
48:7|They are created now, not long ago;\nbefore today you had not heard of them,\nlest you say, ‘Look, I knew them already.’|Retain created-now claim rather than simple disclosure.
48:8|You had not heard, you had not known;\nyour ear had not been opened long ago.\nFor I knew you would betray, betray;\nfrom the womb you were called a rebel.|Keep three negatives and emphatic betrayal.
48:9|For my name’s sake I delay my anger;\nfor my praise I restrain it toward you,\nso I do not cut you off.|Preserve divine motives and restrained wrath.
48:10|Look, I have refined you, but not as silver;\nI have chosen you in the furnace of affliction.|Follow pinned chosen, note tested alternative.
48:11|For my own sake, for my own sake I act.\nHow could my name be profaned?\nI will not give my glory to another.|Repeat motive and mark contextual name supply in note.
48:12|Listen to me, Jacob, Israel whom I called!\nI am he; I am first, and I am last.|Retain called relation and first/last refrain.
48:13|My hand founded the earth;\nmy right hand spread out the heavens.\nWhen I call them, they stand together.|Keep embodied creation and obedient cosmic response.
48:14|Gather, all of you, and hear!\nWho among them announced these things?\nThe **LORD** loves him; he will fulfill his purpose against Babylon,\nand his arm will be against the Chaldeans.|Preserve unnamed beloved agent and compressed arm clause.
48:15|I, I have spoken; I have called him.\nI have brought him, and his way will succeed.|Retain emphatic I and consecutive divine acts.
48:16|Come near me and hear this:\nfrom the beginning I have not spoken in secret;\nfrom the time it came to be, I was there.”\nAnd now the Lord **GOD** has sent me, and his Spirit.|Preserve new sending voice and ambiguous Spirit’s grammatical role.
48:17|The **LORD**, your Redeemer, Israel’s Holy One, says:\n“I am the **LORD** your God,\nteaching you what benefits you,\nguiding you in the way you should go.|Keep two names and instructing/guiding roles.
48:18|If only you had listened to my commandments!\nYour peace would have been like a river,\nyour righteousness like the waves of the sea.|Preserve unrealized condition and two water images.
48:19|Your offspring would have been like sand,\nyour descendants like its grains;\ntheir name would never have been cut off\nor destroyed from my presence.”|Keep descendants and corporate name with grain ambiguity noted.
48:20|Go out from Babylon! Flee from the Chaldeans!\nWith a joyful shout declare this, make it heard;\ncarry it to earth’s ends:\n“The **LORD** has redeemed his servant Jacob!”|Preserve double departure and public redemption announcement.
48:21|They did not thirst when he led them through wastelands;\nhe made water flow for them from rock.\nHe split rock, and water gushed out.|Keep exodus water miracle and repeated rock.
48:22|“There is no peace for the wicked,” says the **LORD**.|Retain sharp concluding limit and later refrain.
49:1|Listen to me, coastlands;\nhear me, peoples far away.\nThe **LORD** called me from the womb;\nfrom inside my mother he spoke my name.|Retains prenatal calling and distant maritime audience without naming the speaker beyond the poem.
49:2|He made my mouth a sharp sword\nand hid me in the shadow of his hand.\nHe made me a polished arrow\nand concealed me in his quiver.|Preserves both weapon metaphors and repeated concealment.
49:3|He said to me, “You are my servant,\nIsrael, in whom I will display my glory.”|Keeps explicit identification Israel rather than substituting an interpreted individual.
49:4|But I said, “I have worked for nothing;\nI have spent my strength on emptiness and vapor.\nYet my cause rests with the **LORD**,\nand my reward with my God.”|Preserves servant discouragement alongside confidence, including vapor image.
49:5|And now the **LORD** speaks—\nhe who formed me in the womb to be his servant,\nto bring Jacob back to him\nand gather Israel to him.\nI am honored in the **LORD**’s eyes,\nand my God has become my strength.|Follows read form to him rather than written not; preserves distinction between servant and restored Israel.
49:6|He says, “It is too small a task for you to be my servant\nmerely to raise up Jacob’s tribes\nand bring back Israel’s survivors.\nI will also make you a light for the nations,\nso my salvation may reach the ends of the earth.”|Keeps restoration and worldwide salvation together; follows read survivors form.
49:7|This is what the **LORD**, Israel’s Redeemer, his Holy One, says\nto one deeply despised, abhorred by the nation,\na servant of rulers:\n“Kings will see and rise;\nprinces will bow down,\nbecause the **LORD** is faithful,\nIsrael’s Holy One has chosen you.”|Retains singular nation and reversal from servant of rulers to honored figure.
49:8|This is what the **LORD** says:\n“At a time of favor I answered you;\non a day of salvation I helped you.\nI will guard you and give you as a covenant for the people,\nto restore the land\nand allot its desolate inheritances,|Preserves servant as covenant and concrete land allotment.
49:9|to say to prisoners, ‘Come out!’\nand to those in darkness, ‘Show yourselves!’\nThey will graze along the roads\nand find pasture on every bare hill.|Links release commission to pastoral return imagery without replacing prisoners with an abstraction.
49:10|They will neither hunger nor thirst;\nscorching heat and sun will not strike them.\nThe one who has compassion on them will lead them\nand guide them beside springs of water.|Keeps bodily needs and compassionate guidance parallel.
49:11|I will turn all my mountains into a road,\nand my highways will be raised up.|Retains mountains as road and possessive my.
49:12|Look, these will come from far away;\nlook, these from the north and the west,\nand these from the land of Sinim.”|Preserves uncertain Sinim without asserting a modern country.
49:13|Sing, heavens! Rejoice, earth!\nMountains, break into song!\nFor the **LORD** has comforted his people\nand will have compassion on his afflicted ones.|Follows read imperative and carries comfort theme forward.
49:14|But Zion said, “The **LORD** has abandoned me;\nmy Lord has forgotten me.”|Keeps Zion’s objection immediately after announced comfort and distinguishes divine titles.
49:15|“Can a woman forget her nursing child\nand feel no compassion for the son she bore?\nEven if these women forget,\nI will not forget you.|Preserves maternal analogy, specific son and exceptional possibility.
49:16|Look, I have engraved you on my palms;\nyour walls are always before me.|Keeps embodied engraving and actual city walls.
49:17|Your children hurry back;\nthose who tore you down and laid you waste depart from you.|Follows pinned children rather than repointing builders.
49:18|Lift your eyes and look around:\nthey have all gathered and come to you.\nAs I live,” declares the **LORD**,\n“you will wear them all like jewelry\nand bind them on like a bride.|Keeps oath and children as bridal ornaments.
49:19|Your ruins, your desolate places,\nyour devastated land—\nnow you will be too cramped for your inhabitants,\nand those who swallowed you will be far away.|Preserves devouring image and crowding reversal.
49:20|The children born after your bereavement\nwill yet say within your hearing,\n‘This place is too cramped for me;\nmake room for me to live here.’|Makes paradox of bereavement and children readable without erasing it.
49:21|Then you will say in your heart,\n‘Who bore these for me?\nI was bereaved and barren, exiled and cast aside.\nWho raised these?\nI was left all alone—\nwhere have these come from?’”|Retains female city’s sequence of astonished questions.
49:22|This is what the Lord **GOD** says:\n“Look, I will lift my hand toward the nations\nand raise my banner for the peoples.\nThey will bring your sons in their arms\nand carry your daughters on their shoulders.|Keeps sons and daughters and public gathering signals.
49:23|Kings will be your foster fathers,\nand their queens your nursing mothers.\nThey will bow before you, faces to the ground,\nand lick the dust at your feet.\nThen you will know that I am the **LORD**;\nthose who wait for me will not be put to shame.”|Preserves royal service and degrading dust image without softening power reversal.
49:24|Can plunder be taken from a warrior?\nCan the captives of someone in the right escape?|Retains pinned righteous rather than emending to tyrant; ambiguity noted.
49:25|Yes, this is what the **LORD** says:\n“Even a warrior’s captives will be taken away;\neven a tyrant’s plunder will escape.\nI myself will contend with those who contend with you,\nand I myself will save your children.|Keeps repeated contention and emphatic divine subject.
49:26|I will make your oppressors eat their own flesh;\nthey will become drunk on their own blood as on new wine.\nThen all flesh will know\nthat I am the **LORD**, your Savior,\nyour Redeemer, the Mighty One of Jacob.”|Retains violent self-devouring image and all-flesh recognition.
50:1|This is what the **LORD** says:\n“Where is your mother’s divorce document\nby which I sent her away?\nOr to which of my creditors did I sell you?\nLook, you were sold because of your own offenses;\nyour mother was sent away because of your rebellions.|Preserves both legal household metaphors and stated cause of expulsion.
50:2|Why, when I came, was no one there?\nWhy, when I called, did no one answer?\nIs my hand too short to redeem?\nHave I no power to rescue?\nAt my rebuke I dry up the sea\nand turn rivers into desert;\ntheir fish stink for lack of water\nand die of thirst.|Maintains questions and offensive physical consequences of dried water.
50:3|I clothe the heavens in darkness\nand make sackcloth their covering.”|Retains heavens dressed for mourning.
50:4|The Lord **GOD** has given me a learner’s tongue,\nso I may know how to sustain the weary with a word.\nMorning after morning he awakens me;\nhe awakens my ear to listen as learners do.|Links learned speaking to repeated listening; difficult sustain verb noted.
50:5|The Lord **GOD** opened my ear,\nand I did not rebel\nor turn back.|Preserves auditory image and two obedient responses.
50:6|I gave my back to those who beat me\nand my cheeks to those who pulled out my beard.\nI did not hide my face\nfrom insults and spit.|Retains bodily abuse and deliberate exposure.
50:7|But the Lord **GOD** helps me,\nso I have not been disgraced.\nSo I have set my face like flint,\nknowing I will not be put to shame.|Keeps causal repetition and flint image despite humiliation already described.
50:8|The one who vindicates me is near.\nWho will bring a case against me?\nLet us stand together.\nWho is my accuser?\nLet him approach me.|Makes courtroom setting clear while retaining challenge sequence.
50:9|Look, the Lord **GOD** helps me.\nWho can condemn me?\nThey will all wear out like a garment;\nmoths will eat them.|Preserves condemnation question and textile decay image.
50:10|Who among you fears the **LORD**\nand listens to his servant?\nWhoever walks in darkness\nand has no light\nshould trust in the **LORD**’s name\nand lean on his God.|Keeps servant listener in darkness, not automatically morally wicked.
50:11|Look, all you who kindle a fire\nand surround yourselves with flaming brands:\nwalk by the light of your fire\nand the brands you have lit!\nThis is what you receive from my hand:\nyou will lie down in torment.|Preserves ironic command and divine responsibility for outcome.
51:1|“Listen to me, you who pursue righteousness,\nyou who seek the **LORD**.\nLook to the rock from which you were cut\nand the quarry from which you were dug.|Retains rock and quarry ancestral images.
51:2|Look to Abraham your father\nand to Sarah who gave you birth.\nHe was only one when I called him,\nbut I blessed him and made him many.|Names both ancestors and contrasts one with multiplication.
51:3|For the **LORD** has comforted Zion,\ncomforted all her ruins.\nHe will make her wilderness like Eden,\nher desert like the **LORD**’s garden.\nJoy and gladness will be found in her,\nthanksgiving and the sound of song.|Retains repeated comfort, Eden and garden rather than generic flourishing.
51:4|Pay attention to me, my people;\nmy nation, listen to me.\nInstruction will go out from me,\nand I will establish my justice as a light for peoples.|Preserves singular possessive nation and outward instruction.
51:5|My righteousness is near;\nmy salvation has gone out.\nMy arms will judge the peoples.\nThe coastlands wait for me;\nthey put their hope in my arm.|Keeps plural arms and singular arm, righteousness-salvation pairing.
51:6|Lift your eyes to the heavens;\nlook at the earth below.\nThe heavens will dissolve like smoke,\nthe earth wear out like a garment,\nand its inhabitants die in the same way.\nBut my salvation will last forever;\nmy righteousness will never fail.|Retains cosmic transience and pinned like-so comparison; gnat alternative noted.
51:7|Listen to me, you who know righteousness,\npeople with my instruction in your hearts.\nDo not fear human insults\nor be shattered by their taunts.|Keeps internal instruction and human hostility connected.
51:8|For moths will eat them like a garment,\nand grubs will eat them like wool.\nBut my righteousness will last forever,\nand my salvation through every generation.”|Maintains textile parallels and reversed righteousness-salvation order.
51:9|Awake, awake! Clothe yourself in strength,\narm of the **LORD**!\nAwake as in days long past,\ngenerations of old.\nWas it not you who cut Rahab apart\nand pierced the sea monster?|Retains appeal to divine arm and mythic monster names without historic flattening.
51:10|Was it not you who dried up the sea,\nthe waters of the great deep,\nand made the sea’s depths a road\nfor the redeemed to cross?|Preserves connection between monster defeat and sea crossing.
51:11|Those ransomed by the **LORD** will return\nand come to Zion with singing,\neverlasting joy upon their heads.\nGladness and joy will overtake them;\nsorrow and sighing will flee.|Repeats Isaiah 35:10 wording to preserve intentional refrain.
51:12|“I, I am the one who comforts you.\nWho are you to fear a mortal who dies,\na human being who becomes grass,|Retains emphatic I and grass mortality comparison.
51:13|and forget the **LORD**, your Maker,\nwho stretched out the heavens and founded the earth?\nAll day long you tremble\nbefore the oppressor’s fury\nas he prepares to destroy.\nBut where is the oppressor’s fury now?|Keeps creation-memory argument and repeated fury question.
51:14|The one bent down in chains will soon be freed;\nhe will not die in the pit\nnor run short of bread.|Makes captive posture intelligible and preserves death-food promises.
51:15|I am the **LORD** your God,\nwho stirs the sea so its waves roar;\nthe **LORD** of hosts is his name.|Keeps first-to-third person divine name formula.
51:16|I have put my words in your mouth\nand covered you in the shadow of my hand,\nto plant the heavens, to found the earth,\nand to say to Zion, ‘You are my people.’”|Preserves unusual planting heavens and unnamed singular recipient.
51:17|Rouse yourself, rouse yourself!\nStand up, Jerusalem,\nyou who drank from the **LORD**’s hand\nthe cup of his fury.\nYou drank the cup that makes people stagger\nand drained its bowl.|Retains repetition, divine fury and intoxication metaphor.
51:18|Of all the children she bore,\nnot one guides her;\nof all the children she raised,\nnot one takes her hand.|Preserves paired maternal history and abandoned present.
51:19|These two calamities have met you—\nwho will mourn with you?—\ndevastation and destruction, famine and sword.\nHow can I comfort you?|Keeps two paired calamities and first-person comfort question.
51:20|Your children faint;\nthey lie at every street corner\nlike antelope caught in a net,\nfilled with the **LORD**’s fury,\nyour God’s rebuke.|Retains trapped-animal simile and explicit divine agency.
51:21|So hear this, afflicted one,\ndrunk, but not with wine.|Keeps address feminine through context and distinguishes metaphorical intoxication.
51:22|This is what your Lord, the **LORD**, says,\nyour God who argues his people’s case:\n“Look, I have taken from your hand\nthe cup that makes people stagger,\nthe bowl of my fury.\nYou will never drink from it again.|Preserves advocate role and cup transfer rather than erasing wrath.
51:23|I will put it into the hands of your tormentors,\nwho told you, ‘Lie face down so we can walk over you.’\nYou made your back like the ground,\nlike a street for them to walk on.”|Retains humiliating physical domination and coming reversal.
52:1|Awake, awake! Put on your strength, Zion!\nPut on your splendid clothes,\nJerusalem, holy city.\nThe uncircumcised and the unclean\nwill no longer enter you.|Keeps ritual boundary language and clothing reversal.
52:2|Shake off the dust; rise and take your seat, Jerusalem.\nFree yourself from the bonds around your neck,\ncaptive Daughter Zion.|Follows read feminine free-yourself and preserves captive city imagery.
52:3|For this is what the **LORD** says:\n“You were sold for nothing,\nand you will be redeemed without silver.”|Preserves sale-redemption contrast and money image.
52:4|For this is what the Lord **GOD** says:\n“My people first went down to Egypt to live there as foreigners;\nthen Assyria oppressed them for nothing.|Retains residence as foreigners and causeless oppression.
52:5|Now what do I have here?” declares the **LORD**.\n“My people have been taken for nothing;\ntheir rulers howl,” declares the **LORD**,\n“and my name is despised continually, all day long.|Follows both read forms and leaves rulers’ howling unexplained rather than assigning praise or mockery.
52:6|So my people will know my name;\non that day they will know\nthat I am the one speaking.\nHere I am!”|Keeps name knowledge linked to direct self-presence.
52:7|How beautiful on the mountains\nare the feet of the messenger\nwho announces peace, who brings good news,\nwho announces salvation,\nwho says to Zion, “Your God reigns!”|Preserves feet image and repeated announcements in natural clauses.
52:8|Listen! Your watchmen raise their voices;\ntogether they sing for joy.\nWith their own eyes they see\nthe **LORD** returning to Zion.|Renders eye-to-eye eyewitness sense and preserves returning divine subject.
52:9|Break into joyful song together,\nruins of Jerusalem!\nFor the **LORD** has comforted his people;\nhe has redeemed Jerusalem.|Keeps ruins addressed as singers and comfort-redemption link.
52:10|The **LORD** has bared his holy arm\nbefore all the nations.\nAll the ends of the earth will see\nthe salvation of our God.|Retains physical arm and universal witnesses.
52:11|Leave, leave! Go out from there!\nTouch nothing unclean.\nGo out from her midst; purify yourselves,\nyou who carry the **LORD**’s vessels.|Keeps unnamed city and cultic vessel-bearers without adding place name.
52:12|You will not leave in haste\nor go out in flight,\nfor the **LORD** goes before you,\nand Israel’s God guards your rear.|Preserves contrast with hurried departure and both protective positions.
52:13|Look, my servant will act wisely;\nhe will rise, be lifted up, and be very high.|Retains wisdom-success ambiguity and threefold exaltation.
52:14|Just as many were appalled at you—\nso disfigured was his appearance beyond that of a man,\nhis form beyond that of human beings—|Keeps you-to-his shift and extreme disfigurement without normalizing pronouns.
52:15|so he will sprinkle many nations.\nKings will shut their mouths because of him,\nfor they will see what they had not been told\nand understand what they had not heard.|Follows pinned sprinkle; notes debated startle alternative rather than silently substituting it.
53:1|Who has believed what we have heard?\nTo whom has the **LORD**’s arm been revealed?|Preserves report-as-heard and unidentified communal voice.
53:2|He grew before him like a tender shoot,\nlike a root from dry ground.\nHe had no fine form or splendor to draw our gaze,\nno appearance to make us desire him.|Retains before-him ambiguity and unattractive plant image.
53:3|Despised and abandoned by people,\na man of pains, acquainted with sickness,\nlike someone from whom faces turn away—\nhe was despised, and we gave him no regard.|Preserves physical sickness and repeated despised without doctrinal paraphrase.
53:4|Yet it was our sicknesses he carried,\nour pains he bore.\nWe thought him stricken,\nstruck by God and afflicted.|Keeps reversal of communal assessment and physical afflictions.
53:5|But he was pierced because of our rebellions,\ncrushed because of our offenses.\nThe discipline that brought us peace was upon him;\nby his wound we were healed.|Retains causal prepositions, peace and singular wound without prescribing a theory.
53:6|All of us wandered like sheep;\neach of us turned to our own way.\nThe **LORD** made the guilt of us all\nfall upon him.|Keeps all-us frame and divine causative encounter.
53:7|He was oppressed and afflicted,\nyet he did not open his mouth.\nLike a lamb led to slaughter,\nlike a ewe silent before her shearers,\nhe did not open his mouth.|Preserves repeated silence and female ewe specifically.
53:8|Through oppression and judgment he was taken away.\nWho considered his generation?\nFor he was cut off from the land of the living;\nbecause of my people’s rebellion, the blow fell on him.|Keeps ambiguous judicial removal, generation question and my-people shift; plural suffix alternative noted.
53:9|They assigned his grave with the wicked,\nand with a rich man in his death,\nthough he had done no violence\nand no deceit was in his mouth.|Retains rich singular and undeserved violence; notes unusual plural deaths form.
53:10|Yet the **LORD** desired to crush him and make him sick.\nIf you make his life a reparation offering,\nhe will see offspring and prolong his days,\nand the **LORD**’s purpose will prosper in his hand.|Preserves disturbing divine agency, second-person possible subject and conditional offering clause.
53:11|After his life’s anguish he will see and be satisfied.\nBy his knowledge my righteous servant\nwill bring righteousness to many,\nand he will bear their offenses.|Does not insert light absent from pinned text; preserves knowledge ambiguity and divine my-servant voice.
53:12|So I will give him a share among the many,\nand he will divide plunder with the strong,\nbecause he poured out his life to death\nand was counted among rebels.\nYet he carried the sin of many\nand interceded for rebels.|Keeps victorious plunder alongside death and repeated rebels, without naming later identification.
54:1|“Sing, barren woman who has never given birth!\nBreak into song and shout,\nyou who have never labored in childbirth!\nFor the desolate woman has more children\nthan the married woman,” says the **LORD**.|Preserves city-as-mother metaphor and comparison without general promise about infertility.
54:2|“Enlarge the space for your tent;\nlet them stretch out your dwelling’s curtains.\nDo not hold back!\nLengthen your ropes and strengthen your stakes.|Keeps practical tent expansion sequence.
54:3|You will spread out to right and left.\nYour offspring will take possession of nations\nand settle deserted cities.|Retains nations dispossession claim rather than replacing with harmless influence.
54:4|Do not fear: you will not be ashamed.\nDo not be humiliated: you will not be disgraced.\nYou will forget the shame of your youth\nand no longer remember the reproach of your widowhood.|Maintains parallel assurances and distinct youth-widowhood history.
54:5|For your Maker is your husband—\nthe **LORD** of hosts is his name.\nYour Redeemer is Israel’s Holy One;\nhe is called the God of all the earth.|Keeps marriage metaphor and accumulating titles.
54:6|For the **LORD** has called you back\nlike a wife abandoned and grieved in spirit,\na wife married in youth and then rejected,\nsays your God.|Retains distress of abandoned wife and divine recall.
54:7|“For a brief moment I abandoned you,\nbut with great compassion I will gather you.|Keeps first-person admission of abandonment.
54:8|In a surge of anger I hid my face from you for a moment,\nbut with everlasting faithful love I will have compassion on you,”\nsays your Redeemer, the **LORD**.|Preserves moment-everlasting contrast and hesed vocabulary.
54:9|“This is like Noah’s waters to me.\nAs I swore that Noah’s waters\nwould never again pass over the earth,\nso I have sworn not to be angry with you\nor rebuke you.|Keeps pinned waters of Noah, not variant days, and explicit oath analogy.
54:10|Mountains may move away\nand hills may shake,\nbut my faithful love will not move away from you,\nand my covenant of peace will not shake,”\nsays the **LORD**, who has compassion on you.|Preserves repeated move/shake vocabulary tying landscape to covenant.
54:11|“Afflicted one, storm-tossed and uncomforted,\nlook, I will set your stones in dark mortar\nand lay your foundations with sapphires.|Retains addressed distressed city and precious construction; mineral terms approximate.
54:12|I will make your battlements of rubies,\nyour gates of sparkling stones,\nand all your boundary walls of precious stones.|Preserves architectural distinctions without overclaiming mineral identification.
54:13|All your children will be taught by the **LORD**,\nand great will be your children’s peace.|Keeps repeated children rather than substituting builders.
54:14|You will be established in righteousness.\nKeep far from oppression, for you need not fear,\nand from terror, for it will not come near you.|Retains imperative distancing within assurance.
54:15|If anyone stirs up conflict, it is not from me.\nWhoever stirs up conflict with you will fall because of you.|Preserves contrast between hostile gathering and divine agency.
54:16|Look, I myself created the smith\nwho blows on the charcoal fire\nand produces a weapon for its work.\nI myself created the destroyer to ruin.|Retains repeated creator claim including destructive agent.
54:17|No weapon formed against you will succeed,\nand you will condemn every tongue\nthat rises against you in judgment.\nThis is the inheritance of the **LORD**’s servants;\ntheir vindication comes from me,” declares the **LORD**.|Links weapon and courtroom assurances to plural servants, not universal individual immunity.
55:1|“Come, all who thirst, come to the water!\nYou who have no silver, come, buy and eat!\nCome, buy wine and milk\nwithout silver, without a price.|Keeps paradoxical buying without payment and specific drinks.
55:2|Why weigh out silver for what is not bread,\nand spend your labor on what does not satisfy?\nListen carefully to me and eat what is good;\ndelight yourselves in rich food.|Retains weighing money and repeated listening as food imagery.
55:3|Incline your ears and come to me;\nlisten, so you may live.\nI will make an everlasting covenant with you,\nthe faithful acts of love promised to David.|Preserves Davidic covenant connection and plural faithful mercies.
55:4|Look, I made him a witness to peoples,\na leader and commander of peoples.|Retains him referring back to David and repeated peoples.
55:5|Look, you will call a nation you do not know,\nand a nation that does not know you will run to you,\nbecause of the **LORD** your God,\nIsrael’s Holy One, who has glorified you.”|Keeps shift to unnamed singular you rather than imposing an identity.
55:6|Seek the **LORD** while he may be found;\ncall to him while he is near.|Retains opportunity framed by while.
55:7|Let the wicked abandon their way\nand the wrongdoer their thoughts.\nLet them return to the **LORD**, who will have compassion,\nto our God, who abundantly forgives.|Links ways and thoughts to following divine comparison.
55:8|“For my thoughts are not your thoughts,\nand your ways are not my ways,” declares the **LORD**.|Preserves inverse order of thoughts and ways.
55:9|“As the heavens are higher than the earth,\nso my ways are higher than your ways\nand my thoughts than your thoughts.|Retains spatial analogy rather than generic unknowability.
55:10|As rain and snow come down from heaven\nand do not return there without watering the earth,\nmaking it bear and sprout,\ngiving seed to the sower and bread to the eater,|Preserves snow, growth stages and two recipients.
55:11|so will my word be that goes out from my mouth:\nit will not return to me empty.\nIt will accomplish what I desire\nand succeed in what I sent it to do.|Keeps sent word as effective agent.
55:12|For you will go out with joy\nand be led in peace.\nMountains and hills will break into song before you,\nand all the trees of the field will clap their hands.|Preserves creation’s bodily celebration and guided departure.
55:13|Instead of thornbushes, cypress will grow;\ninstead of nettles, myrtle will grow.\nThis will bring the **LORD** renown,\nan everlasting sign that will not be cut off.”|Keeps paired plant replacements and enduring sign.
56:1|This is what the **LORD** says:\n“Keep justice and do righteousness,\nfor my salvation is near to coming\nand my righteousness to being revealed.|Keeps human righteousness and divine righteousness linked.
56:2|Happy is the person who does this,\nthe human being who holds firmly to it,\nkeeping the Sabbath from profanation\nand their hand from doing any evil.”|Preserves Sabbath and conduct together; generic human terms inclusive.
56:3|Let no foreigner who has joined the **LORD** say,\n“The **LORD** will surely separate me from his people.”\nAnd let no eunuch say,\n“Look, I am a dry tree.”|Retains explicit outsider categories and infertility image.
56:4|For this is what the **LORD** says:\n“To the eunuchs who keep my Sabbaths,\nchoose what pleases me\nand hold firmly to my covenant,|Keeps named recipients and three conditions.
56:5|I will give within my house and my walls\na memorial and a name better than sons and daughters.\nI will give each one an everlasting name\nthat will not be cut off.|Preserves sons-daughters comparison and cut-off wordplay.
56:6|And the foreigners who join the **LORD** to serve him,\nto love the **LORD**’s name and become his servants,\nall who keep the Sabbath from profanation\nand hold firmly to my covenant—|Retains repeated LORD and foreigners’ positive service.
56:7|I will bring them to my holy mountain\nand give them joy in my house of prayer.\nTheir burnt offerings and sacrifices\nwill be accepted on my altar,\nfor my house will be called\na house of prayer for all peoples.”|Preserves sacrificial inclusion alongside universal prayer.
56:8|The Lord **GOD**, who gathers Israel’s outcasts, declares,\n“I will gather still others to him,\nbesides those already gathered.”|Keeps Israel and additional gathered groups without replacing either.
56:9|All you beasts of the field, come and eat,\nall you beasts in the forest!|Preserves abrupt threatening summons after inclusion.
56:10|His watchmen are blind;\nall of them lack knowledge.\nThey are all silent dogs, unable to bark,\ndreaming, lying down, loving sleep.|Follows read his-watchmen and keeps dog metaphor.
56:11|These dogs have fierce appetites;\nthey never know satisfaction.\nThey are shepherds without understanding.\nAll have turned to their own way,\neach seeking gain, every last one.|Keeps combined dogs-shepherds imagery and universal indictment.
56:12|“Come, let me get wine;\nlet us fill ourselves with strong drink!\nTomorrow will be like today,\nonly much, much better.”|Marks complacent leaders’ quoted voice and escalating boast.
57:1|The righteous perish, and no one takes it to heart.\nPeople of faithful love are taken away,\nand no one understands\nthat the righteous are taken away from evil.|Preserves neglected deaths and ambiguous removal from/because of evil.
57:2|They enter peace;\nthose who walk uprightly\nrest upon their beds.|Keeps death-rest image without expanding afterlife claims.
57:3|“But you, come here,\nchildren of a sorceress,\noffspring of an adulterer and a prostitute!|Retains accusatory parentage and sexual language.
57:4|Whom are you mocking?\nAt whom do you open your mouths and stick out your tongues?\nAre you not children of rebellion,\noffspring of falsehood,|Preserves taunting gestures and repeated offspring accusation.
57:5|you who burn with passion among the oaks,\nunder every green tree,\nwho slaughter children in the ravines,\nbeneath the clefts of the rocks?|Keeps child killing explicit, with ritual landscape.
57:6|Your portion is among the ravine’s smooth stones;\nthey, they are your lot.\nTo them you poured drink offerings\nand brought grain offerings.\nShould I relent over these things?|Preserves portion-stone wordplay as far as English permits and double they.
57:7|On a high and lofty mountain\nyou placed your bed;\nthere too you went up to offer sacrifice.|Keeps bed-sacrifice juxtaposition.
57:8|Behind the door and doorpost\nyou placed your memorial.\nLeaving me, you uncovered yourself and climbed up;\nyou widened your bed and made a pact with them.\nYou loved their bed;\nyou gazed on their nakedness.|Retains sexualized covenant infidelity; literal hand euphemism documented.
57:9|You went to the king with oil\nand multiplied your perfumes.\nYou sent your envoys far away\nand sank as low as Sheol.|Keeps king reading rather than silently substituting Molek.
57:10|Your long journey wearied you,\nbut you did not say, ‘It is hopeless.’\nYou found fresh strength,\nso you did not grow faint.|Retains persistence in condemned activity and idiomatic life-of-hand.
57:11|Whom did you dread and fear\nthat you lied,\nforgot me and gave me no thought?\nWas it because I kept silent so long\nthat you did not fear me?|Preserves direct questions and divine silence explanation.
57:12|I will expose your righteousness and your deeds;\nthey will not help you.|Keeps ironic righteousness rather than replacing accusation with a different noun.
57:13|When you cry out, let your collection rescue you!\nA wind will carry them all away;\na breath will take them.\nBut whoever takes refuge in me will inherit the land\nand possess my holy mountain.”|Leaves collection’s idol referent contextual; preserves wind-breath contrast.
57:14|And he will say, “Build up, build up! Clear the way!\nRemove every obstacle from my people’s road.”|Keeps unnamed he and repeated road-building command.
57:15|For this is what the high and exalted one says,\nwho dwells forever, whose name is Holy:\n“I dwell in a high and holy place,\nand with the crushed and lowly in spirit,\nto revive the spirit of the lowly\nand revive the heart of the crushed.|Preserves transcendence and presence with afflicted, repeated revive.
57:16|I will not contend forever\nnor remain angry always,\nfor the spirit would faint before me,\nthe living breath of those I made.|Keeps finite creature’s vulnerability as stated reason.
57:17|His sinful greed angered me, and I struck him;\nI hid myself in anger.\nYet he turned away and followed his own heart.|Retains divine striking and singular corporate subject.
57:18|I have seen his ways, but I will heal him;\nI will lead him and restore comfort\nto him and to those who mourn for him,|Preserves healing despite observed ways and mourners included.
57:19|creating the fruit of lips.\nPeace, peace, to the far and the near,”\nsays the **LORD**, “and I will heal him.”|Keeps fruit-of-lips image and doubled peace.
57:20|But the wicked are like a restless sea\nthat cannot be still,\nwhose waters toss up mud and mire.|Retains literal turbulent sea image.
57:21|“There is no peace for the wicked,” says my God.|Echoes 48:22 while preserving different divine designation.
58:1|“Cry out with a full throat; do not hold back!\nRaise your voice like a ram’s horn.\nTell my people their rebellion,\nthe house of Jacob their sins.|Keeps bodily shouting and shofar sound.
58:2|Day after day they seek me\nand delight in knowing my ways,\nas though they were a nation that did righteousness\nand had not abandoned its God’s justice.\nThey ask me for righteous judgments\nand delight in drawing near to God.|Preserves as-though exposure of apparent devotion.
58:3|‘Why have we fasted, and you have not seen?\nWhy humbled ourselves, and you have not noticed?’\nLook, on your fast day you pursue your own interests\nand drive all your workers hard.|Distinguishes people’s complaint from response and keeps labor exploitation explicit.
58:4|Look, you fast only to quarrel and fight\nand strike with a wicked fist.\nFasting as you do today\nwill not make your voice heard on high.|Preserves physical violence rather than general disagreement.
58:5|Is this the fast I choose,\na day for people to humble themselves?\nIs it bowing the head like a reed\nand spreading sackcloth and ashes?\nDo you call this a fast,\na day acceptable to the **LORD**?|Keeps rhetorical questions and tangible penitential acts.
58:6|Is not this the fast I choose:\nto loosen the bonds of wickedness,\nundo the straps of the yoke,\nrelease the oppressed,\nand break every yoke?|Retains bondage-release sequence and repeated every-yoke breadth.
58:7|Is it not sharing your bread with the hungry,\nbringing the homeless poor into your house,\nclothing the naked when you see them,\nand not hiding from your own flesh and blood?|Keeps concrete aid and kin obligation rather than generic kindness.
58:8|Then your light will break out like dawn,\nand your healing will spring up quickly.\nYour righteousness will go before you;\nthe **LORD**’s glory will guard your rear.|Preserves healing-growth image and front-rear protection.
58:9|Then you will call, and the **LORD** will answer;\nyou will cry for help, and he will say, ‘Here I am.’\nIf you remove the yoke from among you,\nthe pointing finger and harmful speech,|Keeps promised response followed by continuing conditions.
58:10|if you pour yourself out for the hungry\nand satisfy the afflicted,\nyour light will rise in darkness,\nand your gloom will be like noon.|Follows pinned self/life rather than substituting bread, with explanatory idiom.
58:11|The **LORD** will guide you continually,\nsatisfy you in parched places and strengthen your bones.\nYou will be like a watered garden,\nlike a spring whose waters never fail.|Keeps bodily bones and reliable-water imagery.
58:12|Your people will rebuild ancient ruins;\nyou will raise foundations laid generations ago.\nYou will be called Repairer of the Breach,\nRestorer of Streets to Live In.|Preserves civic restoration and two descriptive names.
58:13|If you restrain your foot on the Sabbath\nfrom pursuing your own interests on my holy day,\nif you call the Sabbath a delight\nand the **LORD**’s holy day honorable,\nif you honor it by not following your own ways,\npursuing your own interests or talking business,|Retains repeated own-interests language; final speech idiom interpretation noted.
58:14|then you will delight in the **LORD**.\nI will make you ride on the heights of the land\nand feed you with the inheritance of Jacob your father.”\nFor the **LORD**’s mouth has spoken.|Keeps delight echo and ancestral land inheritance.
59:1|Look, the **LORD**’s hand is not too short to save,\nnor his ear too dull to hear.|Links bodily images to 50:2 without adding inability claim.
59:2|Rather, your offenses have separated you from your God;\nyour sins have hidden his face from you,\nso he does not hear.|Preserves moral cause and hidden-face image.
59:3|Your palms are stained with blood,\nyour fingers with guilt.\nYour lips speak lies;\nyour tongue mutters injustice.|Keeps four body parts and bloodguilt specificity.
59:4|No one brings a case justly;\nno one pleads honestly.\nThey trust in emptiness and speak falsehood,\nconceive trouble and give birth to wrongdoing.|Preserves courtroom setting and conception metaphor.
59:5|They hatch vipers’ eggs\nand weave spiders’ webs.\nWhoever eats their eggs dies;\nwhen one is crushed, a snake hatches.|Keeps paired dangerous and useless products.
59:6|Their webs cannot become clothing;\nthey cannot cover themselves with what they make.\nTheir works are works of wrongdoing;\nacts of violence are in their hands.|Retains work repetition and failed clothing image.
59:7|Their feet run to evil;\nthey hurry to shed innocent blood.\nTheir thoughts are thoughts of wrongdoing;\ndevastation and destruction mark their highways.|Keeps innocent victims and repeated wrongdoing from previous verse.
59:8|They do not know the way of peace;\nthere is no justice in their tracks.\nThey have made their paths crooked;\nno one walking them knows peace.|Preserves peace frame and path metaphor throughout.
59:9|So justice is far from us,\nand righteousness does not reach us.\nWe wait for light, but there is darkness;\nfor brightness, but we walk in gloom.|Retains shift from they to confessing we.
59:10|We grope along a wall like the blind,\ngroping like people without eyes.\nWe stumble at noon as at dusk;\namong the vigorous we are like the dead.|Preserves difficult vigorous/dead contrast; lexical uncertainty noted.
59:11|We all growl like bears\nand moan and moan like doves.\nWe wait for justice, but there is none;\nfor salvation, but it is far from us.|Keeps two animal sounds and repeated moaning.
59:12|For our rebellions before you are many,\nand our sins testify against us.\nOur rebellions are with us;\nwe know our offenses:|Preserves courtroom testimony and self-knowledge.
59:13|rebelling and denying the **LORD**,\nturning back from following our God,\nspeaking oppression and revolt,\nconceiving and uttering lying words from the heart.|Keeps confession’s concrete verbal and relational failures.
59:14|Justice is driven backward,\nand righteousness stands far away.\nTruth stumbles in the public square,\nand honesty cannot enter.|Retains personified virtues excluded from civic space.
59:15|Truth is missing,\nand whoever turns from evil becomes prey.\nThe **LORD** saw it, and it displeased him\nthat there was no justice.|Keeps risk borne by those rejecting evil and divine observation.
59:16|He saw that there was no one\nand was appalled that no one intervened.\nSo his own arm brought him salvation,\nand his righteousness sustained him.|Preserves divine astonishment and his own saving arm.
59:17|He put on righteousness as a breastplate\nand a helmet of salvation on his head.\nHe dressed in garments of vengeance\nand wrapped himself in zeal like a cloak.|Keeps all four items of divine warrior clothing.
59:18|He will repay according to their deeds:\nfury to his adversaries, repayment to his enemies;\nto the coastlands he will repay what is due.|Preserves repetitive repayment and geographic reach.
59:19|From the west they will fear the **LORD**’s name,\nand from the sunrise his glory.\nFor he will come like a rushing river\ndriven by the **LORD**’s wind.|Chooses divine rushing-stream syntax; enemy-and-banner alternative documented.
59:20|“A Redeemer will come to Zion,\nto those in Jacob who turn from rebellion,”\ndeclares the **LORD**.|Preserves pinned to-Zion and repentant recipients without importing another textual form.
59:21|“As for me, this is my covenant with them,” says the **LORD**. “My Spirit upon you, and my words that I have put in your mouth, will not depart from your mouth, from your offspring’s mouths, or from the mouths of their offspring,” says the **LORD**, “from now and forever.”|Retains three generations and shift from them to singular you.
60:1|Rise, shine, for your light has come!\nThe **LORD**’s glory has risen upon you.|Keeps feminine city addressed through context and dawn image.
60:2|Look, darkness covers the earth\nand thick gloom the peoples,\nbut the **LORD** rises upon you,\nand his glory appears over you.|Preserves contrasting illumination without erasing global darkness.
60:3|Nations will walk toward your light,\nand kings toward the brightness of your dawn.|Keeps nations and kings distinct.
60:4|Lift your eyes and look around:\nthey have all gathered and come to you.\nYour sons come from far away;\nyour daughters are carried on the hip.|Preserves reunion formula and gendered children with carrying posture.
60:5|Then you will see and beam with joy;\nyour heart will tremble and open wide.\nFor the sea’s abundance will turn toward you;\nthe nations’ wealth will come to you.|Keeps physical heart reaction and maritime wealth.
60:6|A flood of camels will cover you,\nyoung camels from Midian and Ephah.\nThey will all come from Sheba,\ncarrying gold and frankincense\nand proclaiming the **LORD**’s praises.|Retains named trading peoples, animals and gifts.
60:7|All Kedar’s flocks will gather to you;\nNebaioth’s rams will serve you.\nThey will rise as acceptable offerings on my altar,\nand I will glorify my glorious house.|Keeps sacrificial purpose and repeated glory-root.
60:8|Who are these flying like a cloud,\nlike doves to their windows?|Preserves simile and question before ships named.
60:9|For the coastlands wait for me,\nwith Tarshish’s ships in the lead,\nto bring your sons from far away,\ntheir silver and gold with them,\nfor the name of the **LORD** your God,\nIsrael’s Holy One, who has glorified you.|Keeps divine first-person speaker and destination’s honor.
60:10|Foreigners will rebuild your walls,\nand their kings will serve you.\nIn my anger I struck you,\nbut in my favor I have compassion on you.|Preserves subservience and divine striking rather than generic reconciliation.
60:11|Your gates will always stand open;\nday and night they will not close,\nso the nations’ wealth may be brought to you,\nwith their kings led in procession.|Keeps continuous opening and led kings ambiguity.
60:12|For the nation or kingdom that will not serve you will perish;\nthose nations will be utterly devastated.|Retains coercive threat in restoration vision.
60:13|Lebanon’s glory will come to you,\ncypress, plane and pine together,\nto beautify my sanctuary’s place.\nI will glorify the place of my feet.|Maintains three tree terms consistently with 41:19 and temple-foot image.
60:14|The children of those who afflicted you\nwill come bowing before you.\nAll who despised you will bow at your feet\nand call you the **LORD**’s City,\nZion of Israel’s Holy One.|Keeps offspring of oppressors and city’s two titles.
60:15|Once abandoned and hated,\nwith no one passing through,\nI will make you an everlasting pride,\na joy from generation to generation.|Preserves deserted city reversal and durable joy.
60:16|You will suck the milk of nations\nand nurse at kings’ breasts.\nThen you will know that I am the **LORD**, your Savior,\nyour Redeemer, the Mighty One of Jacob.|Retains startling male royal nursing image rather than financial paraphrase.
60:17|Instead of bronze I will bring gold;\ninstead of iron, silver;\ninstead of wood, bronze;\ninstead of stone, iron.\nI will appoint Peace as your overseer\nand Righteousness as your taskmaster.|Preserves all four substitutions and transformed authority titles.
60:18|Violence will no longer be heard in your land,\nnor devastation and destruction within your borders.\nYou will call your walls Salvation\nand your gates Praise.|Keeps civic naming and end of violence.
60:19|The sun will no longer be your light by day,\nnor the moon give you brightness.\nThe **LORD** will be your everlasting light,\nand your God your glory.|Retains replacement of luminaries by divine light.
60:20|Your sun will never again set,\nnor your moon withdraw,\nfor the **LORD** will be your everlasting light,\nand your days of mourning will end.|Preserves sun-moon imagery even after previous replacement claim.
60:21|All your people will be righteous;\nthey will possess the land forever—\na shoot I planted, the work of my hands,\nthat I may be glorified.|Follows read my planting and retains corporate shoot image.
60:22|The smallest will become a thousand,\nthe least a mighty nation.\nI am the **LORD**;\nat its time I will hasten it.|Preserves thousand and appointed-time/hasten tension.
61:1|The Spirit of the Lord **GOD** is upon me,\nbecause the **LORD** has anointed me\nto bring good news to the afflicted.\nHe has sent me to bind up the brokenhearted,\nto proclaim freedom to captives\nand release to prisoners,|Keeps anointed unnamed speaker, afflicted recipients and difficult release expression without importing Greek additions.
61:2|to proclaim the **LORD**’s year of favor\nand our God’s day of vengeance,\nto comfort all who mourn,|Preserves vengeance alongside favor and differing year/day units.
61:3|to provide for those who mourn in Zion:\nto give them a splendid headdress instead of ashes,\nthe oil of joy instead of mourning,\na garment of praise instead of a faint spirit.\nThey will be called oaks of righteousness,\nthe **LORD**’s planting, to display his glory.|Keeps three exchanges and oak image; headdress-ashes wordplay noted.
61:4|They will rebuild ancient ruins,\nraise places devastated long ago,\nand renew ruined cities,\nplaces desolate for generations.|Preserves repeated ruin terms across restoration actions.
61:5|Strangers will stand and tend your flocks;\nforeigners will be your farmers and vine growers.|Keeps foreign labor relationship rather than generic cooperation.
61:6|But you will be called the **LORD**’s priests;\nyou will be named ministers of our God.\nYou will eat the nations’ wealth\nand take pride in their splendor.|Preserves contrast of roles and nations’ resources.
61:7|Instead of your shame, a double portion;\ninstead of humiliation, they will shout for joy over their share.\nSo they will inherit a double portion in their land,\nand everlasting joy will be theirs.|Keeps second-to-third person shift and repeated double.
61:8|“For I, the **LORD**, love justice;\nI hate robbery in a burnt offering.\nI will faithfully give them their reward\nand make an everlasting covenant with them.|Follows pinned burnt-offering vocalization; alternative wrongdoing noted.
61:9|Their offspring will be known among the nations,\ntheir descendants among the peoples.\nAll who see them will recognize\nthat they are offspring the **LORD** has blessed.”|Preserves recognition of descendants as blessed.
61:10|I rejoice greatly in the **LORD**;\nmy whole being exults in my God.\nHe has clothed me in garments of salvation\nand wrapped me in a robe of righteousness,\nlike a bridegroom wearing a priestly headdress,\nlike a bride adorning herself with jewels.|Retains both bridegroom and bride and priestly verb nuance.
61:11|As the earth brings out its shoots\nand a garden makes its seeds sprout,\nso the Lord **GOD** will make righteousness and praise\nsprout before all the nations.|Keeps growth repetition and worldwide witness.
62:1|For Zion’s sake I will not be silent;\nfor Jerusalem’s sake I will not rest,\nuntil her righteousness shines like dawn\nand her salvation burns like a torch.|Leaves first-person speaker unnamed and keeps two light images.
62:2|Nations will see your righteousness,\nand all kings your glory.\nYou will be called by a new name\nthat the **LORD**’s mouth will pronounce.|Preserves name given by divine mouth.
62:3|You will be a splendid crown in the **LORD**’s hand,\na royal diadem in your God’s palm.|Keeps crown held rather than worn and hand/palm pairing.
62:4|You will no longer be called Abandoned,\nnor your land Desolate.\nYou will be called My Delight Is in Her,\nand your land Married,\nfor the **LORD** delights in you,\nand your land will be married.|Translates meaningful names and repeats marriage verb.
62:5|As a young man marries a virgin,\nso your sons will marry you.\nAs a bridegroom rejoices over a bride,\nso your God will rejoice over you.|Preserves pinned sons and startling city-marriage metaphor; builders alternative noted.
62:6|On your walls, Jerusalem, I have stationed watchmen;\nall day and all night they will never be silent.\nYou who remind the **LORD**, take no rest,|Keeps divine-reminder role and unceasing watch.
62:7|and give him no rest\nuntil he establishes Jerusalem\nand makes her a praise in the earth.|Preserves striking command to deny God rest.
62:8|The **LORD** has sworn by his right hand\nand by his mighty arm:\n“I will never again give your grain as food to your enemies,\nnor will foreigners drink the new wine you worked for.|Keeps oath limbs and protection of labor’s products.
62:9|Those who gather the grain will eat it\nand praise the **LORD**;\nthose who gather the grapes will drink their wine\nin my holy courts.”|Clarifies crop referents while retaining first-person courts.
62:10|Pass through, pass through the gates!\nPrepare the people’s road.\nBuild up, build up the highway;\nclear away the stones.\nRaise a banner over the peoples!|Preserves repeated movement and construction commands.
62:11|Look, the **LORD** has announced to the ends of the earth:\n“Say to Daughter Zion, ‘Look, your salvation is coming!\nLook, his reward is with him,\nand his recompense goes before him.’”|Keeps salvation personified and echoes 40:10.
62:12|They will call them Holy People,\nRedeemed of the **LORD**.\nAnd you will be called Sought Out,\nA City Not Abandoned.|Preserves plural people and singular city’s distinct names.
63:1|Who is this coming from Edom,\nfrom Bozrah in crimson-stained clothes,\nsplendid in his garments,\nstriding in his great strength?\n“It is I, speaking in righteousness,\nmighty to save.”|Marks question and divine answer while keeping Edom and Bozrah.
63:2|Why are your clothes red,\nyour garments like those of someone treading a winepress?|Retains question that exposes wine-blood metaphor.
63:3|“I have trodden the press alone;\nno one from the peoples was with me.\nI trod them in my anger\nand trampled them in my fury.\nTheir lifeblood spattered my clothes;\nI stained all my garments.|Preserves violent agency and alone emphasis.
63:4|For a day of vengeance was in my heart,\nand the year of my redeemed had come.|Keeps redemption tied to vengeance, with distinct time units.
63:5|I looked, but there was no helper;\nI was appalled, but there was no supporter.\nSo my own arm brought me salvation,\nand my fury sustained me.|Echoes 59:16 but preserves fury rather than righteousness.
63:6|I trampled peoples in my anger,\nmade them drunk in my fury,\nand poured their lifeblood onto the ground.”|Keeps intoxication and slaughter imagery together.
63:7|I will recount the **LORD**’s faithful acts of love,\nthe **LORD**’s praiseworthy deeds,\nfor all the **LORD** has done for us—\nhis great goodness to the house of Israel,\nshown according to his compassion\nand his abundant faithful love.|Preserves three divine names and hesed framing.
63:8|He said, “Surely they are my people,\nchildren who will not deal falsely.”\nSo he became their Savior.|Keeps divine expectation that following rebellion contradicts.
63:9|In all their distress he was distressed,\nand the messenger of his presence saved them.\nIn his love and pity he redeemed them;\nhe lifted them up and carried them all the days of old.|Follows read to-him distress; written not and messenger interpretations noted.
63:10|But they rebelled and grieved his holy Spirit.\nSo he turned into their enemy;\nhe himself fought against them.|Retains reversal and direct divine hostility.
63:11|Then his people remembered the days of old, the days of Moses:\n“Where is the one who brought them up from the sea\nwith the shepherds of his flock?\nWhere is the one who put his holy Spirit among them,|Chooses people as ambiguous remembering subject; preserves plural shepherds.
63:12|who sent his glorious arm\nat Moses’ right hand,\nwho split the waters before them\nto make an everlasting name for himself,|Keeps arm beside Moses and purpose of name.
63:13|who led them through the depths?\nLike a horse in open country,\nthey did not stumble.|Preserves dry-ground horse simile in water crossing.
63:14|Like cattle going down into a valley,\nthe **LORD**’s Spirit gave them rest.\nSo you led your people\nto make yourself a glorious name.”|Keeps animal comparison and shift from he to you.
63:15|Look down from heaven and see,\nfrom your holy and glorious dwelling.\nWhere are your zeal and your mighty deeds?\nYour deep stirring and compassion\nare withheld from me.|Retains singular me within communal lament and bodily compassion.
63:16|For you are our Father,\nthough Abraham does not know us\nand Israel does not recognize us.\nYou, **LORD**, are our Father;\nOur Redeemer from of Old is your name.|Preserves ancestral nonrecognition and repeated Father.
63:17|Why, **LORD**, do you make us wander from your ways\nand harden our hearts so we do not fear you?\nReturn for your servants’ sake,\nthe tribes of your inheritance.|Keeps accusatory divine causatives instead of softening to mere permission.
63:18|Your holy people possessed it only a little while;\nour adversaries have trampled your sanctuary.|Preserves unspecified possession object and sanctuary harm.
63:19|We have become like those you never ruled,\nthose over whom your name was never called.|Maps first part of Hebrew 63:19 to public label without duplicating following plea.
64:1|If only you would tear open the heavens and come down,\nso the mountains would quake before you!|Maps latter part of Hebrew 63:19 to public 64:1; keeps wish and divine descent.
64:2|As fire ignites brushwood,\nas fire makes water boil,\nmake your name known to your adversaries,\nso nations tremble before you.|Maps Hebrew 64:1; preserves two fire similes and purpose.
64:3|When you did awesome things we did not expect,\nyou came down, and mountains quaked before you.|Keeps recalled descent and repetition from plea.
64:4|From ancient times no one has heard,\nno ear has perceived, no eye has seen\na God besides you\nwho acts for those who wait for him.|Preserves hearing/seeing sequence and waiting recipients.
64:5|You meet those who rejoice and do righteousness,\nwho remember you in your ways.\nLook, you were angry, and we sinned;\nwe have long been in them—can we be saved?|Retains difficult in-them clause rather than silently reconstructing certainty.
64:6|All of us have become like someone unclean;\nall our righteous deeds are like a menstrual cloth.\nAll of us wither like a leaf,\nand our offenses carry us away like wind.|Preserves ritual bodily image and repeated all-us confession.
64:7|No one calls on your name\nor stirs themselves to take hold of you,\nfor you have hidden your face from us\nand made us melt under the power of our offenses.|Keeps divine causative and literal melting image in idiomatic context.
64:8|Yet now, **LORD**, you are our Father.\nWe are the clay, and you are our potter;\nall of us are the work of your hand.|Preserves father and artisan metaphors together.
64:9|Do not be so deeply angry, **LORD**;\ndo not remember guilt forever.\nPlease look: all of us are your people.|Keeps petition’s repeated all-us claim.
64:10|Your holy cities have become wilderness;\nZion has become wilderness,\nJerusalem a desolation.|Preserves repeated wilderness and named city.
64:11|Our holy and glorious house,\nwhere our ancestors praised you,\nhas been burned with fire;\nall we treasured lies in ruins.|Keeps concrete destroyed temple and wider treasured places.
64:12|In the face of all this, will you hold back, **LORD**?\nWill you stay silent and afflict us so deeply?|Ends lament in unresolved questions, not supplied reassurance.
65:1|“I made myself available to those who did not ask;\nI let myself be found by those who did not seek me.\nI said, ‘Here I am, here I am,’\nto a nation that did not call on my name.|Preserves doubled availability and unidentified nation.
65:2|All day long I spread out my hands\nto a rebellious people\nwalking a way that is not good,\nfollowing their own thoughts.|Keeps extended divine gesture and moral path.
65:3|These people continually provoke me to my face,\nsacrificing in gardens\nand burning offerings on bricks,|Preserves specific ritual settings without invented deity.
65:4|sitting among graves,\nspending the night in secret places,\neating pig’s flesh,\nwith broth of offensive things in their pots.|Follows read broth and retains prohibited food and grave rites.
65:5|They say, ‘Keep to yourself! Do not come near me,\nfor I am too holy for you.’\nThese are smoke in my nostrils,\na fire burning all day.|Preserves holiness claim and divine bodily irritation.
65:6|Look, it is written before me.\nI will not be silent; I will repay,\nrepay right into their laps|Keeps repeated repayment and ledger-like image.
65:7|your offenses and your ancestors’ offenses together,”\nsays the **LORD**.\n“They burned offerings on mountains\nand insulted me on hills.\nI will first measure their payment into their laps.”|Retains you/their shift and inherited plus current offenses.
65:8|This is what the **LORD** says:\n“As when new wine is found in a cluster\nand someone says, ‘Do not destroy it; there is a blessing in it,’\nso I will act for my servants’ sake\nand not destroy them all.|Keeps saved grape cluster as limited preservation image.
65:9|I will bring offspring out of Jacob,\nand from Judah an heir to my mountains.\nMy chosen ones will possess the land,\nand my servants will live there.|Preserves ancestral names and specific mountain inheritance.
65:10|Sharon will become pasture for flocks,\nand the Valley of Achor a resting place for cattle,\nfor my people who seek me.|Keeps two places and animal uses.
65:11|But you who abandon the **LORD**,\nwho forget my holy mountain,\nwho set a table for Fortune\nand fill bowls of mixed wine for Destiny—|Translates deity names with capitals and preserves ritual meal.
65:12|I will destine you for the sword;\nall of you will bow down for slaughter,\nbecause I called and you did not answer,\nI spoke and you did not listen.\nYou did what was evil in my eyes\nand chose what did not please me.”|Preserves Destiny/destine pun and repeated failed response.
65:13|So this is what the Lord **GOD** says:\n“Look, my servants will eat, but you will hunger.\nLook, my servants will drink, but you will thirst.\nLook, my servants will rejoice, but you will be ashamed.|Keeps three repeated look-servants contrasts.
65:14|Look, my servants will sing from glad hearts,\nbut you will cry out from aching hearts\nand howl from broken spirits.|Retains bodily emotional contrast and howling intensity.
65:15|You will leave your name as a curse for my chosen ones:\n‘May the Lord **GOD** put you to death!’\nBut he will call his servants by another name.|Marks curse-formula interpretation; alternative direct prediction noted.
65:16|Whoever seeks a blessing in the land\nwill seek it by the God of Amen,\nand whoever swears in the land\nwill swear by the God of Amen.\nFor the former troubles are forgotten\nand hidden from my eyes.|Preserves repeated Hebrew Amen title with vocabulary explanation.
65:17|For look, I am creating new heavens and a new earth.\nThe former things will not be remembered\nnor come to mind.|Keeps creation claim without importing later cosmology.
65:18|Instead, rejoice and be glad forever in what I create,\nfor look, I am creating Jerusalem as gladness\nand her people as joy.|Retains city created as joy, not merely given joy.
65:19|I will be glad in Jerusalem\nand rejoice in my people.\nNo sound of weeping or cry of distress\nwill be heard in her again.|Preserves divine joy and abolished lament sounds.
65:20|No infant there will live only a few days,\nno old person fail to complete their years.\nSomeone dying at a hundred will be a youth;\nsomeone falling short of a hundred will be considered cursed.|Keeps death within renewed-world vision; sinner alternative noted.
65:21|They will build houses and live in them;\nthey will plant vineyards and eat their fruit.|Retains enjoyment of own labor.
65:22|They will not build for another to inhabit\nnor plant for another to eat.\nMy people’s days will be like a tree’s days;\nmy chosen ones will long enjoy the work of their hands.|Keeps tree longevity and reversal of dispossession.
65:23|They will not labor for nothing\nnor bear children for terror,\nfor they are offspring blessed by the **LORD**,\nand their descendants are with them.|Preserves childbirth free of calamity, not generic success promise.
65:24|Before they call, I will answer;\nwhile they are still speaking, I will hear.|Retains temporal reversal of earlier unanswered prayer.
65:25|Wolf and lamb will graze together;\nthe lion will eat straw like cattle,\nand dust will be the serpent’s food.\nThey will neither harm nor destroy\non all my holy mountain,” says the **LORD**.|Keeps serpent’s dust exception and echoes 11:9.
66:1|This is what the **LORD** says:\n“Heaven is my throne,\nand earth my footstool.\nWhat kind of house could you build for me?\nWhat place could be my resting place?|Preserves temple question rather than categorical denial of worship.
66:2|My hand made all these things,\nand so all these things came to be,” declares the **LORD**.\n“But this is the one I look toward:\nthe afflicted and crushed in spirit,\nwho trembles at my word.|Keeps repeated all-these and favored vulnerable hearer.
66:3|One slaughters an ox—and kills a person;\none sacrifices a lamb—and breaks a dog’s neck;\none brings a grain offering—and pig’s blood;\none burns memorial incense—and blesses an idol.\nThey have chosen their own ways\nand delight in their offensive things.|Preserves terse paired acts; equivalence versus combined practices noted.
66:4|So I too will choose harsh treatment for them\nand bring upon them what they dread,\nbecause I called and no one answered,\nI spoke and they did not listen.\nThey did what was evil in my eyes\nand chose what did not please me.”|Echoes 65:12 and repeated choosing on both sides.
66:5|Hear the **LORD**’s word, you who tremble at his word:\n“Your brothers who hate you\nand exclude you because of my name say,\n‘Let the **LORD** be glorified,\nso we may see your joy!’\nBut they will be put to shame.”|Retains hostile brothers’ religious taunt and ambiguous tone.
66:6|A sound of uproar from the city!\nA sound from the temple!\nThe sound of the **LORD**\nrepaying his enemies what they deserve!|Keeps threefold sound build-up.
66:7|Before she labored, she gave birth;\nbefore pain came upon her,\nshe delivered a son.|Preserves miraculous chronology and male child.
66:8|Who has heard of such a thing?\nWho has seen anything like it?\nCan a land be brought forth in one day,\na nation born in a moment?\nYet as soon as Zion labored,\nshe gave birth to her children.|Keeps four questions and mother-city identification.
66:9|“Would I bring to the point of birth and not deliver?” says the **LORD**.\n“Would I, who bring about birth, close the womb?” says your God.|Preserves both childbirth questions and divine titles.
66:10|Rejoice with Jerusalem and be glad in her,\nall who love her.\nRejoice greatly with her,\nall who mourn over her,|Keeps mourners invited into joy.
66:11|so you may nurse and be satisfied\nat her comforting breast,\nso you may drink deeply and delight\nin her overflowing glory.|Preserves maternal bodily nourishment.
66:12|For this is what the **LORD** says:\n“Look, I will extend peace to her like a river\nand the nations’ glory like an overflowing stream.\nYou will nurse, be carried on the hip,\nand be dandled on the knees.|Keeps water and nursing images side by side.
66:13|As a mother comforts her child,\nso I will comfort you;\nin Jerusalem you will be comforted.”|Preserves direct maternal divine comparison and repeated comfort.
66:14|You will see, and your hearts will rejoice;\nyour bones will flourish like grass.\nThe **LORD**’s hand will be known among his servants,\nand his indignation among his enemies.|Keeps bones-growth image and contrasting divine responses.
66:15|For look, the **LORD** will come in fire,\nhis chariots like a whirlwind,\nto render his anger in fury\nand his rebuke in flames of fire.|Retains fiery warrior arrival.
66:16|For with fire and his sword\nthe **LORD** will judge all flesh,\nand many will be slain by the **LORD**.|Preserves explicit deaths and repeated divine name.
66:17|“Those who consecrate and purify themselves to enter the gardens, following the one in the middle, eating pig’s flesh, offensive things and mice—they will come to an end together,” declares the **LORD**.|Keeps ritual purification used in condemned worship and all foods; read feminine one noted.
66:18|“And I—their deeds and their thoughts! The time is coming to gather all nations and languages; they will come and see my glory.|Preserves incomplete opening rather than silently adding know; supplied time clarifies following feminine participle.
66:19|I will set a sign among them and send survivors from them to the nations: Tarshish, Pul, Lud—those who draw the bow—Tubal, Javan and distant coastlands that have not heard of me or seen my glory. They will tell of my glory among the nations.|Retains pinned Pul rather than Put and complete geographical list.
66:20|They will bring all your brothers from all the nations as an offering to the **LORD**—on horses, in chariots and wagons, on mules and swift beasts—to my holy mountain, Jerusalem,” says the **LORD**, “just as the Israelites bring a grain offering in a clean vessel to the **LORD**’s house.|Preserves transport list and human-offering comparison; final animal term uncertain.
66:21|And I will also take some of them as priests and Levites,” says the **LORD**.|Leaves them’s antecedent unresolved rather than restricting inclusion.
66:22|“For as the new heavens and new earth I am making\nwill endure before me,” declares the **LORD**,\n“so your offspring and your name will endure.|Keeps creation’s endurance as analogy for people’s continuity.
66:23|From new moon to new moon\nand Sabbath to Sabbath,\nall flesh will come to bow before me,” says the **LORD**.|Retains calendar observances and universal bodily worship.
66:24|“They will go out and look at the corpses\nof those who rebelled against me.\nTheir worm will not die,\nand their fire will not go out.\nThey will be an abhorrence to all flesh.”|Preserves corpses, unending worm/fire and disturbing final word without importing later doctrine.
