5:1|These are the descendants of Reuben, Israel’s firstborn. He was the firstborn, but when he defiled his father’s bed, his birthright was given to the sons of Joseph son of Israel. The genealogy was not to be reckoned by birthright.|Distinguish birth order, transferred rights, and genealogical reckoning without forcing the last clause’s subject.
5:2|Judah became strong among his brothers, and a ruler came from him, but the birthright belonged to Joseph.|Keep political leadership distinct from Joseph’s birthright.
5:3|Reuben, Israel’s firstborn, had these sons: Hanoch, Pallu, Hezron, and Carmi.|Retain the repeated firstborn designation and all four names.
5:4|Joel’s line continued through his son Shemaiah, then Gog, then Shimei,|Render successive his-son links as a descending line.
5:5|then Micah, Reaiah, Baal,|Continue the same generations across the verse break.
5:6|and Beerah, whom Tilgath-pilneser king of Assyria deported. Beerah was a leader of the Reubenites.|Name the deported leader clearly and retain Chronicles’ royal-name form.
5:7|His relatives, listed by clans in their genealogical records, included Jeiel the head, Zechariah,|Keep the clan register distinct from the direct line.
5:8|and Bela son of Azaz, son of Shema, son of Joel. Bela lived in Aroer, with his territory extending to Nebo and Baal-meon.|Make the named resident clear without losing ancestry or boundaries.
5:9|To the east he occupied land as far as the edge of the wilderness stretching from the Euphrates River, because their herds had grown numerous in Gilead.|Preserve the geographic reach and the reason for expansion.
5:10|In Saul’s days they made war on the Hagrites and defeated them. They settled in their tents throughout the region east of Gilead.|Keep war, displacement, and occupation in sequence.
5:11|The descendants of Gad lived beside them in Bashan, as far as Salecah.|Locate Gad relative to Reuben.
5:12|Joel was the head, Shapham second, with Janai and Shaphat in Bashan.|Retain named ranks without inventing a fuller hierarchy.
5:13|Their relatives by ancestral household were Michael, Meshullam, Sheba, Jorai, Jacan, Zia, and Eber—seven.|Preserve seven distinct household names.
5:14|They were descendants of Abihail son of Huri, son of Jaroah, son of Gilead, son of Michael, son of Jeshishai, son of Jahdo, son of Buz.|Keep every link in the ascending pedigree.
5:15|Ahi son of Abdiel, son of Guni, headed their ancestral household.|Identify Ahi’s leadership and both ancestors.
5:16|They lived in Gilead, in Bashan and its villages, and in all Sharon’s pasturelands out to their boundaries.|Retain all three settlement descriptions.
5:17|All of them were entered in genealogical records in the days of Jotham king of Judah and Jeroboam king of Israel.|Keep both royal reference points without harmonizing chronology.
5:18|The Reubenites, Gadites, and half-tribe of Manasseh had 44,760 capable fighting men, trained for war, who carried shield and sword and drew the bow.|Keep the exact total and distinct military skills.
5:19|They fought the Hagrites, Jetur, Naphish, and Nodab.|Retain all four opposing groups.
5:20|They received help against them, and the Hagrites and all their allies were handed over to them. They had cried out to God during the battle, and he answered because they trusted him.|Preserve the narrator’s explanation of the victory.
5:21|They captured the livestock: fifty thousand camels, two hundred fifty thousand sheep and goats, and two thousand donkeys. They also took a hundred thousand people captive.|Distinguish captive people from the livestock while preserving all counts.
5:22|Many fell slain, because the battle was from God. The victors lived in their place until the exile.|Keep the attribution of battle to God and the resulting deaths.
5:23|The people of the half-tribe of Manasseh lived in the land from Bashan to Baal-hermon, Senir, and Mount Hermon. They had become numerous.|Preserve the three northern place names and population growth.
5:24|Their ancestral household heads were Epher, Ishi, Eliel, Azriel, Jeremiah, Hodaviah, and Jahdiel—mighty warriors, men of renown, heads of their ancestral households.|Retain the repeated household designation and all seven leaders.
5:25|But they were unfaithful to the God of their ancestors. They went whoring after the gods of the peoples of the land whom God had destroyed before them.|Keep the religious infidelity image and the destruction of earlier peoples.
5:26|So the God of Israel stirred the spirit of Pul king of Assyria and the spirit of Tilgath-pilneser king of Assyria. He deported the Reubenites, Gadites, and half-tribe of Manasseh and brought them to Halah, Habor, Hara, and the river of Gozan, where they remain to this day.|Retain both royal designations and the narrator’s divine agency claim.
6:1|Levi’s sons were Gershon, Kohath, and Merari.|Retain the three foundational Levitical lines.
6:2|Kohath’s sons were Amram, Izhar, Hebron, and Uzziel.|Keep all four names in source order.
6:3|Amram’s children were Aaron, Moses, and Miriam. Aaron’s sons were Nadab, Abihu, Eleazar, and Ithamar.|Use children for the explicitly mixed sibling group and sons for Aaron’s male descendants.
6:4|Eleazar fathered Phinehas, and Phinehas fathered Abishua.|Keep successive fatherhood links explicit.
6:5|Abishua fathered Bukki, and Bukki fathered Uzzi.|Preserve the two-generation sequence.
6:6|Uzzi fathered Zerahiah, and Zerahiah fathered Meraioth.|Keep each father linked to his named son.
6:7|Meraioth fathered Amariah, and Amariah fathered Ahitub.|Retain the repeated fathered pattern through the pedigree.
6:8|Ahitub fathered Zadok, and Zadok fathered Ahimaaz.|Keep the priestly line’s two links.
6:9|Ahimaaz fathered Azariah, and Azariah fathered Johanan.|Preserve the sequence before the next Azariah.
6:10|Johanan fathered Azariah, who served as priest in the house Solomon built in Jerusalem.|Keep the second Azariah and his temple service.
6:11|Azariah fathered Amariah, and Amariah fathered Ahitub.|Retain repeated names rather than merging generations.
6:12|Ahitub fathered Zadok, and Zadok fathered Shallum.|Keep this Zadok’s place in the later line.
6:13|Shallum fathered Hilkiah, and Hilkiah fathered Azariah.|Preserve the Hilkiah-to-Azariah link.
6:14|Azariah fathered Seraiah, and Seraiah fathered Jehozadak.|Keep the final two fatherhood links before exile.
6:15|Jehozadak went into exile when the LORD deported Judah and Jerusalem through Nebuchadnezzar.|Preserve the LORD’s agency and the named human agent.
6:16|Levi’s sons were Gershom, Kohath, and Merari.|Retain Gershom here alongside Gershon in verse 1.
6:17|Gershom’s sons were named Libni and Shimei.|Keep both sons and the naming formula.
6:18|Kohath’s sons were Amram, Izhar, Hebron, and Uzziel.|Retain the deliberate repetition of the four branches.
6:19|Merari’s sons were Mahli and Mushi. These were the Levitical clans by their ancestry.|Close the clan introduction while keeping both sons.
6:20|Gershom’s line ran through Libni his son, then Jahath, then Zimmah,|Clarify that the list descends through successive generations.
6:21|then Joah, Iddo, Zerah, and Jeatherai.|Continue the descending line across the verse break.
6:22|Kohath’s line ran through Amminadab his son, then Korah, then Assir,|Keep Amminadab as written rather than harmonizing to Izhar.
6:23|then Elkanah, Ebiasaph, and Assir,|Retain the second Assir in this sequence.
6:24|then Tahath, Uriel, Uzziah, and Shaul.|Complete the descending sequence without dropping names.
6:25|Elkanah’s sons were Amasai and Ahimoth.|Keep the two sons as a separate branching notice.
6:26|Elkanah: the descendants of Elkanah continued through Zophai his son, then Nahath,|Retain the difficult repeated Elkanah with the read descendants form; explain uncertainty in a note.
6:27|then Eliab, Jeroham, and Elkanah.|Preserve these forms rather than harmonizing with verses 34–35.
6:28|Samuel’s sons were Vashni the firstborn, and Abijah.|Retain the difficult pinned wording rather than silently supplying Joel.
6:29|Merari’s line ran through Mahli, then Libni his son, Shimei, and Uzzah,|Preserve the descending sequence from Merari through Mahli.
6:30|then Shimea, Haggiah, and Asaiah.|Complete Merari’s line in the stated order.
6:31|These are the men David put in charge of song in the LORD’s house after the ark came to rest.|Link the musicians’ appointment with the resting ark.
6:32|They served with song before the tabernacle, the tent of meeting, until Solomon built the LORD’s house in Jerusalem. They carried out their service according to their assigned order.|Keep the transition from tent to temple and ordered service.
6:33|These are the men who served, together with their sons. From the Kohathites: Heman the singer, son of Joel, son of Samuel,|Introduce the singer’s ascending pedigree without confusing it with earlier descending lists.
6:34|son of Elkanah, son of Jeroham, son of Eliel, son of Toah,|Preserve Eliel and Toah as this record gives them.
6:35|son of Zuph, son of Elkanah, son of Mahath, son of Amasai,|Follow the read Zuph and retain all four links.
6:36|son of Elkanah, son of Joel, son of Azariah, son of Zephaniah,|Preserve the repeated Elkanah and Joel in the longer pedigree.
6:37|son of Tahath, son of Assir, son of Ebiasaph, son of Korah,|Keep each link leading back to Korah.
6:38|son of Izhar, son of Kohath, son of Levi, son of Israel.|Complete Heman’s ancestry to Israel.
6:39|His fellow musician Asaph stood at his right. Asaph was the son of Berechiah, son of Shimea,|Render brother as a fellow Levite here, not a claim that Heman and Asaph share a father.
6:40|son of Michael, son of Baaseiah, son of Malchijah,|Keep Asaph’s three successive ancestors.
6:41|son of Ethni, son of Zerah, son of Adaiah,|Continue the pedigree in source order.
6:42|son of Ethan, son of Zimmah, son of Shimei,|Preserve this Ethan as a distinct ancestor in Asaph’s line.
6:43|son of Jahath, son of Gershom, son of Levi.|Complete Asaph’s Gershomite ancestry.
6:44|Their fellow Levites, the Merarites, stood at the left: Ethan son of Kishi, son of Abdi, son of Malluch,|Make the left-hand group and its singer clear.
6:45|son of Hashabiah, son of Amaziah, son of Hilkiah,|Keep Ethan’s three ancestry links.
6:46|son of Amzi, son of Bani, son of Shemer,|Retain the names without importing parallel forms.
6:47|son of Mahli, son of Mushi, son of Merari, son of Levi.|Preserve the Mahli–Mushi relationship as this pedigree states it.
6:48|Their fellow Levites were assigned all the other work of the tabernacle, the house of God.|Distinguish the broader Levitical service from the singers’ work.
6:49|Aaron and his sons made offerings on the altar of burnt offering and the incense altar. They carried out all the work of the Most Holy Place and made atonement for Israel, just as Moses, God’s servant, had commanded.|Keep Aaron’s distinct duties and the atonement language.
6:50|Aaron’s line ran through Eleazar his son, then Phinehas, then Abishua,|Introduce another descending priestly line clearly.
6:51|then Bukki, Uzzi, Zerahiah,|Continue the same three links without changing direction.
6:52|then Meraioth, Amariah, Ahitub,|Keep all three generations in source order.
6:53|then Zadok and Ahimaaz.|Close the line at Ahimaaz as the source does.
6:54|These were their settlements, with their encampments in their territory. The descendants of Aaron, of the Kohathite clan, received an allotment.|Preserve the territorial introduction and priority of Aaron’s lot.
6:55|They were given Hebron in Judah and the pastureland around it.|Distinguish the town’s pastureland from the fields in the next verse.
6:56|But the town’s fields and villages were given to Caleb son of Jephunneh.|Retain the exception for Caleb’s property.
6:57|Aaron’s descendants were given the refuge towns: Hebron; Libnah with its pastureland; Jattir; Eshtemoa with its pastureland;|Retain the difficult plural refuge-towns heading without silently correcting it.
6:58|Hilen with its pastureland; Debir with its pastureland;|Keep both grants and their recurring pastureland formula.
6:59|Ashan with its pastureland; and Beth-shemesh with its pastureland.|Preserve these town names rather than replacing them from Joshua.
6:60|From Benjamin they received Geba, Alemeth, and Anathoth, each with its pastureland. Their clans received thirteen towns in all.|Keep the reported total despite fewer surviving names in this list.
6:61|The remaining Kohathite descendants received ten towns by lot from the tribal clans, from the half-tribe of Manasseh.|Retain the compressed and difficult allocation wording, with a note.
6:62|The Gershomite clans received thirteen towns from Issachar, Asher, Naphtali, and Manasseh in Bashan.|Keep the four tribal sources and thirteen-town total.
6:63|The Merarite clans received twelve towns by lot from Reuben, Gad, and Zebulun.|Preserve the three tribal sources and twelve-town count.
6:64|The Israelites gave the Levites these towns and their pasturelands.|Keep the summary of the land grants.
6:65|They assigned by lot the towns named above from the tribes of Judah, Simeon, and Benjamin.|Preserve all three tribes in the retrospective allocation notice.
6:66|Some Kohathite clans received towns in the territory of Ephraim.|Introduce the geographical list for the other Kohathites.
6:67|They were given the refuge towns: Shechem in the hill country of Ephraim with its pastureland, and Gezer with its pastureland;|Keep the plural heading and specific hill-country setting.
6:68|Jokmeam with its pastureland; Beth-horon with its pastureland;|Retain both allotments and their land.
6:69|Aijalon with its pastureland; and Gath-rimmon with its pastureland.|Preserve the paired towns without harmonizing tribal geography.
6:70|From the half-tribe of Manasseh, Aner and Bileam, each with its pastureland, were given to the remaining Kohathite clans.|Identify the recipients and preserve these distinctive town forms.
6:71|The Gershomites received Golan in Bashan and Ashtaroth, each with its pastureland, from the clans of the half-tribe of Manasseh.|Keep both Bashan grants and their tribal source.
6:72|From Issachar: Kedesh with its pastureland, Daberath with its pastureland,|Retain the two towns under their tribal heading.
6:73|Ramoth with its pastureland, and Anem with its pastureland.|Keep Ramoth and Anem as the pinned list names them.
6:74|From Asher: Mashal with its pastureland, Abdon with its pastureland,|Preserve the paired Asher grants.
6:75|Hukok with its pastureland, and Rehob with its pastureland.|Retain Hukok instead of harmonizing to a parallel place name.
6:76|From Naphtali: Kedesh in Galilee, Hammon, and Kiriathaim, each with its pastureland.|Keep all three towns and the Galilee qualifier.
6:77|The remaining Merarites received Rimmono and Tabor, each with its pastureland, from Zebulun.|Retain the source’s two named Zebulun grants.
6:78|Across the Jordan, east of the river opposite Jericho, they received from Reuben Bezer in the wilderness with its pastureland, and Jahzah with its pastureland;|Make the east-Jordan location clear while retaining both grants.
6:79|Kedemoth with its pastureland; and Mephaath with its pastureland.|Keep the final two Reubenite towns.
6:80|From Gad: Ramoth in Gilead with its pastureland, Mahanaim with its pastureland,|Retain the Gilead location and both grants.
6:81|Heshbon with its pastureland, and Jazer with its pastureland.|Close the town list with both Gadite grants intact.
7:1|Issachar’s sons were Tola, Puah, Jashub, and Shimron—four.|Follow the read Jashub and preserve the four-son total.
7:2|Tola’s sons were Uzzi, Rephaiah, Jeriel, Jahmai, Ibsam, and Shemuel. They headed Tola’s ancestral households, mighty warriors listed by their generations. In David’s days they numbered 22,600.|Keep all six heads and the exact census total.
7:3|Uzzi’s son was Izrahiah. Izrahiah’s sons were Michael, Obadiah, Joel, and Isshiah—five heads in all.|Preserve the five-head count without inventing a fifth son.
7:4|With them, by generation and ancestral household, were 36,000 troops ready for war, for they had many wives and sons.|Retain the stated connection between household size and troop numbers.
7:5|Their relatives throughout Issachar’s clans were mighty warriors, 87,000 in all according to their genealogical records.|Preserve the larger tribal total separately.
7:6|Benjamin had three sons: Bela, Becher, and Jediael.|Keep this three-name list distinct from chapter 8.
7:7|Bela’s sons were Ezbon, Uzzi, Uzziel, Jerimoth, and Iri—five ancestral household heads and mighty warriors. Their genealogical records listed 22,034.|Retain the unusually precise total and all five heads.
7:8|Becher’s sons were Zemirah, Joash, Eliezer, Elioenai, Omri, Jeremoth, Abijah, Anathoth, and Alemeth. All these were Becher’s sons.|Preserve the list’s closing repetition and nine names.
7:9|Their genealogical records, arranged by generations and ancestral household heads, listed 20,200 mighty warriors.|Keep the census organization and exact total.
7:10|Jediael’s son was Bilhan. Bilhan’s sons were Jeush, Benjamin, Ehud, Chenaanah, Zethan, Tarshish, and Ahishahar.|Follow the read Jeush and retain each son.
7:11|All these were Jediael’s descendants, ancestral household heads and mighty warriors, with 17,200 men able to go out to war.|Preserve the number and qualification for service.
7:12|Shuppim and Huppim were descendants of Ir; Hushim was a descendant of Aher.|Retain the compressed family links without silently moving Hushim to Dan.
7:13|Naphtali’s sons were Jahziel, Guni, Jezer, and Shallum, descendants of Bilhah.|Keep the maternal ancestry as well as four male names.
7:14|Manasseh’s descendants included Asriel, whom his Aramean concubine bore. She also bore Machir, Gilead’s father.|Make the woman’s role visible while noting the compressed syntax.
7:15|Machir took a wife from Huppim and Shuppim. His sister’s name was Maacah. The second was named Zelophehad, and Zelophehad had daughters.|Retain the difficult connections and the daughters; explain uncertainty in a note.
7:16|Machir’s wife Maacah bore a son and named him Peresh. His brother was named Sheresh, whose sons were Ulam and Rakem.|Keep Maacah’s naming action and the brother’s descendants.
7:17|Ulam’s son was Bedan. These were descendants of Gilead son of Machir, son of Manasseh.|Preserve the summary pedigree back to Manasseh.
7:18|His sister Hammolecheth bore Ishhod, Abiezer, and Mahlah.|Retain the sister’s role without forcing the pronoun’s antecedent.
7:19|Shemida’s sons were Ahian, Shechem, Likhi, and Aniam.|Keep all four names in sequence.
7:20|Ephraim’s line continued through Shuthelah, then Bered his son, Tahath, Eleadah, and Tahath,|Keep the repeated Tahath and the descending order.
7:21|then Zabad and Shuthelah. Ezer and Elead were killed by the men native to Gath, because they had gone down to take their livestock.|Retain the raid and deaths without resolving the uncertain direction of the raid.
7:22|Their father Ephraim mourned for many days, and his brothers came to comfort him.|Preserve prolonged grief and the family’s response.
7:23|He slept with his wife, and she conceived and bore a son. He named him Beriah because disaster had come upon his house.|Keep the naming response to household disaster.
7:24|His daughter Sheerah built Lower and Upper Beth-horon and Uzzen-sheerah.|Keep the daughter as the builder of all three places.
7:25|His son was Rephah; also Resheph, then Telah his son, and Tahan,|Preserve the uneven genealogy rather than inventing an explicit Rephah–Resheph link.
7:26|then Ladan, Ammihud, Elishama,|Continue the descending line across labels.
7:27|Nun, and Joshua.|Complete the ancestry at Joshua without expanding the verse.
7:28|Their holdings and settlements included Bethel and its villages; Naaran to the east; Gezer and its villages to the west; and Shechem and its villages, as far as Ayyah and its villages.|Keep the directional markers and each group of villages.
7:29|Along Manasseh’s territory were Beth-shean, Taanach, Megiddo, and Dor, each with its villages. The descendants of Joseph son of Israel lived in these places.|Preserve the four settlements and Joseph’s encompassing family identity.
7:30|Asher’s sons were Imnah, Ishvah, Ishvi, and Beriah; Serah was their sister.|Keep the explicitly named sister distinct from the sons.
7:31|Beriah’s sons were Heber and Malchiel, the father of Birzaith.|Follow the read Birzaith and retain the father designation.
7:32|Heber fathered Japhlet, Shomer, Hotham, and their sister Shua.|Keep Shua in the sibling list.
7:33|Japhlet’s sons were Pasach, Bimhal, and Ashvath. These were Japhlet’s sons.|Preserve the repeated framing of the three-name list.
7:34|Shemer’s sons were Ahi, Rohgah, Hubbah, and Aram.|Follow the read Rohgah and Hubbah while retaining Shemer’s form.
7:35|His brother Helem’s sons were Zophah, Imna, Shelesh, and Amal.|Keep the brother relationship and four sons.
7:36|Zophah’s sons were Suah, Harnepher, Shual, Beri, Imrah,|Open the eleven-name list without reducing it.
7:37|Bezer, Hod, Shamma, Shilshah, Ithran, and Beera.|Complete Zophah’s list in its stated order.
7:38|Jether’s sons were Jephunneh, Pispah, and Ara.|Retain Jether rather than harmonizing to Ithran.
7:39|Ulla’s sons were Arah, Hanniel, and Rizia.|Keep the separate three-son household.
7:40|All these were Asher’s descendants: ancestral household heads, chosen men, mighty warriors, and leading chiefs. Their genealogical records listed 26,000 men available for military service.|Retain the leadership descriptions and military total.
8:1|Benjamin fathered Bela his firstborn, Ashbel the second, Aharah the third,|Keep birth order explicit in this five-son list.
8:2|Nohah the fourth, and Rapha the fifth.|Complete the ordered list without harmonizing chapter 7.
8:3|Bela’s sons were Addar, Gera, Abihud,|Start Bela’s list with its first three names.
8:4|Abishua, Naaman, Ahoah,|Continue the same list across labels.
8:5|Gera, Shephuphan, and Huram.|Retain the repeated Gera rather than deleting a name.
8:6|These were Ehud’s descendants, ancestral heads of the people living in Geba, who were deported to Manahath:|Keep the displacement while leaving its broader historical setting unstated.
8:7|Naaman, Ahijah, and Gera. Gera deported them; he fathered Uzza and Ahihud.|Preserve Gera’s agency and the subsequent fatherhood notice.
8:8|Shaharaim had children in the country of Moab after sending away his wives Hushim and Baara.|Retain the dismissal of the wives and the Moab setting.
8:9|By his wife Hodesh he fathered Jobab, Zibia, Mesha, Malcam,|Name the mother and begin her children’s list.
8:10|Jeuz, Sachia, and Mirmah. These sons of his were ancestral household heads.|Complete the seven sons and their household role.
8:11|By Hushim he fathered Abitub and Elpaal.|Keep the return to the earlier wife’s children.
8:12|Elpaal’s sons were Eber, Misham, and Shemed, who built Ono and Lod with its villages.|Retain Shemed as the builder and both towns.
8:13|Beriah and Shema headed the ancestral households of Aijalon’s residents. They drove out the people of Gath.|Keep the leaders’ military action explicit.
8:14|Ahio, Shashak, Jeremoth,|Begin the list whose parent is named in verse 16.
8:15|Zebadiah, Arad, Eder,|Continue the six earlier names toward the closing family label.
8:16|Michael, Ishpah, and Joha were Beriah’s sons.|Complete the list and make its parent clear at the source’s closing point.
8:17|Zebadiah, Meshullam, Hizki, Heber,|Begin Elpaal’s next listed household.
8:18|Ishmerai, Izliah, and Jobab were Elpaal’s sons.|Close the list with the father’s identity.
8:19|Jakim, Zichri, Zabdi,|Begin Shimei’s sons in source order.
8:20|Elienai, Zillethai, Eliel,|Preserve the middle of Shimei’s list.
8:21|Adaiah, Beraiah, and Shimrath were Shimei’s sons.|Close the list without changing Shimei to Shema.
8:22|Ishpan, Eber, Eliel,|Begin Shashak’s sons with all three names.
8:23|Abdon, Zichri, Hanan,|Keep these repeated names within their own household.
8:24|Hananiah, Elam, Anthothijah,|Continue Shashak’s list across labels.
8:25|Iphdeiah, and Penuel were Shashak’s sons.|Follow the read Penuel and close the household list.
8:26|Shamsherai, Shehariah, Athaliah,|Retain Athaliah as a male family member in this list.
8:27|Jaareshiah, Elijah, and Zichri were Jeroham’s sons.|Complete the six-name list with its father.
8:28|These were ancestral household heads, leaders listed by their generations. They lived in Jerusalem.|Retain the summary’s repeated leadership emphasis.
8:29|The father of Gibeon lived in Gibeon. His wife was named Maacah.|Do not supply Jeiel from chapter 9 where this verse leaves him unnamed.
8:30|His firstborn son was Abdon; then Zur, Kish, Baal, Nadab,|Keep the firstborn distinction and subsequent names.
8:31|Gedor, Ahio, and Zecher.|Retain Zecher rather than harmonizing to Zechariah in chapter 9.
8:32|Mikloth fathered Shimeah. They too lived in Jerusalem with their relatives, opposite their relatives’ homes.|Keep the relationship and residential proximity.
8:33|Ner fathered Kish, and Kish fathered Saul. Saul fathered Jonathan, Malchi-shua, Abinadab, and Esh-baal.|Preserve all four sons and the Esh-baal name.
8:34|Jonathan’s son was Merib-baal, and Merib-baal fathered Micah.|Keep Merib-baal rather than replacing the name with Mephibosheth.
8:35|Micah’s sons were Pithon, Melech, Tarea, and Ahaz.|Preserve all four sons as this list gives them.
8:36|Ahaz fathered Jehoaddah. Jehoaddah fathered Alemeth, Azmaveth, and Zimri, and Zimri fathered Moza.|Retain Jehoaddah here beside Jarah in chapter 9.
8:37|Moza fathered Binea. His line continued through Raphah, then Eleasah, then Azel.|Make the descending sequence clear while preserving Raphah’s form.
8:38|Azel had six sons: Azrikam, Bocheru, Ishmael, Sheariah, Obadiah, and Hanan. All these were Azel’s sons.|Keep Bocheru as a name and the stated six total.
8:39|His brother Eshek’s sons were Ulam the firstborn, Jeush the second, and Eliphelet the third.|Preserve the brother relationship and all birth ranks.
8:40|Ulam’s sons were mighty warriors skilled with the bow. They had many sons and grandsons—one hundred fifty. All these belonged to Benjamin.|Retain military skill, the descendant total, and the tribal conclusion.
9:1|All Israel was enrolled in genealogies, recorded in the Book of the Kings of Israel. Judah was deported to Babylon for its unfaithfulness.|Keep the transition from genealogies to the exile’s stated cause.
9:2|The first to settle in their holdings in their towns were Israelites, priests, Levites, and temple servants.|Retain all four groups without making temple servants priests.
9:3|People from Judah, Benjamin, Ephraim, and Manasseh settled in Jerusalem.|Preserve the presence of both northern and southern tribes.
9:4|Uthai son of Ammihud, son of Omri, son of Imri, son of Bani, belonged to the descendants of Perez son of Judah.|Follow the read Bani plus from rather than treating the written form as Benjamin.
9:5|From the Shilonites came Asaiah the firstborn and his sons.|Retain Shilonites as written with the possible Shelah connection noted.
9:6|From Zerah’s descendants came Jeuel. Their relatives numbered six hundred ninety.|Keep the family entry and its stated total.
9:7|From Benjamin came Sallu son of Meshullam, son of Hodaviah, son of Hassenuah;|Preserve Sallu’s full ancestry.
9:8|Ibneiah son of Jeroham; Elah son of Uzzi, son of Michri; and Meshullam son of Shephatiah, son of Reuel, son of Ibnijah.|Keep the three separate pedigrees distinct.
9:9|Their relatives, listed by their generations, numbered nine hundred fifty-six. All these men headed their ancestral households.|Preserve the total and leadership description.
9:10|From the priests came Jedaiah, Jehoiarib, and Jachin;|Open the priestly list without merging it with the preceding tribal totals.
9:11|Azariah son of Hilkiah, son of Meshullam, son of Zadok, son of Meraioth, son of Ahitub, a leader of God’s house;|Keep the long pedigree and temple leadership role.
9:12|Adaiah son of Jeroham, son of Pashhur, son of Malchijah; and Maasai son of Adiel, son of Jahzerah, son of Meshullam, son of Meshillemith, son of Immer.|Distinguish the two priests’ separate ancestries.
9:13|Their relatives, heads of ancestral households, numbered 1,760, capable men for the work of serving in God’s house.|Render capability in the temple-service context rather than forcing military language.
9:14|From the Levites came Shemaiah son of Hasshub, son of Azrikam, son of Hashabiah, a descendant of Merari;|Identify the Merarite branch and every ancestor.
9:15|Bakbakkar, Heresh, Galal, and Mattaniah son of Mica, son of Zichri, son of Asaph;|Keep Mattaniah’s ancestry distinct from the preceding three names.
9:16|Obadiah son of Shemaiah, son of Galal, son of Jeduthun; and Berechiah son of Asa, son of Elkanah, who lived in the Netophathite villages.|Retain both pedigrees and the specified residence.
9:17|The gatekeepers were Shallum, Akkub, Talmon, Ahiman, and their relatives. Shallum was the head.|Name the four gatekeepers and identify the chief.
9:18|They still served at the King’s Gate on the east, the gatekeepers for the Levites’ camps.|Preserve the east-gate location and continuing service.
9:19|Shallum son of Kore, son of Ebiasaph, son of Korah, and his fellow Korahites from his ancestral household were responsible for guarding the tent’s thresholds. Their ancestors had guarded the entrance to the LORD’s camp.|Keep both present duty and ancestral precedent.
9:20|Phinehas son of Eleazar had been their leader in earlier times. The LORD was with him.|Retain the narrator’s brief affirmation without expanding it.
9:21|Zechariah son of Meshelemiah guarded the entrance to the tent of meeting.|Keep the particular entrance and named guardian.
9:22|In all, two hundred twelve were chosen to guard the thresholds. They were registered by genealogy in their villages. David and Samuel the seer had appointed them to these positions of trust.|Retain number, local registers, and both appointing figures.
9:23|They and their sons took turns guarding the gates of the LORD’s house, the tent sanctuary.|Keep the source’s tent-and-house language rather than silently replacing it with temple.
9:24|The gatekeepers served on all four sides: east, west, north, and south.|Preserve each direction in its original order.
9:25|Their relatives in the villages came at appointed times to work with them for seven days.|Keep the rotating seven-day service.
9:26|The four chief gatekeepers, who were Levites, held positions of trust. They oversaw the chambers and treasuries of God’s house.|Distinguish the permanent chiefs’ custodial responsibilities.
9:27|They spent the night around God’s house, because they were responsible for guarding it and opening it every morning.|Make the reason for their lodging clear.
9:28|Some were responsible for the articles used in worship. They counted them when bringing them in and when taking them out.|Retain the repeated inventory practice.
9:29|Others were appointed over the furnishings and all the sacred utensils, as well as the fine flour, wine, oil, frankincense, and spices.|Keep every category of material entrusted to them.
9:30|Some of the priests blended the spices.|Preserve the distinction between priestly preparation and Levitical custody.
9:31|Mattithiah, a Levite and the firstborn of Shallum the Korahite, was entrusted with preparing the griddle cakes.|Keep the specific food preparation and his lineage.
9:32|Some of their Kohathite relatives were responsible for preparing the arranged bread every Sabbath.|Retain the weekly rhythm and the bread’s arrangement.
9:33|The singers, heads of Levitical households, stayed in the chambers and were free from other duties, because their work occupied them day and night.|Explain the exemption in relation to continuous musical service.
9:34|These were the heads of Levitical ancestral households, leaders listed by their generations. They lived in Jerusalem.|Preserve the repeated leadership summary and residence.
9:35|Jeiel, the father of Gibeon, lived in Gibeon. His wife was named Maacah.|Follow the read Jeiel, named here but absent from 8:29.
9:36|His firstborn son was Abdon; then Zur, Kish, Baal, Ner, Nadab,|Retain Ner’s presence in this list.
9:37|Gedor, Ahio, Zechariah, and Mikloth.|Keep Zechariah and Mikloth in this version of the family list.
9:38|Mikloth fathered Shimeam. They too lived in Jerusalem with their relatives, opposite their relatives’ homes.|Retain Shimeam here alongside Shimeah in chapter 8.
9:39|Ner fathered Kish, and Kish fathered Saul. Saul fathered Jonathan, Malchi-shua, Abinadab, and Esh-baal.|Preserve the repeated genealogy linking the book to Saul’s story.
9:40|Jonathan’s son was Merib-baal, and Merib-baal fathered Micah.|Keep the same person’s name despite the shortened written second form.
9:41|Micah’s sons were Pithon, Melech, and Tahrea.|Retain three names here rather than inserting Ahaz from chapter 8.
9:42|Ahaz fathered Jarah. Jarah fathered Alemeth, Azmaveth, and Zimri, and Zimri fathered Moza.|Keep Jarah as this record names him.
9:43|Moza fathered Binea. His line continued through Rephaiah, then Eleasah, then Azel.|Retain Rephaiah rather than harmonizing to Raphah.
9:44|Azel had six sons: Azrikam, Bocheru, Ishmael, Sheariah, Obadiah, and Hanan. These were Azel’s sons.|Close the repeated family record with all six names.
10:1|The Philistines fought against Israel. Israel’s men fled before them, and many fell slain on Mount Gilboa.|Keep flight and deaths in the opening defeat.
10:2|The Philistines pressed hard after Saul and his sons. They killed Saul’s sons Jonathan, Abinadab, and Malchi-shua.|Name all three sons killed in the pursuit.
10:3|The battle closed in on Saul. The archers found him, and he trembled before them.|Retain the verb’s fear sense with the possible wounded reading noted.
10:4|Saul said to his armor-bearer, “Draw your sword and run me through, so these uncircumcised men won’t come and abuse me.” His armor-bearer was too afraid to do it. So Saul took his sword and fell on it.|Preserve Saul’s stated fear and the sequence of refusals and actions.
10:5|When the armor-bearer saw that Saul was dead, he too fell on his sword and died.|Keep the second death and its immediate cause.
10:6|Saul and his three sons died; his whole house died together.|Retain Chronicles’ comprehensive house statement without silently reconciling other survivors.
10:7|When all the Israelites in the valley saw that the army had fled and Saul and his sons were dead, they abandoned their towns and fled. The Philistines came and occupied them.|Make the chain from military defeat to civilian displacement clear.
10:8|The next day the Philistines came to strip the slain and found Saul and his sons fallen on Mount Gilboa.|Retain the stripping of the dead and location.
10:9|They stripped Saul and took his head and armor. They sent word throughout Philistine territory, announcing the news to their idols and their people.|Keep both human and cultic recipients of the victory news.
10:10|They placed his armor in their gods’ temple and fastened his skull in Dagon’s temple.|Preserve the treatment of the body and distinct temple references.
10:11|When everyone in Jabesh-gilead heard what the Philistines had done to Saul,|Let the report lead naturally into the rescue of the bodies.
10:12|all their warriors set out, recovered Saul’s body and his sons’ bodies, and brought them to Jabesh. They buried their bones beneath the terebinth there and fasted for seven days.|Retain the tree species and seven-day mourning without importing details from Samuel.
10:13|Saul died because of his unfaithfulness to the LORD: he had not kept the LORD’s word, and he had consulted a medium for guidance.|Keep the narrator’s explicit grounds for judgment.
10:14|He did not seek the LORD. So the LORD put him to death and turned the kingdom over to David son of Jesse.|Preserve divine agency alongside the narrated suicide.
11:1|All Israel gathered around David at Hebron and said, “We are your own bone and flesh.|Keep the embodied kinship expression.
11:2|Even when Saul was king, you were the one who led Israel out and brought them back. The LORD your God told you, ‘You will shepherd my people Israel and be ruler over them.’”|Retain shepherding as the image of kingship.
11:3|All Israel’s elders came to the king at Hebron. David made a covenant with them there before the LORD, and they anointed him king over Israel, as the LORD had said through Samuel.|Keep covenant, anointing, and Samuel’s mediation distinct.
11:4|David and all Israel went to Jerusalem, that is, Jebus, where the Jebusites lived.|Preserve both city names and its inhabitants.
11:5|The people of Jebus told David, “You will not get in here.” But David captured the stronghold of Zion, now the City of David.|Keep the challenge and reversal without importing Samuel’s different speech.
11:6|David had said, “Whoever strikes the Jebusites first will become chief and commander.” Joab son of Zeruiah went up first and became chief.|Retain the condition and Joab’s advancement.
11:7|David settled in the stronghold, so it was called the City of David.|Keep the explanation of the city’s name.
11:8|He built up the city all around, from the Millo outward. Joab restored the rest of the city.|Retain the division of construction work and the ancient Millo term.
11:9|David grew more and more powerful, and the LORD of Armies was with him.|Preserve the continuing increase and divine title.
11:10|These were the heads of David’s mighty warriors. Together with all Israel, they gave him strong support in establishing his kingdom, making him king as the LORD had spoken concerning Israel.|Keep the warriors and all Israel as joint supporters.
11:11|This is the roll of David’s mighty warriors: Jashobeam son of Hachmoni, chief of the Three, raised his spear against three hundred men and killed them in a single encounter.|Preserve the three-hundred count and note the difficult rank title.
11:12|Next was Eleazar son of Dodo the Ahohite, one of the three mighty warriors.|Keep his ancestry and membership in the Three.
11:13|He was with David at Pas-dammim, where the Philistines had gathered for battle. There was a field full of barley, and the people fled before the Philistines.|Retain barley and this account’s actors rather than importing Samuel’s field story.
11:14|They took their stand in the middle of the field, defended it, and struck down the Philistines. The LORD brought about a great victory.|Keep the plural defenders and divine attribution.
11:15|Three of the thirty leading warriors went down to David at the rock near the cave of Adullam. A Philistine force was encamped in the Valley of Rephaim.|Retain the three-from-thirty distinction and both settings.
11:16|David was then in the stronghold, and a Philistine garrison was at Bethlehem.|Set the danger behind David’s wish.
11:17|David longed for water and said, “If only someone would bring me a drink from the cistern by Bethlehem’s gate!”|Express the wish naturally while retaining its specific source.
11:18|The three broke through the Philistine camp, drew water from the cistern by Bethlehem’s gate, and carried it back to David. But he refused to drink it and poured it out to the LORD.|Keep the dangerous retrieval and offering of the water.
11:19|“My God forbid that I should do this!” he said. “Could I drink these men’s blood at the cost of their lives? They brought it at the risk of their lives.” He would not drink it. Such were the deeds of the three mighty warriors.|Retain the blood-and-life image and repeated refusal.
11:20|Abishai, Joab’s brother, was chief of the Three. He raised his spear against three hundred men and killed them, gaining a name among the Three.|Follow the read positive renown clause and retain the rank tension.
11:21|He was twice as honored as the Three and became their commander, though he did not attain to the Three.|Keep the difficult twice/three wording without replacing a group number.
11:22|Benaiah son of Jehoiada was the son of a valiant man from Kabzeel, a man of many deeds. He struck down Moab’s two ariels. He also went down into a pit on a snowy day and killed a lion.|Retain ariels as an uncertain source term explained in a note.
11:23|He killed an Egyptian five cubits tall whose spear was like a weaver’s beam. Benaiah went down against him with a staff, seized the spear from his hand, and killed him with his own spear.|Preserve height, implements, and the reversal of weapons.
11:24|These were the deeds of Benaiah son of Jehoiada, and they gave him a name among the three mighty warriors.|Keep the renown formula and full name.
11:25|He was more honored than the Thirty, though he did not attain to the Three. David put him in charge of his guard.|Preserve the distinction between the Thirty and Three.
11:26|The mighty warriors also included Asahel, Joab’s brother; Elhanan son of Dodo, from Bethlehem;|Begin the extended roll with relationships and hometown.
11:27|Shammoth the Harorite; Helez the Pelonite;|Retain both names and their group designations.
11:28|Ira son of Ikkesh the Tekoite; Abiezer the Anathothite;|Keep Ira’s father and both affiliations.
11:29|Sibbecai the Hushathite; Ilai the Ahohite;|Retain this list’s named warriors.
11:30|Maharai the Netophathite; Heled son of Baanah the Netophathite;|Preserve the shared hometown without merging the men.
11:31|Ithai son of Ribai, from Gibeah in Benjamin; Benaiah the Pirathonite;|Keep the Benjamin qualifier and distinguish this Benaiah.
11:32|Hurai from the valleys of Gaash; Abiel the Arbathite;|Retain the valleys as a geographic description.
11:33|Azmaveth the Baharumite; Eliahba the Shaalbonite;|Preserve both affiliations as given here.
11:34|the sons of Hashem the Gizonite; Jonathan son of Shagee the Hararite;|Retain the plural sons entry rather than reducing it to one warrior.
11:35|Ahiam son of Sacar the Hararite; Eliphal son of Ur;|Keep both fatherhood links.
11:36|Hepher the Mecherathite; Ahijah the Pelonite;|Retain both named warriors without harmonization.
11:37|Hezro the Carmelite; Naarai son of Ezbai;|Preserve one hometown and one parentage designation.
11:38|Joel, Nathan’s brother; Mibhar son of Hagri;|Keep brother distinct from son.
11:39|Zelek the Ammonite; Naharai the Beerothite, armor-bearer to Joab son of Zeruiah;|Retain the Ammonite and the named armor-bearer’s role.
11:40|Ira the Ithrite; Gareb the Ithrite;|Keep the two men with their shared designation.
11:41|Uriah the Hittite; Zabad son of Ahlai;|Retain Uriah’s Hittite identity without adding his later story.
11:42|Adina son of Shiza the Reubenite, a Reubenite leader with thirty men;|Keep Adina’s affiliation and the accompanying count.
11:43|Hanan son of Maacah; Joshaphat the Mithnite;|Preserve the two distinct entries.
11:44|Uzzia the Ashterathite; Shama and Jeiel, sons of Hotham the Aroerite;|Follow the read Jeiel and keep the brothers together.
11:45|Jediael son of Shimri and his brother Joha the Tizite;|Keep the explicit brother relationship.
11:46|Eliel the Mahavite; Jeribai and Joshaviah, sons of Elnaam; Ithmah the Moabite;|Retain the brothers and the Moabite warrior.
11:47|Eliel, Obed, and Jaasiel the Mezobaite.|Close the roll with all three names.
12:1|These are the men who came to David at Ziklag while he was still kept away from Saul son of Kish. They were among the mighty warriors who helped him in battle.|Keep the exile-like restriction and the men’s military role.
12:2|Armed with bows, they could sling stones and shoot arrows with either hand. They were Saul’s relatives from Benjamin:|Preserve their ambidextrous skill and connection to Saul.
12:3|Ahiezer the chief, and Joash, sons of Shemaah the Gibeathite; Jeziel and Pelet, sons of Azmaveth; Beracah; Jehu the Anathothite;|Follow the read Jeziel and keep the two sibling groups distinct.
12:4|Ishmaiah the Gibeonite, a warrior among the Thirty and a leader over them; Jeremiah; Jahaziel; Johanan; Jozabad the Gederathite;|Combine the two complete Hebrew records belonging to this public label.
12:5|Eluzai; Jerimoth; Bealiah; Shemariah; Shephatiah the Haruphite;|Follow the read Haruphite and retain five names.
12:6|Elkanah, Isshiah, Azarel, Joezer, and Jashobeam, the Korahites;|Keep the shared Korahite designation over the whole group.
12:7|and Joelah and Zebadiah, sons of Jeroham from Gedor.|Close with the two brothers and their place.
12:8|Some Gadites separated themselves to join David at the wilderness stronghold. They were mighty warriors, trained for battle with shield and spear, with faces like lions and speed like gazelles on the mountains.|Preserve both animal images and the voluntary separation.
12:9|Ezer was chief, Obadiah second, Eliab third,|Begin the ranked eleven-man list.
12:10|Mishmannah fourth, Jeremiah fifth,|Preserve the two ranks without resetting the list.
12:11|Attai sixth, Eliel seventh,|Keep both men’s stated rank.
12:12|Johanan eighth, Elzabad ninth,|Continue the numbered sequence.
12:13|Jeremiah tenth, and Machbannai eleventh.|Retain the second Jeremiah and final rank.
12:14|These Gadites were army commanders. The least was a match for a hundred, and the greatest for a thousand.|Retain the capacity reading while noting the alternative command-size reading.
12:15|They crossed the Jordan in the first month, when it overflowed all its banks, and drove away everyone in the valleys to the east and west.|Keep the seasonal flood and displacement on both sides.
12:16|Some men from Benjamin and Judah came to David at the stronghold.|Retain both tribal sources.
12:17|David went out to meet them. “If you have come in peace to help me, my heart will be united with yours,” he said. “But if you have come to betray me to my enemies, though my hands have done no violence, may the God of our ancestors see and judge.”|Preserve David’s condition, innocence claim, and appeal to judgment.
12:18|Then the Spirit clothed Amasai, chief of the Thirty:\n“Yours, David! With you, son of Jesse!\nPeace, peace to you,\nand peace to those who help you,\nfor your God helps you.”\nDavid welcomed them and made them leaders of his troops.|Keep the clothing image, repeated peace, and poetic pledge within the verse.
12:19|Some from Manasseh defected to David when he went with the Philistines to fight Saul. But he did not help the Philistines, because their rulers conferred and sent him away: “He will defect to his master Saul at the cost of our heads.”|Keep the Philistine leaders’ stated calculation and threat to themselves.
12:20|As David went to Ziklag, these men from Manasseh joined him: Adnah, Jozabad, Jediael, Michael, Jozabad, Elihu, and Zillethai, commanders of thousands in Manasseh.|Retain both Jozabad entries and the seven commanders.
12:21|They helped David against the raiding band. All were mighty warriors, and they became commanders in the army.|Keep the specific military help and subsequent appointments.
12:22|Day after day men came to help David, until he had a great army, like an army of God.|Retain the divine army comparison without silently reducing it to size alone.
12:23|These are the numbers of the armed troops who came to David at Hebron to turn Saul’s kingdom over to him, as the LORD had said:|Introduce the census and its stated political purpose.
12:24|From Judah, carrying shield and spear: 6,800 equipped for war.|Keep the exact count and weapons.
12:25|From Simeon: 7,100 mighty warriors ready for service.|Retain the tribal total and readiness.
12:26|From Levi: 4,600;|Keep the Levitical count distinct from Aaron’s group.
12:27|also Jehoiada, leader of Aaron’s descendants, with 3,700;|Preserve the separate Aaronite leadership and total.
12:28|and Zadok, a young mighty warrior, with twenty-two leaders from his ancestral household.|Retain Zadok’s youth and household leaders.
12:29|From Benjamin, Saul’s relatives: three thousand. Until then most of them had remained loyal to Saul’s house.|Keep the qualification on Benjamin’s prior allegiance.
12:30|From Ephraim: 20,800 mighty warriors, renowned men in their ancestral households.|Preserve number and household reputation.
12:31|From the half-tribe of Manasseh: eighteen thousand, designated by name to come and make David king.|Keep named selection and its purpose.
12:32|From Issachar came men who understood the times and knew what Israel should do: two hundred heads, with all their relatives under their direction.|Retain understanding without specifying astronomy or political prophecy.
12:33|From Zebulun: fifty thousand ready for service, prepared for battle with every kind of weapon, able to keep ranks with undivided hearts.|Keep military order and the no-double-heart idiom.
12:34|From Naphtali: a thousand commanders, with thirty-seven thousand men carrying shield and spear.|Distinguish commanders from the larger armed force.
12:35|From Dan: 28,600 prepared for battle.|Keep the exact tribal total.
12:36|From Asher: forty thousand ready for military service and battle.|Retain both readiness descriptions.
12:37|From across the Jordan, from Reuben, Gad, and the half-tribe of Manasseh: one hundred twenty thousand with every kind of weapon.|Keep the eastern tribes together and the combined total.
12:38|All these fighting men, able to keep their ranks, came to Hebron wholeheartedly to make David king over all Israel. The rest of Israel too was of one heart in making David king.|Preserve the repeated heart language and the all-Israel emphasis.
12:39|They stayed with David for three days, eating and drinking, because their relatives had prepared supplies for them.|Retain the three-day feast and relatives’ support.
12:40|Their neighbors, even as far as Issachar, Zebulun, and Naphtali, brought food on donkeys, camels, mules, and oxen: flour, fig cakes, raisins, wine, oil, and cattle and flocks in abundance. There was joy in Israel.|Keep every transport and food category and the joyful conclusion.
13:1|David consulted the commanders of thousands and hundreds and all the other leaders.|Keep the consultation with leaders at both military levels.
13:2|Then he said to the whole assembly of Israel, “If this seems good to you and is from the LORD our God, let us send word far and wide to our relatives who remain throughout Israel, including the priests and Levites in their towns with pasturelands, asking them to join us.|Preserve the two conditions and the inclusion of rural priestly and Levitical settlements.
13:3|Let us bring the ark of our God back to us. We did not seek it out in Saul’s time.”|Retain the ark as the immediate object of seeking without erasing the wider religious implication.
13:4|The whole assembly agreed to do this, because the proposal seemed right to all the people.|Make the shared approval clear without adding divine endorsement.
13:5|So David gathered all Israel, from the Shihor of Egypt to Lebo-hamath, to bring God’s ark from Kiriath-jearim.|Keep the named territorial limits and the ark’s starting point.
13:6|David and all Israel went up to Baalah, that is, Kiriath-jearim in Judah, to bring up from there the ark of God, the LORD enthroned above the cherubim, the ark called by his name.|Unfold the divine titles while retaining the ark’s association with the Name.
13:7|They carried God’s ark on a new cart from Abinadab’s house. Uzza and Ahio guided the cart.|Keep the new cart and both drivers without anticipating the later carrying rule.
13:8|David and all Israel celebrated before God with all their strength, with songs, lyres, harps, drums, cymbals, and trumpets.|Preserve the full instrument list and wholehearted celebration.
13:9|When they reached Chidon’s threshing floor, Uzza reached out to steady the ark, because the oxen stumbled.|Keep the named location and the physical reason for reaching out.
13:10|The LORD’s anger burned against Uzza. He struck him down because he had reached out his hand to the ark, and Uzza died there before God.|Preserve the narrated cause, divine agency, and death without softening them.
13:11|David was angry because the LORD had broken out against Uzza. He called that place Perez-uzza, its name to this day.|Keep David’s anger and the repeated breaking-out language behind the name.
13:12|David was afraid of God that day. “How can I bring God’s ark to me?” he asked.|Retain the movement from anger to fear and David’s question.
13:13|David did not take the ark home to the City of David. Instead, he took it aside to the house of Obed-edom the Gittite.|Clarify the changed destination and preserve the Gittite designation.
13:14|God’s ark stayed with Obed-edom’s household, in his house, for three months. The LORD blessed Obed-edom’s household and everything he had.|Retain the household repetition, duration, and comprehensive blessing.
14:1|Huram king of Tyre sent messengers to David, along with cedar timber, stoneworkers, and woodworkers, to build him a house.|Follow the read form Huram and preserve the craftsmen’s distinct trades.
14:2|David knew that the LORD had established him as king over Israel and had raised his kingdom high for the sake of his people Israel.|Keep the people’s welfare as the stated reason for royal elevation.
14:3|In Jerusalem David took more wives, and he fathered more sons and daughters.|Retain the additional marriages and both sons and daughters.
14:4|These are the names of the children born to him in Jerusalem: Shammua, Shobab, Nathan, Solomon,|Keep the opening four names and let the list continue across verse labels.
14:5|Ibhar, Elishua, Elpelet,|Preserve these forms rather than harmonizing the earlier genealogy.
14:6|Nogah, Nepheg, Japhia,|Retain all three names in order.
14:7|Elishama, Beeliada, and Eliphelet.|Keep Beeliada and distinguish Eliphelet from Elpelet in verse 5.
14:8|When the Philistines heard that David had been anointed king over all Israel, they all went up to seek him out. David heard about it and went out to face them.|Preserve the all-Israel kingship and the opposing movements.
14:9|The Philistines came and raided the Valley of Rephaim.|Retain the valley’s name and the raiding action.
14:10|David asked God, “Should I go up against the Philistines? Will you give them into my hand?” The LORD answered him, “Go up. I will give them into your hand.”|Keep both questions and the repeated hand image in the assurance.
14:11|They went up to Baal-perazim, and David defeated them there. David said, “God has broken through my enemies by my hand, like water bursting through.” That is why they named the place Baal-perazim.|Retain the water image and the breaking-through wordplay.
14:12|The Philistines left their gods there, and David ordered them burned.|Keep the destruction of the abandoned gods and David’s command.
14:13|Once again the Philistines raided the valley.|Preserve the renewed raid without importing details from Samuel.
14:14|David asked God again, and God told him, “Do not go up after them. Circle around them and approach them opposite the balsam trees.|Retain the changed strategy and the uncertain tree identification in an accessible term.
14:15|When you hear the sound of marching in the treetops, go out to battle. God will have gone out ahead of you to strike the Philistine camp.”|Preserve the audible sign and God’s preceding action.
14:16|David did as God commanded. They struck down the Philistine army from Gibeon to Gezer.|Keep Gibeon as Chronicles gives it rather than substituting Samuel’s place-name.
14:17|David’s fame spread through all the lands, and the LORD made all the nations fear him.|Retain the broad geographical reach and the LORD’s agency.
15:1|David built houses for himself in the City of David. He prepared a place for God’s ark and pitched a tent for it.|Distinguish David’s houses from the prepared tent for the ark.
15:2|Then David said, “Only the Levites may carry God’s ark. The LORD chose them to carry the ark of the LORD and to serve him forever.”|Preserve the restriction, divine choice, and continuing service.
15:3|David assembled all Israel at Jerusalem to bring the ark of the LORD up to the place he had prepared for it.|Keep the national assembly and the prepared destination.
15:4|He gathered Aaron’s descendants and the Levites:|Distinguish the Aaronic family within the gathering and introduce the roster.
15:5|from Kohath’s descendants, Uriel the leader and 120 of his relatives;|Keep the named leader and exact count.
15:6|from Merari’s descendants, Asaiah the leader and 220 of his relatives;|Preserve the Merarite affiliation and exact count.
15:7|from Gershom’s descendants, Joel the leader and 130 of his relatives;|Retain Gershom’s spelling and the distinct Joel.
15:8|from Elizaphan’s descendants, Shemaiah the leader and 200 of his relatives;|Keep this family listed separately from the broader ancestral divisions.
15:9|from Hebron’s descendants, Eliel the leader and 80 of his relatives;|Preserve the family name and count.
15:10|from Uzziel’s descendants, Amminadab the leader and 112 of his relatives.|Retain the final group’s precise number.
15:11|David summoned the priests Zadok and Abiathar, and the Levites Uriel, Asaiah, Joel, Shemaiah, Eliel, and Amminadab.|Keep the two priests distinct from all six Levitical leaders.
15:12|He told them, “You are the heads of the Levite ancestral houses. Consecrate yourselves and your relatives, and bring the ark of the LORD, the God of Israel, up to the place I have prepared for it.|Retain consecration and make the leaders’ responsibility explicit.
15:13|Because you did not carry it the first time, the LORD our God broke out against us. We did not seek him in the prescribed way.”|Supply the carrying action implicit in the broken Hebrew clause and retain collective responsibility.
15:14|So the priests and Levites consecrated themselves to bring up the ark of the LORD, the God of Israel.|Keep both groups and the purpose of their consecration.
15:15|The Levites carried God’s ark on their shoulders with its poles, as Moses had commanded according to the word of the LORD.|Preserve shoulders, poles, and the chain of authority.
15:16|David told the Levite leaders to appoint their relatives as singers, with harps, lyres, and cymbals, to raise a loud sound of joy.|Keep the appointed singers, instrument types, and joyful volume.
15:17|The Levites appointed Heman son of Joel and his relative Asaph son of Berechiah, and, from their Merarite relatives, Ethan son of Kushaiah.|Retain each musician’s parent and Ethan’s branch of the family.
15:18|With them were their relatives of the second rank: Zechariah, Ben, Jaaziel, Shemiramoth, Jehiel, Unni, Eliab, Benaiah, Maaseiah, Mattithiah, Eliphelehu, Mikneiah, and the gatekeepers Obed-edom and Jeiel.|Retain Ben as written and every listed name rather than silently repairing the roster.
15:19|The singers Heman, Asaph, and Ethan were to sound bronze cymbals.|Keep the three principal singers and the metal specified.
15:20|Zechariah, Aziel, Shemiramoth, Jehiel, Unni, Eliab, Maaseiah, and Benaiah were to play harps according to alamoth.|Retain Aziel here and the uncertain musical direction for explanation in a note.
15:21|Mattithiah, Eliphelehu, Mikneiah, Obed-edom, Jeiel, and Azaziah were to lead with lyres according to sheminith.|Preserve the separate roster and technical musical term.
15:22|Chenaniah, the Levites’ leader in music, directed the music because he understood it.|Choose the musical reading of massa in context while marking its carrying alternative in a note.
15:23|Berechiah and Elkanah were gatekeepers for the ark.|Keep the ark-specific gatekeeping duty.
15:24|The priests Shebaniah, Joshaphat, Nethanel, Amasai, Zechariah, Benaiah, and Eliezer were to sound trumpets before God’s ark. Obed-edom and Jehiah were also gatekeepers for the ark.|Preserve all seven priests and Jehiah’s distinct name.
15:25|David, the elders of Israel, and the commanders of thousands went with joy to bring the ark of the LORD’s covenant up from Obed-edom’s house.|Retain covenant terminology and all three leadership groups.
15:26|Because God helped the Levites who carried the ark of the LORD’s covenant, they sacrificed seven bulls and seven rams.|Keep the stated reason and both exact sacrificial counts.
15:27|David wore a robe of fine linen, as did all the Levites carrying the ark, the singers, and Chenaniah, the leader of the singers’ music. David also wore a linen ephod.|Distinguish the shared robe from David’s additional ephod and retain the musical reading consistently.
15:28|All Israel brought up the ark of the LORD’s covenant with shouts, the sound of the ram’s horn, trumpets and cymbals, and music from harps and lyres.|Keep every sound and instrument in the procession.
15:29|As the ark of the LORD’s covenant entered the City of David, Michal, Saul’s daughter, looked down through a window. She saw King David leaping and celebrating, and she despised him in her heart.|Keep Michal identified as Saul’s daughter and end with her inward response without importing Samuel’s dialogue.
16:1|They brought God’s ark in and set it inside the tent David had pitched for it. Then they presented burnt offerings and well-being offerings before God.|Retain both offering categories and the tent setting.
16:2|When David finished presenting the burnt offerings and well-being offerings, he blessed the people in the name of the LORD.|Keep the blessing after the offerings and its divine-name formula.
16:3|He distributed food to every Israelite, man and woman alike: a loaf of bread, a portion of meat, and a raisin cake for each.|Preserve equal distribution to women and men while noting the uncertain middle food item.
16:4|He appointed some Levites to serve before the ark of the LORD, to commemorate, thank, and praise the LORD, the God of Israel.|Retain three distinct actions rather than collapsing them into worship.
16:5|Asaph was the leader, with Zechariah second, then Jeiel, Shemiramoth, Jehiel, Mattithiah, Eliab, Benaiah, Obed-edom, and Jeiel. They played harps and lyres, while Asaph sounded the cymbals.|Keep both occurrences of Jeiel and distinguish Asaph’s instrument.
16:6|The priests Benaiah and Jahaziel sounded trumpets regularly before the ark of God’s covenant.|Keep the two priests and continuing duty.
16:7|That day David first charged Asaph and his relatives with giving thanks to the LORD:|Marks the inauguration of thanksgiving under Asaph without claiming that David composed the following song; clears the nested entrusting clauses.
16:8|Give thanks to the LORD; call on his name.\nMake his deeds known among the peoples.|Preserve the parallel commands and public witness.
16:9|Sing to him; make music to him.\nTell of all his wonders.|Keep both musical commands and the comprehensive wonders.
16:10|Boast in his holy name.\nLet the hearts of those who seek the LORD rejoice.|Retain boasting directed toward the Name and the seeking theme.
16:11|Seek the LORD and his strength.\nSeek his face continually.|Keep the repeated seeking and the ancient face image.
16:12|Remember the wonders he has done,\nhis signs and the judgments from his mouth,|Preserve all three objects of remembering and the mouth image.
16:13|you offspring of Israel his servant,\nyou children of Jacob, his chosen ones.|Retain Israel rather than substituting the parallel psalm’s Abraham.
16:14|He is the LORD our God.\nHis judgments reach all the earth.|Keep the confession and worldwide judicial scope.
16:15|Remember his covenant forever,\nthe word he commanded for a thousand generations,|Retain the imperative to remember and the exact thousand generations.
16:16|the covenant he made with Abraham,\nand his oath to Isaac.|Make the covenant referent explicit while retaining the paired ancestors.
16:17|He established it for Jacob as a decree,\nfor Israel as an everlasting covenant,|Preserve decree and covenant as parallel descriptions.
16:18|saying, “To you I will give the land of Canaan,\nyour allotted inheritance.”|Retain the named land and inheritance image.
16:19|When you were few in number,\nvery few, and living there as foreigners,|Keep the second-person address and repeated smallness.
16:20|they wandered from nation to nation,\nfrom one kingdom to another people.|Preserve the shift to third person and both parallel movements.
16:21|He allowed no one to oppress them;\nfor their sake he rebuked kings:|Keep divine protection and the rebuke introducing quoted speech.
16:22|“Do not touch my anointed ones;\ndo my prophets no harm.”|Retain plural anointed ones and prophets without narrowing them to later offices.
16:23|Sing to the LORD, all the earth.\nTell the good news of his salvation day after day.|Preserve the worldwide address and repeated daily proclamation.
16:24|Declare his glory among the nations,\nhis wonders among all the peoples.|Keep the two parallel objects and audiences.
16:25|For the LORD is great and greatly to be praised;\nhe is to be feared above all gods.|Retain the comparison with all gods and the language of fear.
16:26|All the gods of the peoples are idols,\nbut the LORD made the heavens.|Preserve the polemical contrast and creation claim.
16:27|Splendor and majesty are before him;\nstrength and joy are in his place.|Retain joy here rather than harmonizing the parallel psalm.
16:28|Ascribe to the LORD, families of the peoples,\nascribe to the LORD glory and strength.|Keep the repeated liturgical command and family grouping of peoples.
16:29|Ascribe to the LORD the glory of his name.\nBring an offering and come before him.\nBow before the LORD in holy splendor.|Preserve all three commands and leave the holiness phrase broad, with its alternative noted.
16:30|Tremble before him, all the earth.\nThe world stands firm; it will not be shaken.|Retain trembling beside the world’s stability.
16:31|Let the heavens rejoice and the earth be glad.\nLet them say among the nations, “The LORD reigns!”|Preserve the cosmic joy and royal proclamation.
16:32|Let the sea roar, and everything in it.\nLet the fields rejoice, and everything in them.|Keep the nonhuman creation’s own voiced response.
16:33|Then the trees of the forest will sing for joy\nbefore the LORD, for he comes to judge the earth.|Retain the trees’ celebration and judgment as the stated reason.
16:34|Give thanks to the LORD, for he is good;\nhis faithful love lasts forever.|Keep the repeated thanksgiving formula and enduring covenantal love.
16:35|Say, “Save us, God of our salvation.\nGather us and rescue us from the nations,\nso we may thank your holy name\nand glory in praising you.”|Preserve the petition for gathering and rescue without relocating its historical voice.
16:36|Blessed be the LORD, the God of Israel,\nfrom everlasting to everlasting!\nThen all the people said, “Amen,” and praised the LORD.|Mark the people’s response as narrative after the blessing while keeping all text within its verse paragraph.
16:37|David left Asaph and his relatives there before the ark of the LORD’s covenant to serve regularly before the ark, attending to each day’s needs.|Keep the continuing daily service at the ark.
16:38|He also left Obed-edom and their sixty-eight relatives. Obed-edom son of Jedithun and Hosah were gatekeepers.|Preserve the plural their and the repeated Obed-edom without deciding whether two people are meant.
16:39|He left Zadok the priest and his fellow priests before the LORD’s tabernacle at the high place in Gibeon,|Distinguish the Gibeon tabernacle from the ark’s Jerusalem tent.
16:40|to present burnt offerings to the LORD on the altar of burnt offering regularly, morning and evening, following everything written in the instruction the LORD had commanded Israel.|Preserve the twice-daily rhythm and the written instruction’s authority.
16:41|With them were Heman, Jeduthun, and the rest who had been chosen and designated by name to give thanks to the LORD, because his faithful love lasts forever.|Keep the named appointment and repeat the song’s faithful-love formula.
16:42|Heman and Jeduthun had trumpets and cymbals to sound, and instruments for the songs of God. Jeduthun’s sons were stationed at the gate.|Retain the repeated musicians and their sons’ distinct gate duty.
16:43|Then all the people went home, and David returned to bless his household.|Preserve the final household blessing and the people’s departure.
17:1|After David had settled into his house, he said to the prophet Nathan, “Here I am living in a cedar house, while the ark of the LORD’s covenant is under tent curtains.”|Keep the house and tent contrast that begins the house wordplay.
17:2|Nathan told David, “Do whatever is in your heart, for God is with you.”|Preserve Nathan’s initial response before the later divine correction.
17:3|But that night the word of God came to Nathan:|Keep the temporal turn and the revelation’s recipient.
17:4|“Go and tell my servant David: This is what the LORD says: You are not the one to build me a house to live in.|Retain the direct prohibition rather than Samuel’s question form.
17:5|I have not lived in a house from the day I brought Israel up until today. I have moved from tent to tent, from one dwelling place to another.|Unfold the elliptical final phrase while preserving the movement among temporary dwellings.
17:6|Wherever I traveled with all Israel, did I ever ask any of Israel’s judges, whom I commanded to shepherd my people, ‘Why have you not built me a cedar house?’|Keep judges and the shepherd image rather than harmonizing Samuel’s tribes.
17:7|Now tell my servant David: This is what the LORD of Armies says: I took you from the pasture, from following the flock, to be ruler over my people Israel.|Preserve the pastoral origin and the divine title.
17:8|I have been with you wherever you went and have cut off all your enemies before you. I will make your name like the names of the great ones of the earth.|Keep past help leading into the promise of a great name.
17:9|I will provide a place for my people Israel and plant them there. They will live in their own place and be disturbed no more. Violent people will no longer wear them down as they did before,|Preserve planting and the cessation of oppression while continuing the time clause across labels.
17:10|from the time I appointed judges over my people Israel. I will subdue all your enemies. I tell you: the LORD will build you a house.|Keep the shift from David building a house to receiving a dynastic house.
17:11|When your days are complete and you go to be with your ancestors, I will raise up your offspring after you, one of your sons, and establish his kingdom.|Retain death’s ancestral image and the explicit selection from David’s sons.
17:12|He will build me a house, and I will establish his throne forever.|Keep house and throne as paired promises.
17:13|I will be a father to him, and he will be a son to me. I will not take my faithful love away from him as I took it from the one who was before you.|Preserve the father-son relationship and leave the predecessor unnamed as the source does.
17:14|I will set him in my house and my kingdom forever, and his throne will stand firm forever.”|Retain my house and my kingdom, a consequential distinction from Samuel.
17:15|Nathan told David all these words and the whole vision.|Preserve both speech and vision descriptions and complete transmission.
17:16|Then King David went in and sat before the LORD. He said, “Who am I, LORD God, and what is my house, that you have brought me this far?|Keep David seated and preserve house as the prayer’s recurring family term.
17:17|Yet this was a small thing in your eyes, God. You have spoken about your servant’s house far into the future. You have regarded me as a man of high standing, LORD God.|Choose the status reading of the difficult final clause and flag its uncertainty in a note.
17:18|What more can David say to you about the honor you have given your servant? You know your servant.|Retain David’s third-person self-reference and repeated servant language.
17:19|LORD, for your servant’s sake and according to your own heart, you have done all this greatness and made all these great things known.|Preserve the servant wording and repeated greatness without substituting the parallel account.
17:20|LORD, there is no one like you. There is no God besides you, according to everything we have heard with our own ears.|Keep the confession and the explicit hearing image.
17:21|And who is like your people Israel, the one nation on earth whose God went out to redeem a people for himself? You made a name for yourself through great and fearsome deeds, driving out nations before your people whom you redeemed from Egypt.|Unfold the long sentence while retaining redemption, the Name, and dispossession.
17:22|You made your people Israel your own people forever, and you, LORD, became their God.|Preserve reciprocal belonging and its permanence.
17:23|Now, LORD, let the word you have spoken about your servant and his house stand firm forever. Do as you have said.|Keep the prayer’s appeal to the spoken promise.
17:24|Let it stand firm, and let your name be great forever, so people will say, ‘The LORD of Armies, the God of Israel, is God over Israel!’ And let the house of David your servant stand firm before you.|Retain the repeated Israel titles and the repeated request for stability.
17:25|For you, my God, have revealed to your servant that you will build him a house. That is why your servant has found the courage to pray before you.|Render uncovering the ear as revelation and supply courage for the elliptical found expression.
17:26|Now, LORD, you are God, and you have promised this good thing to your servant.|Preserve the confession linked to the favorable promise.
17:27|You have been pleased to bless your servant’s house, so that it may remain before you forever. For you, LORD, have blessed it, and it is blessed forever.”|Retain blessing as already given and its repeated permanence.
18:1|After this, David defeated the Philistines and subdued them. He took Gath and its surrounding towns from their control.|Render daughter towns as surrounding towns while retaining Gath.
18:2|He also defeated Moab. The Moabites became David’s subjects and brought him tribute.|Keep political subjection and continuing tribute distinct.
18:3|David defeated Hadadezer king of Zobah toward Hamath, as Hadadezer went to establish his control at the Euphrates River.|Choose Hadadezer as the movement’s subject and clarify the hand idiom as control.
18:4|David captured a thousand chariots, seven thousand horsemen, and twenty thousand foot soldiers from him. David hamstrung all the chariot horses except enough for a hundred chariots.|Preserve Chronicles’ exact counts and the injury to the horses.
18:5|When the Arameans of Damascus came to help Hadadezer king of Zobah, David struck down twenty-two thousand of them.|Retain the assisting force and casualty count.
18:6|David stationed forces in Aramean Damascus. The Arameans became his subjects and brought tribute. The LORD gave David victory wherever he went.|Supply forces for the verb’s missing object and preserve the victory refrain.
18:7|David took the gold shields carried by Hadadezer’s servants and brought them to Jerusalem.|Retain the gold objects and their destination.
18:8|From Tibhath and Cun, towns belonging to Hadadezer, David took a vast quantity of bronze. Solomon used it to make the bronze Sea, the pillars, and the bronze utensils.|Keep Chronicles’ place-names and the forward link to temple furnishings.
18:9|When Tou king of Hamath heard that David had defeated Hadadezer king of Zobah’s entire army,|Retain Tou’s name and continue the response into the next verse.
18:10|he sent his son Hadoram to King David to greet him and congratulate him for fighting Hadadezer and defeating him. Hadadezer had often been at war with Tou. Hadoram brought articles of gold, silver, and bronze.|Unfold the parenthetical explanation and preserve all three metals.
18:11|King David dedicated these to the LORD as well, along with the silver and gold he had taken from all the nations: Edom, Moab, the Ammonites, the Philistines, and Amalek.|Retain Edom here and all five peoples in the dedication list.
18:12|Abishai son of Zeruiah struck down eighteen thousand Edomites in the Valley of Salt.|Keep the victory credited to Abishai and the exact total.
18:13|He stationed garrisons in Edom, and all Edom became David’s subjects. The LORD gave David victory wherever he went.|Preserve the repeated victory refrain and the immediate unnamed subject.
18:14|David reigned over all Israel, administering justice and righteousness for all his people.|Keep both justice terms and the repeated all-inclusive scope.
18:15|Joab son of Zeruiah commanded the army. Jehoshaphat son of Ahilud was the recorder.|Distinguish military command from the recording office.
18:16|Zadok son of Ahitub and Abimelech son of Abiathar were priests. Shavsha was the scribe.|Retain Abimelech and Shavsha rather than harmonizing parallel names.
18:17|Benaiah son of Jehoiada was over the Cherethites and Pelethites. David’s sons held the leading positions at the king’s side.|Keep the two guard groups and Chronicles’ description of the sons’ positions.
19:1|After this, Nahash king of the Ammonites died, and his son became king in his place.|Preserve the succession before the son is named.
19:2|David said, “I will show faithful kindness to Hanun son of Nahash, because his father showed faithful kindness to me.” So David sent messengers to comfort him over his father’s death. David’s servants came to Hanun in Ammonite territory to comfort him.|Retain the repeated reciprocal kindness and comforting purpose.
19:3|But the Ammonite officials said to Hanun, “Do you think David is honoring your father by sending comforters? Haven’t his servants come to explore, overthrow, and spy out the land?”|Keep all three hostile allegations within the officials’ speech.
19:4|Hanun seized David’s servants, shaved them, cut their clothes in half at the buttocks, and sent them away.|Preserve the public bodily humiliation without importing Samuel’s half-beard detail.
19:5|When David was told about the men, he sent people to meet them, because they were deeply humiliated. The king said, “Stay in Jericho until your beards grow back, and then return.”|Keep David’s practical response and the reason for delaying their return.
19:6|The Ammonites realized they had become a stench to David. Hanun and the Ammonites sent a thousand talents of silver to hire chariots and horsemen from Aram-naharaim, Aram-maacah, and Zobah.|Preserve the stench image, ancient weight, and all three recruiting regions.
19:7|They hired thirty-two thousand chariots, as well as the king of Maacah and his troops. These forces came and camped opposite Medeba. The Ammonites gathered from their towns and came out to battle.|Retain the large chariot figure and the separate Ammonite mobilization.
19:8|When David heard, he sent Joab and the entire army of warriors.|Keep Joab’s command and the whole fighting force.
19:9|The Ammonites came out and formed their battle line at the city entrance. The kings who had come were separately positioned in the open country.|Make the two positions clear for the ensuing divided battle.
19:10|Joab saw that battle threatened him both in front and behind. He chose some of Israel’s best troops and drew them up against the Arameans.|Preserve the two-front threat and the selection of troops.
19:11|He put the rest of the troops under his brother Abishai, and they drew up against the Ammonites.|Keep the brother relationship and opposing force assignments.
19:12|Joab said, “If the Arameans are too strong for me, you must come to my rescue. If the Ammonites are too strong for you, I will rescue you.|Retain the reciprocal rescue arrangement.
19:13|Be strong, and let us show strength for our people and the cities of our God. May the LORD do what is good in his eyes.”|Preserve the repeated strength language and the open outcome entrusted to the LORD.
19:14|Joab and the troops with him advanced against the Arameans for battle, and the Arameans fled before him.|Clarify the fleeing force without changing the sequence.
19:15|When the Ammonites saw the Arameans fleeing, they too fled before Joab’s brother Abishai and entered the city. Then Joab returned to Jerusalem.|Keep the linked retreats and Joab’s return.
19:16|The Arameans saw that Israel had defeated them. They sent messengers and brought out the Arameans beyond the Euphrates River, led by Shophach, the commander of Hadadezer’s army.|Identify the River geographically and retain Shophach’s form of the name.
19:17|David was told, so he gathered all Israel, crossed the Jordan, and came against them. He formed his battle line against them. When David drew up against the Arameans, they fought him.|Preserve the repeated battle preparations rather than smoothing away the narrative repetition.
19:18|The Arameans fled before Israel. David killed seven thousand Aramean chariot fighters and forty thousand foot soldiers, and he killed Shophach, the army commander.|Retain Chronicles’ counts and infantry category, supplying fighters for chariots as casualties.
19:19|When Hadadezer’s subjects saw that Israel had defeated them, they made peace with David and served him. The Arameans were no longer willing to help the Ammonites.|Keep submission and the end of further assistance.
20:1|At the turn of the year, when kings go out to war, Joab led out the army. He devastated Ammonite territory and came to besiege Rabbah, while David stayed in Jerusalem. Joab struck Rabbah and demolished it.|Preserve the devastation and David’s location without importing the omitted Bathsheba account.
20:2|David took the crown from their king’s head. It weighed a talent of gold and contained a precious stone, and it was placed on David’s head. He carried off a great deal of plunder from the city.|Choose their king for malkam while noting the divine-name alternative and preserving the weight.
20:3|He brought out the people who were in the city and cut them with saws, iron picks, and saw blades. David did the same to all the Ammonite towns. Then David and all the troops returned to Jerusalem.|Retain the violent reading of the difficult Hebrew verb and flag the forced-labor alternative without concealing the harm.
20:4|After this, war broke out with the Philistines at Gezer. Sibbecai the Hushathite struck down Sippai, one of the descendants of the Rephaim, and the Philistines were subdued.|Keep Gezer, Sippai, and the ancestral group as this account names them.
20:5|There was another battle with the Philistines. Elhanan son of Jair struck down Lahmi, the brother of Goliath the Gittite. The shaft of Lahmi’s spear was like a weaver’s beam.|Follow Jair’s read form and preserve the explicit brother relationship.
20:6|Another battle took place at Gath. There was a very tall man with six fingers on each hand and six toes on each foot—twenty-four in all. He too was descended from Rapha.|Unfold six and six into hands and feet while retaining the total and ancestry.
20:7|He taunted Israel, and Jonathan son of David’s brother Shimea struck him down.|Make Jonathan’s relationship to David clear.
20:8|These men were descendants of Rapha in Gath. They fell at the hands of David and his servants.|Preserve the collective attribution without claiming David personally killed each man.
21:1|Satan stood against Israel and incited David to count Israel.|Choose Satan as a name while noting the possible common noun adversary and preserving Chronicles’ agency.
21:2|David told Joab and the leaders of the people, “Go, count Israel from Beersheba to Dan, and report back to me so I can know their number.”|Keep the south-to-north limits and David’s expressed purpose.
21:3|Joab said, “May the LORD multiply his people a hundred times over! My lord the king, aren’t they all your servants? Why does my lord want this? Why should it bring guilt on Israel?”|Retain the hundredfold wish and both objections without supplying an unstated census law.
21:4|But the king’s command prevailed over Joab. Joab left, traveled throughout Israel, and returned to Jerusalem.|Preserve the compelled compliance and complete journey.
21:5|Joab gave David the total from the people’s registration. All Israel had 1,100,000 men who could draw a sword, and Judah had 470,000 men who could draw a sword.|Keep Chronicles’ exact totals and repeat the military qualification.
21:6|He did not count Levi and Benjamin among them, because Joab found the king’s command abhorrent.|Retain both omitted tribes and Joab’s stated reaction.
21:7|This matter was evil in God’s eyes, and he struck Israel.|Preserve the divine judgment and the affected people.
21:8|David said to God, “I have sinned greatly by doing this. Now, please take away your servant’s guilt, for I have acted very foolishly.”|Keep the emphatic confession and request for removal of guilt.
21:9|The LORD spoke to Gad, David’s seer:|Retain the seer title and his association with David.
21:10|“Go and tell David: This is what the LORD says: I am setting three things before you. Choose one of them, and I will do it to you.”|Preserve the constrained choice and divine agency.
21:11|Gad came to David and said, “This is what the LORD says: Take your choice:|Keep Gad’s relay and introduce the alternatives across verse labels.
21:12|three years of famine; three months of being swept away before your foes, with your enemies’ sword overtaking you; or three days of the LORD’s sword—plague in the land, with the LORD’s angel destroying throughout Israel’s territory. Now decide what answer I should take to the one who sent me.”|Retain all three durations, both swords, and the full territorial threat.
21:13|David told Gad, “I am in deep distress. Please let me fall into the LORD’s hand, for his compassion is very great. Do not let me fall into human hands.”|Preserve the repeated hand image and David’s appeal to compassion.
21:14|So the LORD sent a plague on Israel, and seventy thousand Israelites fell.|Keep the stated sender and exact death toll.
21:15|God sent an angel to destroy Jerusalem. As the angel was destroying it, the LORD saw and relented from the calamity. He told the destroying angel, “Enough! Now withdraw your hand.” The LORD’s angel was standing by the threshing floor of Ornan the Jebusite.|Retain the temporal tension of destruction and relenting, and Ornan’s identity.
21:16|David looked up and saw the LORD’s angel standing between earth and heaven, with a drawn sword in his hand stretched out over Jerusalem. David and the elders, dressed in sackcloth, fell facedown.|Preserve the spatial vision, threatening sword, and bodily response.
21:17|David said to God, “Wasn’t I the one who ordered the people counted? I am the one who sinned and did such great wrong. But these sheep—what have they done? LORD my God, let your hand fall on me and my father’s house, but do not strike your people with a plague.”|Keep the sheep image, David’s responsibility, and the appeal involving his family.
21:18|The LORD’s angel told Gad to tell David to go up and build an altar to the LORD on the threshing floor of Ornan the Jebusite.|Preserve the full messenger chain and exact site.
21:19|David went up at Gad’s word, which Gad had spoken in the LORD’s name.|Keep the prophetic word’s stated authority.
21:20|Ornan turned and saw the angel. His four sons who were with him hid themselves. Ornan had been threshing wheat.|Retain the angel, four sons, and wheat without substituting Samuel’s king reading.
21:21|David came to Ornan. When Ornan looked and saw David, he left the threshing floor and bowed before David with his face to the ground.|Keep the separate sighting of David and full gesture.
21:22|David told Ornan, “Sell me the site of this threshing floor so I can build an altar to the LORD on it. Let me have it for the full price, so the plague on the people may stop.”|Render giving for full silver as sale while retaining the plague-ending purpose.
21:23|Ornan said to David, “Take it! Let my lord the king do whatever seems good to him. Look, I give you the oxen for burnt offerings, the threshing sledges for wood, and the wheat for the grain offering. I give it all.”|Keep every offered item, its use, and the repeated gift language.
21:24|But King David told Ornan, “No. I will buy it for the full price. I will not take what belongs to you for the LORD or offer a burnt offering that costs me nothing.”|Preserve the emphatic purchase and both grounds for refusal.
21:25|David paid Ornan six hundred shekels of gold by weight for the site.|Retain gold, six hundred, and the site rather than harmonizing Samuel’s silver price.
21:26|David built an altar to the LORD there and presented burnt offerings and well-being offerings. He called to the LORD, who answered him with fire from heaven on the altar of burnt offering.|Keep both offering types and the fiery answer unique to this account.
21:27|Then the LORD commanded the angel, and he returned his sword to its sheath.|Preserve the command and visible ending of the threat.
21:28|At that time, when David saw that the LORD had answered him at Ornan the Jebusite’s threshing floor, he offered sacrifices there.|Keep the answer as the reason for worship at this site.
21:29|The LORD’s tabernacle, which Moses had made in the wilderness, and the altar of burnt offering were then at the high place in Gibeon.|Retain the Mosaic provenance and separate location.
21:30|But David could not go before it to seek God, because he was terrified of the sword of the LORD’s angel.|Preserve fear as the stated obstacle and the recurring seek language.
22:1|David said, “Here is the house of the LORD God, and here is the altar of burnt offering for Israel.”|Keep the declaration identifying the future sanctuary site.
22:2|David ordered the resident foreigners in the land of Israel to be gathered. He appointed stonecutters to prepare dressed stones for building God’s house.|Retain the gathered foreign population and assigned labor without concealing its imposed setting.
22:3|David prepared large quantities of iron for the nails of the gate doors and for the fittings, and more bronze than could be weighed.|Keep the iron’s two uses and the immeasurable bronze.
22:4|He also prepared cedar timber beyond counting, for the Sidonians and Tyrians brought him large quantities of cedar.|Preserve both supplying peoples and the repeated abundance.
22:5|David said, “My son Solomon is young and inexperienced, and the house to be built for the LORD must be exceedingly great, famous and splendid throughout all lands. I will make preparations for him.” So David prepared materials in abundance before his death.|Retain Solomon’s inexperience, the house’s intended renown, and David’s preparation.
22:6|He summoned his son Solomon and charged him to build a house for the LORD, the God of Israel.|Keep the father-son commission and divine designation.
22:7|David said to Solomon, “My son, I had it in my heart to build a house for the name of the LORD my God.|Follow the read form my son and retain the heart and Name language.
22:8|But the word of the LORD came to me: ‘You have shed much blood and fought great wars. You must not build a house for my name, because you have shed so much blood on the earth before me.|Preserve bloodshed as the explicit disqualification without moral rationalization.
22:9|Look, a son will be born to you. He will be a man of rest, and I will give him rest from all his enemies around him. His name will be Solomon, and I will give Israel peace and quiet in his days.|Keep repeated rest and the Solomon-peace wordplay for a note.
22:10|He will build a house for my name. He will be a son to me, and I will be a father to him. I will establish the throne of his kingdom over Israel forever.’|Preserve the linked temple, familial, and royal promises.
22:11|Now, my son, may the LORD be with you. May you succeed and build the house of the LORD your God, as he has said about you.|Keep the blessing directed toward the commissioned work.
22:12|Only may the LORD give you insight and understanding when he places you over Israel, so that you keep the instruction of the LORD your God.|Connect governing wisdom with keeping divine instruction.
22:13|Then you will succeed, if you take care to carry out the statutes and judgments the LORD commanded Moses for Israel. Be strong and courageous. Do not be afraid or discouraged.|Retain the conditional success and the recognizable commissioning exhortation.
22:14|Through hardship I have prepared for the LORD’s house a hundred thousand talents of gold and a million talents of silver, with bronze and iron too abundant to weigh. I have also prepared timber and stone, and you are to add to them.|Retain the very large figures and hardship wording without reducing the amounts.
22:15|You have many workers: stonecutters, workers in stone and wood, and people skilled in every kind of craft.|Preserve the varied workforce and skilled work.
22:16|The gold, silver, bronze, and iron are beyond counting. Get up and act, and may the LORD be with you!”|Keep the four metals and the urgent closing command.
22:17|David commanded all Israel’s leaders to help his son Solomon.|Retain the scope of the leadership obligation.
22:18|“Isn’t the LORD your God with you?” he said. “Hasn’t he given you rest on every side? He has given the land’s inhabitants into my hand, and the land has been subdued before the LORD and his people.|Keep the questions, conquest, and divine-presence language.
22:19|Now set your heart and your whole being on seeking the LORD your God. Get up and build the sanctuary of the LORD God, so that the ark of the LORD’s covenant and God’s holy utensils may be brought into the house built for the LORD’s name.”|Retain heart and whole-person seeking alongside the practical sanctuary purpose.
23:1|When David was old and full of days, he made his son Solomon king over Israel.|Preserve the fullness-of-days image and royal installation.
23:2|He gathered all Israel’s leaders, the priests, and the Levites.|Keep all three assembled groups.
23:3|The Levites thirty years old and upward were counted. Their total, counting the men individually, was thirty-eight thousand.|Retain the age threshold and exact total before the later change to twenty.
23:4|Of these, twenty-four thousand were to oversee the work of the LORD’s house, and six thousand were officials and judges.|Keep both service categories and their counts.
23:5|Four thousand were gatekeepers, and four thousand praised the LORD with the instruments David said, “I made for praise.”|Preserve the first-person quotation embedded in the roster.
23:6|David organized them into divisions according to Levi’s sons: Gershon, Kohath, and Merari.|Keep the ancestral basis for the divisions.
23:7|From the Gershonites came Ladan and Shimei.|Retain the two named branches.
23:8|Ladan’s sons were Jehiel the leader, Zetham, and Joel—three in all.|Preserve the named leader and confirming total.
23:9|Shimei’s sons were Shelomith, Haziel, and Haran—three in all. These were the heads of Ladan’s ancestral houses.|Follow Shelomith’s read form and retain the relationship to Ladan despite the repeated Shimei name.
23:10|Shimei’s sons were Jahath, Zina, Jeush, and Beriah. These four were Shimei’s sons.|Keep Zina here and the repeated four-son statement.
23:11|Jahath was the leader, and Zizah was second. Jeush and Beriah did not have many sons, so they formed one ancestral house for their assignment.|Retain Zizah’s differing form and the reason for combining two families.
23:12|Kohath’s sons were Amram, Izhar, Hebron, and Uzziel—four in all.|Keep all four branches in order.
23:13|Amram’s sons were Aaron and Moses. Aaron and his sons were set apart forever to consecrate the most holy things, to burn offerings before the LORD, serve him, and bless in his name forever.|Choose the sacred-things reading while noting the alternative consecration of Aaron himself.
23:14|As for Moses, the man of God, his sons were counted with the tribe of Levi.|Preserve the title and the sons’ Levitical classification.
23:15|Moses’ sons were Gershom and Eliezer.|Keep Gershom distinct from the older Gershon branch.
23:16|Gershom’s descendant was Shebuel the leader.|Retain the single named descendant under a plural Hebrew heading.
23:17|Eliezer’s descendant was Rehabiah the leader. Eliezer had no other sons, but Rehabiah’s descendants became very numerous.|Preserve the contrast between one son and many later descendants.
23:18|Izhar’s descendant was Shelomith the leader.|Retain this name without harmonizing the following chapter’s Shelomoth.
23:19|Hebron’s sons were Jeriah the leader, Amariah second, Jahaziel third, and Jekameam fourth.|Preserve every ordinal and name.
23:20|Uzziel’s sons were Micah the leader and Isshiah second.|Keep the two ranked sons.
23:21|Merari’s sons were Mahli and Mushi. Mahli’s sons were Eleazar and Kish.|Distinguish the two successive generations.
23:22|Eleazar died without sons; he had only daughters. Their relatives, the sons of Kish, married them.|Retain the daughters and render brothers as the kinship relationship established by the genealogy.
23:23|Mushi’s sons were Mahli, Eder, and Jeremoth—three in all.|Preserve the younger Mahli and the exact three names.
23:24|These were Levi’s descendants by their ancestral houses, the family heads as registered, counted individually by name. They carried out the work of serving the LORD’s house from twenty years old and upward.|Keep the lowered age threshold and individual registration.
23:25|For David had said, “The LORD, the God of Israel, has given his people rest and will dwell in Jerusalem forever.|Retain rest and permanent dwelling as the reason for reorganization.
23:26|The Levites no longer need to carry the tabernacle or any of the utensils used in its service.”|Keep the cessation of transport duties, not a cessation of all service.
23:27|Under David’s final instructions, the Levites were counted from twenty years old and upward.|Preserve the repeated twenty-year threshold and final instructions.
23:28|Their station was alongside Aaron’s descendants in the service of the LORD’s house: caring for the courtyards and rooms, purifying all holy things, and performing the work of serving God’s house.|Unfold the service list and preserve the assisting relationship.
23:29|They were responsible for the arranged bread, the fine flour for grain offerings, the unleavened wafers, the griddle offerings, the mixed offerings, and every quantity and measure.|Keep each food preparation category and the measuring responsibility, with the uncertain mixed offering noted.
23:30|They were to stand every morning to thank and praise the LORD, and likewise every evening,|Preserve the repeated daily service and carry the list forward.
23:31|and whenever burnt offerings were presented to the LORD on Sabbaths, new moons, and appointed festivals, in the prescribed number, serving regularly before the LORD.|Keep all calendar occasions and prescribed numbers.
23:32|They were to keep charge of the tent of meeting, the holy place, and the duties of their relatives, Aaron’s descendants, in the service of the LORD’s house.|Retain the threefold charge and the kinship of Levites and priests.
24:1|These were the divisions of Aaron’s descendants. Aaron’s sons were Nadab, Abihu, Eleazar, and Ithamar.|Introduce the divisions through all four sons.
24:2|Nadab and Abihu died before their father and had no sons, so Eleazar and Ithamar served as priests.|Keep both reasons for the surviving priestly lines.
24:3|David, with Zadok from Eleazar’s descendants and Ahimelech from Ithamar’s descendants, organized them according to their duties in the service.|Retain the two priestly affiliations and the division by duties.
24:4|Eleazar’s descendants had more leading men than Ithamar’s, so they divided them accordingly: sixteen heads of ancestral houses from Eleazar’s descendants and eight from Ithamar’s.|Preserve the reason for unequal division and the sixteen-to-eight counts.
24:5|They assigned both groups by lot, for leaders of the sanctuary and leaders in God’s service came from both Eleazar’s and Ithamar’s descendants.|Keep the shared lot procedure and both leadership descriptions.
24:6|The Levitical scribe Shemaiah son of Nethanel recorded them before the king and the officials, Zadok the priest, Ahimelech son of Abiathar, and the heads of the priestly and Levitical ancestral houses. One ancestral house was selected for Eleazar, and one was selected for Ithamar.|Preserve all witnesses and render the difficult selection clause without inventing a precise alternating ratio.
24:7|The first lot fell to Jehoiarib, the second to Jedaiah,|Retain the first two assignments and continue the roster across labels.
24:8|the third to Harim, the fourth to Seorim,|Preserve the third and fourth names and order.
24:9|the fifth to Malchijah, the sixth to Mijamin,|Keep both assignments at their source ordinals.
24:10|the seventh to Hakkoz, the eighth to Abijah,|Preserve Abijah’s eighth division for later biblical connections.
24:11|the ninth to Jeshua, the tenth to Shecaniah,|Retain both names without conflating Jeshua with another bearer.
24:12|the eleventh to Eliashib, the twelfth to Jakim,|Keep the two ordinals and names.
24:13|the thirteenth to Huppah, the fourteenth to Jeshebeab,|Preserve the less familiar names exactly.
24:14|the fifteenth to Bilgah, the sixteenth to Immer,|Retain the sequence through the sixteenth division.
24:15|the seventeenth to Hezir, the eighteenth to Happizzez,|Keep both names and their assigned positions.
24:16|the nineteenth to Pethahiah, the twentieth to Jehezkel,|Retain the distinct Jehezkel form.
24:17|the twenty-first to Jachin, the twenty-second to Gamul,|Preserve both late-roster assignments.
24:18|the twenty-third to Delaiah, and the twenty-fourth to Maaziah.|Close the full twenty-four-division sequence without abbreviation.
24:19|These were their assigned duties when they entered the LORD’s house to serve, following the rule given through their ancestor Aaron, as the LORD, the God of Israel, had commanded him.|Keep the service setting and authority traced through Aaron.
24:20|As for the remaining descendants of Levi: from Amram’s descendants, Shubael; from Shubael’s descendants, Jehdeiah.|Retain Shubael’s form and the two generations.
24:21|From Rehabiah: Isshiah, the leader of Rehabiah’s descendants.|Keep the branch and named leader.
24:22|From the Izharites, Shelomoth; from Shelomoth’s descendants, Jahath.|Retain Shelomoth here rather than harmonizing Shelomith.
24:23|The sons were Jeriah, Amariah second, Jahaziel third, and Jekameam fourth.|Do not silently insert the missing Hebron heading; explain its parallel in a note.
24:24|From Uzziel’s descendants, Micah; from Micah’s descendants, Shamir.|Follow Shamir’s read form and preserve the generational sequence.
24:25|Micah’s brother was Isshiah; from Isshiah’s descendants, Zechariah.|Keep the explicit brother relationship.
24:26|Merari’s sons were Mahli and Mushi. Jaaziah’s descendant was Beno.|Retain Beno as a possible proper name and mark the difficult genealogy in a note.
24:27|Merari’s descendants through Jaaziah were Beno, Shoham, Zaccur, and Ibri.|Preserve all four forms without silently deleting the repeated Beno.
24:28|From Mahli, Eleazar, who had no sons.|Keep the absence of sons without implying he had no daughters.
24:29|From Kish: Jerahmeel, a descendant of Kish.|Preserve the repeated Kish heading and named descendant.
24:30|Mushi’s sons were Mahli, Eder, and Jerimoth. These were the Levites’ descendants by their ancestral houses.|Retain Jerimoth’s form and the closing family classification.
24:31|They too cast lots, just as their relatives, Aaron’s descendants, had done, before King David, Zadok, Ahimelech, and the heads of the priestly and Levitical ancestral houses. The head of the senior house stood on equal terms with his younger relative.|Preserve the witnessed lot procedure and equal treatment of senior and junior members.
25:1|David and the army commanders set apart for the service some of the sons of Asaph, Heman, and Jeduthun, who prophesied with lyres, harps, and cymbals. Here is the roster of the men who carried out this work:|Follow the read verb prophesied and retain its musical setting.
25:2|From Asaph’s sons: Zaccur, Joseph, Nethaniah, and Asharelah. Asaph’s sons served under Asaph, who prophesied under the king’s direction.|Keep both levels of direction and Asharelah’s form.
25:3|From Jeduthun’s sons: Gedaliah, Zeri, Jeshaiah, Hashabiah, and Mattithiah—six in all—under their father Jeduthun, who prophesied with the lyre in thanksgiving and praise to the LORD.|Preserve the five written names and stated six rather than inserting Shimei without notice.
25:4|From Heman’s sons: Bukkiah, Mattaniah, Uzziel, Shebuel, Jerimoth, Hananiah, Hanani, Eliathah, Giddalti, Romamti-ezer, Joshbekashah, Mallothi, Hothir, and Mahazioth.|Retain all fourteen names and treat the final sequence as names in this roster.
25:5|All these were sons of Heman, the king’s seer in the words of God, to raise his horn. God gave Heman fourteen sons and three daughters.|Preserve the horn image and all seventeen children, noting the horn’s uncertain attachment.
25:6|All these served under their father in the music of the LORD’s house, with cymbals, harps, and lyres for the service of God’s house. Asaph, Jeduthun, and Heman were under the king’s direction.|Keep the family supervision and all instruments without excluding the just-mentioned daughters by addition.
25:7|Together with their relatives, all trained and skilled in music for the LORD, they numbered 288.|Retain training, skill, and the precise total.
25:8|They cast lots for their duties, small and great alike, teacher and learner together.|Preserve equal participation across status and experience.
25:9|The first lot fell to Joseph of Asaph’s family. The second fell to Gedaliah, with his relatives and sons, twelve in all.|Keep the shorter first entry and attach the explicit twelve to Gedaliah’s group.
25:10|The third fell to Zaccur, with his sons and relatives, twelve in all.|Retain the third assignment and complete repeated group formula.
25:11|The fourth fell to Izri, with his sons and relatives, twelve in all.|Keep Izri rather than harmonizing Zeri in verse 3.
25:12|The fifth fell to Nethaniah, with his sons and relatives, twelve in all.|Preserve the fifth leader and group total.
25:13|The sixth fell to Bukkiah, with his sons and relatives, twelve in all.|Retain the sixth assignment and kinship categories.
25:14|The seventh fell to Jesharelah, with his sons and relatives, twelve in all.|Keep Jesharelah’s differing form from Asharelah.
25:15|The eighth fell to Jeshaiah, with his sons and relatives, twelve in all.|Preserve the eighth lot and repeated twelve.
25:16|The ninth fell to Mattaniah, with his sons and relatives, twelve in all.|Keep Mattaniah distinct from Mattithiah.
25:17|The tenth fell to Shimei, with his sons and relatives, twelve in all.|Retain Shimei here without silently adding him to verse 3.
25:18|The eleventh fell to Azarel, with his sons and relatives, twelve in all.|Keep Azarel’s name as this roster gives it.
25:19|The twelfth fell to Hashabiah, with his sons and relatives, twelve in all.|Preserve the twelfth assignment and full formula.
25:20|The thirteenth fell to Shubael, with his sons and relatives, twelve in all.|Retain Shubael’s form in this entry.
25:21|The fourteenth fell to Mattithiah, with his sons and relatives, twelve in all.|Keep Mattithiah distinct from the ninth leader.
25:22|The fifteenth fell to Jeremoth, with his sons and relatives, twelve in all.|Preserve Jeremoth’s form and ordinal.
25:23|The sixteenth fell to Hananiah, with his sons and relatives, twelve in all.|Retain Hananiah separately from Hanani.
25:24|The seventeenth fell to Joshbekashah, with his sons and relatives, twelve in all.|Keep the full unfamiliar name and group formula.
25:25|The eighteenth fell to Hanani, with his sons and relatives, twelve in all.|Preserve Hanani’s separate assignment.
25:26|The nineteenth fell to Mallothi, with his sons and relatives, twelve in all.|Retain the nineteenth leader and twelve-person group.
25:27|The twentieth fell to Eliathah, with his sons and relatives, twelve in all.|Keep the twentieth lot and kinship categories.
25:28|The twenty-first fell to Hothir, with his sons and relatives, twelve in all.|Preserve the assigned order rather than the earlier list order.
25:29|The twenty-second fell to Giddalti, with his sons and relatives, twelve in all.|Retain the twenty-second lot and full repeated wording.
25:30|The twenty-third fell to Mahazioth, with his sons and relatives, twelve in all.|Keep the penultimate assignment and count.
25:31|The twenty-fourth fell to Romamti-ezer, with his sons and relatives, twelve in all.|Close the twenty-four divisions without removing the meaningful repetition.
26:1|These were the gatekeepers’ divisions. From the Korahites came Meshelemiah son of Kore, of Asaph’s descendants.|Keep Asaph as written despite the related Ebiasaph form elsewhere.
26:2|Meshelemiah’s sons were Zechariah the firstborn, Jediael second, Zebadiah third, Jathniel fourth,|Preserve birthright wording and each numbered son.
26:3|Elam fifth, Jehohanan sixth, and Eliehoenai seventh.|Complete all seven sons in order.
26:4|Obed-edom’s sons were Shemaiah the firstborn, Jehozabad second, Joah third, Sacar fourth, Nethanel fifth,|Keep the five opening sons and exact ordinals.
26:5|Ammiel sixth, Issachar seventh, and Peullethai eighth, for God had blessed him.|Retain all eight and the stated divine blessing.
26:6|His son Shemaiah also had sons who led their ancestral house, for they were capable men.|Keep the next generation and ability as the reason for leadership.
26:7|Shemaiah’s sons were Othni, Rephael, Obed, and Elzabad; his relatives Elihu and Semachiah were also capable men.|Preserve the ambiguous his-relative attachment without inventing a parent for the final two.
26:8|All these were Obed-edom’s descendants. They, their sons, and their relatives were capable men with strength for the service—sixty-two belonging to Obed-edom.|Keep the sixty-two total and fitness for duty.
26:9|Meshelemiah had eighteen sons and relatives, all capable men.|Retain the distinct eighteen-person group.
26:10|Hosah, from Merari’s descendants, had sons. Shimri was the leader; although he was not the firstborn, his father appointed him leader.|Preserve the explicit departure from firstborn precedence.
26:11|Hilkiah was second, Tebaliah third, and Zechariah fourth. Hosah’s sons and relatives totaled thirteen.|Keep the four named ranks and larger family total.
26:12|These divisions of gatekeepers, under their leading men, had duties like their relatives, serving in the LORD’s house.|Retain the gatekeepers’ parallel standing among temple servants.
26:13|They cast lots for each gate by ancestral house, small and great alike.|Preserve the gate-by-gate assignment and equal treatment.
26:14|The lot for the east fell to Shelemiah. They cast lots for his son Zechariah, a wise counselor, and his lot came out for the north.|Keep Shelemiah’s shorter form and the son’s separate assignment.
26:15|The south fell to Obed-edom, and the storehouse to his sons.|Retain the separate responsibility given to his sons.
26:16|The west fell to Shuppim and Hosah, including the Shallecheth Gate on the ascending road, with guards stationed opposite one another.|Keep Shuppim despite the difficult text and preserve the gate and road.
26:17|Six Levites were stationed on the east, four each day on the north, four each day on the south, and two at each storehouse.|Retain all four station counts and daily qualifiers.
26:18|At the Parbar on the west, four were on the road and two at the Parbar.|Keep the uncertain architectural term and the four-plus-two placement.
26:19|These were the gatekeepers’ divisions from the Korahites and Merarites.|Preserve both family branches in the conclusion.
26:20|Among the Levites, Ahijah was in charge of the treasuries of God’s house and the treasuries of dedicated gifts.|Retain Ahijah as a name while noting the ancient alternative their relatives.
26:21|From Ladan’s descendants, the Gershonites belonging to Ladan, the head of the ancestral houses of Ladan the Gershonite was Jehieli.|Keep the repeated ancestral identification and Jehieli’s form.
26:22|Jehieli’s sons, Zetham and his brother Joel, were in charge of the treasuries of the LORD’s house.|Preserve the brother relationship and treasury responsibility.
26:23|From the Amramites, Izharites, Hebronites, and Uzzielites:|Keep all four branches as a heading continued into the following entries.
26:24|Shebuel son of Gershom, son of Moses, was chief officer over the treasuries.|Retain the Mosaic ancestry and senior office.
26:25|His relatives through Eliezer were Rehabiah his son, Jeshaiah his son, Joram his son, Zichri his son, and Shelomith his son.|Follow Shelomith’s read form and preserve the consecutive descent formula.
26:26|This Shelomoth and his relatives oversaw all the treasuries of dedicated gifts given by King David, the heads of ancestral houses, the commanders of thousands and hundreds, and the army commanders.|Retain the Shelomoth form here and every donor category.
26:27|They dedicated some of the plunder taken in war to maintain the LORD’s house.|Keep the military origin and upkeep purpose of the gifts.
26:28|Everything dedicated by Samuel the seer, Saul son of Kish, Abner son of Ner, and Joab son of Zeruiah—all the dedicated gifts—was under Shelomith and his relatives.|Preserve donors from different political alignments and the repeated comprehensive scope.
26:29|From the Izharites, Chenaniah and his sons handled outside duties for Israel as officials and judges.|Keep the outside-temple assignment distinct from sanctuary work.
26:30|From the Hebronites, Hashabiah and his relatives, 1,700 capable men, supervised Israel west of the Jordan in all the LORD’s work and the king’s service.|Retain the exact force, western jurisdiction, and dual responsibilities.
26:31|Jeriah was the head of the Hebronites according to their ancestral genealogies. In the fortieth year of David’s reign, a search was made among them, and capable men were found at Jazer in Gilead.|Keep the fortieth year and eastern location of the search.
26:32|His relatives were 2,700 capable men, heads of ancestral houses. King David appointed them over the Reubenites, Gadites, and the half-tribe of Manasseh for every matter concerning God and the king.|Retain the larger eastern force, all three tribal groups, and both areas of duty.
27:1|Here is the roster of the Israelites who served the king: the heads of ancestral houses, commanders of thousands and hundreds, and their officials, responsible for the divisions that came on duty and went off duty month by month throughout the year. Each division numbered twenty-four thousand.|Unfold the long heading while retaining the rotation and exact division size.
27:2|Jashobeam son of Zabdiel commanded the first division for the first month. His division numbered twenty-four thousand.|Keep the leader, parent, month, and full repeated count.
27:3|He was a descendant of Perez and the chief of all army commanders for the first month.|Retain the ancestral branch and monthly command.
27:4|Dodai the Ahohite commanded the division for the second month, with Mikloth as an officer in his division. His division numbered twenty-four thousand.|Keep both officers and the second-month assignment.
27:5|The third army commander, for the third month, was Benaiah son of Jehoiada the priest, a leading man. His division numbered twenty-four thousand.|Attach priest to Jehoiada and retain the separate leadership description.
27:6|This was the Benaiah who was a warrior of the Thirty and over the Thirty. His son Ammizabad was in charge of his division.|Preserve Benaiah’s association with the Thirty and his son’s role.
27:7|The fourth, for the fourth month, was Joab’s brother Asahel, succeeded by his son Zebadiah. His division numbered twenty-four thousand.|Keep the succession within the roster without smoothing its chronology.
27:8|The fifth, for the fifth month, was the commander Shamhuth the Izrahite. His division numbered twenty-four thousand.|Retain the distinctive name and designation.
27:9|The sixth, for the sixth month, was Ira son of Ikkesh the Tekoite. His division numbered twenty-four thousand.|Preserve father, origin, month, and count.
27:10|The seventh, for the seventh month, was Helez the Pelonite, from Ephraim’s descendants. His division numbered twenty-four thousand.|Keep both local and tribal affiliations.
27:11|The eighth, for the eighth month, was Sibbecai the Hushathite, of the Zerahites. His division numbered twenty-four thousand.|Retain the ancestral branch and repeated division total.
27:12|The ninth, for the ninth month, was Abiezer the Anathothite, of the Benjaminites. His division numbered twenty-four thousand.|Follow the read tribal designation and retain Anathoth origin.
27:13|The tenth, for the tenth month, was Maharai the Netophathite, of the Zerahites. His division numbered twenty-four thousand.|Preserve the tenth leader and both affiliations.
27:14|The eleventh, for the eleventh month, was Benaiah the Pirathonite, from Ephraim’s descendants. His division numbered twenty-four thousand.|Distinguish this Benaiah by origin from the third commander.
27:15|The twelfth, for the twelfth month, was Heldai the Netophathite, from Othniel’s family. His division numbered twenty-four thousand.|Retain the final ancestral affiliation and complete the twelve-month sequence.
27:16|These were the leaders over Israel’s tribes: over the Reubenites, Eliezer son of Zichri; over the Simeonites, Shephatiah son of Maacah;|Introduce the tribal roster and preserve both fathers.
27:17|over Levi, Hashabiah son of Kemuel; over Aaron’s descendants, Zadok;|Keep the Aaronic group separately listed from Levi.
27:18|over Judah, Elihu, one of David’s brothers; over Issachar, Omri son of Michael;|Retain Elihu as written and his stated kinship.
27:19|over Zebulun, Ishmaiah son of Obadiah; over Naphtali, Jerimoth son of Azriel;|Preserve both assignments and parent names.
27:20|over Ephraim’s descendants, Hoshea son of Azaziah; over half the tribe of Manasseh, Joel son of Pedaiah;|Keep Hoshea’s form and the western half-tribe entry without adding geography not stated here.
27:21|over the half of Manasseh in Gilead, Iddo son of Zechariah; over Benjamin, Jaasiel son of Abner;|Retain the explicit eastern geography and Abner parentage.
27:22|over Dan, Azarel son of Jeroham. These were the leaders of Israel’s tribes.|Close the source’s roster without inserting absent Gad and Asher entries.
27:23|David did not count those twenty years old and under, because the LORD had promised to multiply Israel like the stars of heaven.|Retain the inclusive age wording and the ancestral promise image.
27:24|Joab son of Zeruiah began the count but did not finish it. Wrath came on Israel because of it, and the number was not entered in King David’s official chronicles.|Keep the incomplete count, wrath, and missing official entry distinct.
27:25|Azmaveth son of Adiel was over the king’s treasuries. Jonathan son of Uzziah was over the storehouses in the countryside, towns, villages, and towers.|Preserve all four storehouse locations and both administrators.
27:26|Ezri son of Chelub was over the fieldworkers who cultivated the ground.|Keep the agricultural labor and administrator’s parent.
27:27|Shimei the Ramathite was over the vineyards. Zabdi the Shiphmite was over the vineyard produce stored as wine.|Distinguish cultivation from storage of its product.
27:28|Baal-hanan the Gederite was over the olive trees and sycamore figs in the foothills. Joash was over the stores of oil.|Keep both tree types and the oil’s separate management.
27:29|Shirtai the Sharonite was over the cattle grazing in Sharon. Shaphat son of Adlai was over the cattle in the valleys.|Follow the read personal name and distinguish the grazing regions.
27:30|Obil the Ishmaelite was over the camels. Jehdeiah the Meronothite was over the female donkeys.|Retain the Ishmaelite designation and the animals’ specified sex.
27:31|Jaziz the Hagrite was over the flocks. All these were officials over King David’s property.|Keep Jaziz’s group designation and the roster’s overall responsibility.
27:32|David’s uncle Jonathan was a counselor, a discerning man and a scribe. Jehiel son of Hachmoni attended the king’s sons.|Retain uncle as the kinship reading and keep the princes’ attendant distinct.
27:33|Ahithophel was the king’s counselor, and Hushai the Archite was the king’s friend.|Preserve the different court titles.
27:34|After Ahithophel came Jehoiada son of Benaiah and Abiathar. Joab commanded the king’s army.|Keep the parentage in this direction and the succession of counselors.
28:1|David assembled all Israel’s officials in Jerusalem: the tribal leaders, the commanders of the divisions serving the king, the commanders of thousands and hundreds, the officials over all the property and livestock of the king and his sons, together with the court officials, the warriors, and all the capable fighting men.|Preserve every leadership category in a readable list within the verse.
28:2|King David rose to his feet and said, “Listen to me, my brothers and my people. I had it in my heart to build a house of rest for the ark of the LORD’s covenant, for the footstool of our God, and I made preparations to build it.|Retain the standing posture, familial address, rest, and footstool image.
28:3|But God told me, ‘You must not build a house for my name, because you are a man of wars and have shed blood.’|Keep the bloodshed explanation without softening or expansion.
28:4|Yet the LORD, the God of Israel, chose me from my whole ancestral house to be king over Israel forever. He chose Judah as ruler, and from the house of Judah he chose my father’s house. Among my father’s sons, he was pleased to make me king over all Israel.|Preserve the successive narrowing of divine choice and the lasting kingship claim.
28:5|Of all my sons—and the LORD has given me many sons—he chose my son Solomon to sit on the throne of the LORD’s kingdom over Israel.|Keep the parenthetical abundance and the LORD’s ownership of the kingdom.
28:6|He told me, ‘Your son Solomon will build my house and my courtyards, for I have chosen him as my son, and I will be his father.|Preserve the temple courts and filial relationship.
28:7|I will establish his kingdom forever, if he remains firm in carrying out my commands and judgments, as he does today.’|Keep the explicit condition alongside the forever promise.
28:8|Now, before the eyes of all Israel, the LORD’s assembly, and in the hearing of our God, keep and seek out all the commands of the LORD your God. Then you may possess this good land and leave it as an inheritance to your children after you forever.|Retain public witness, keeping and seeking, and the inheritance purpose.
28:9|And you, my son Solomon, know your father’s God and serve him with a whole heart and a willing spirit. The LORD searches every heart and understands every purpose behind our thoughts. If you seek him, he will let you find him; if you abandon him, he will reject you forever.|Preserve the reciprocal seeking, inward scrutiny, and severe alternative.
28:10|Consider this now: the LORD has chosen you to build a house as a sanctuary. Be strong and do it.”|Keep the chosen task and brief closing imperative.
28:11|David gave his son Solomon the plan for the entrance hall, its buildings, storerooms, upper rooms, inner rooms, and the room for the atonement cover.|Preserve each architectural component and the cover’s cultic name.
28:12|He gave him the plan for everything he had received through the Spirit: the courtyards of the LORD’s house, all the surrounding rooms, the treasuries of God’s house, and the treasuries of dedicated gifts.|Choose Spirit while noting the possible in-his-mind reading and keep both treasury categories.
28:13|He also gave directions for the divisions of priests and Levites, all the work of serving the LORD’s house, and all the utensils used in its service.|Keep personnel, work, and equipment as distinct planning areas.
28:14|He specified the weight of gold for every gold utensil used in each kind of service, and the weight of silver for every silver utensil used in each kind of service.|Preserve the deliberate metal-by-metal repetition and measured allocation.
28:15|He specified the gold weight for the gold lampstands and their lamps, each lampstand with its lamps, and the silver weight for the silver lampstands and their lamps, according to the use of each lampstand.|Keep both kinds of lampstands and the individual allocation.
28:16|He specified the gold weight for each table of arranged bread, and the silver for the silver tables;|Retain the plural tables and continuation of the materials list.
28:17|the pure gold for the forks, sprinkling bowls, and pitchers; the gold weight for each gold basin; and the silver weight for each silver basin;|Preserve all utensil categories and individual basin weights.
28:18|and the weight of refined gold for the incense altar. He also gave the plan for the chariot—the gold cherubim with wings spread out to cover the ark of the LORD’s covenant.|Keep the chariot image and clarify its apposition to the cherubim without replacing it.
28:19|“All this is in writing,” David said. “The LORD’s hand upon me gave me understanding of every detail of the plan.”|Retain writing, the divine hand, and understanding without asserting a particular mode of inscription.
28:20|David said to his son Solomon, “Be strong and courageous, and do the work. Do not be afraid or discouraged, for the LORD God, my God, is with you. He will not fail you or abandon you until all the work for the service of the LORD’s house is finished.|Preserve the repeated commission and the promised presence through completion.
28:21|The divisions of priests and Levites are ready for all the service of God’s house. Every willing person skilled in any craft will be with you for all the work. The officials and all the people are at your command.”|Keep willing skill, organized service, and public support distinct.
29:1|King David said to the whole assembly, “My son Solomon, the one God has chosen, is young and inexperienced, and the work is great. This palace is for the LORD God, not for a human being.|Retain the royal palace term for the temple and the contrast within David’s speech.
29:2|With all my strength I have prepared for my God’s house: gold for the gold work, silver for the silver, bronze for the bronze, iron for the iron, and wood for the woodwork; onyx stones and stones for settings, dark stones and colored stones, every kind of precious stone, and marble in abundance.|Preserve the full materials list while noting uncertain ancient stone identifications.
29:3|Besides this, because I delight in my God’s house, I am giving my own treasure of gold and silver to my God’s house, beyond everything I have prepared for the holy house:|Keep the personal gift distinct from previously prepared resources.
29:4|three thousand talents of gold from Ophir and seven thousand talents of refined silver to overlay the walls of the buildings,|Retain both ancient weights and the gold’s provenance.
29:5|gold for the gold work and silver for the silver work, and for everything the craftsmen make. Who, then, is willing to consecrate himself today to the LORD?”|Render filling the hand as consecration and connect willingness to the gift appeal.
29:6|Then the heads of ancestral houses, the tribal leaders of Israel, the commanders of thousands and hundreds, and the officials over the king’s work gave willingly.|Preserve every donor group and the recurring willingness.
29:7|For the service of God’s house they gave five thousand talents and ten thousand darics of gold, ten thousand talents of silver, eighteen thousand talents of bronze, and a hundred thousand talents of iron.|Keep all quantities and the later coin term darics rather than disguising it.
29:8|Those who had precious stones gave them to the treasury of the LORD’s house, under Jehiel the Gershonite.|Retain the voluntary possessors and named custodian.
29:9|The people rejoiced over their willing gifts, for they had given willingly to the LORD with a whole heart. King David also rejoiced greatly.|Preserve the repeated willingness, whole-heart language, and shared joy.
29:10|David blessed the LORD before the whole assembly. He said, “Blessed are you, LORD, God of Israel our father, from everlasting to everlasting.|Take our father with Israel while recording the alternative divine address in a note.
29:11|Yours, LORD, are greatness, power, splendor, victory, and majesty, for everything in heaven and on earth is yours. Yours, LORD, is the kingdom, and you are exalted as head over all.|Keep every praise attribute and the comprehensive royal claim.
29:12|Wealth and honor come from you, and you rule over all. Power and might are in your hand, and in your hand is the strength to make anyone great and strong.|Retain both hand images and both greatness and strengthening.
29:13|Now, our God, we give you thanks and praise your glorious name.|Keep thanksgiving and praise directed toward the Name.
29:14|But who am I, and who are my people, that we should have the strength to give so willingly? Everything comes from you, and we have given you only what comes from your hand.|Preserve the question and reciprocal giving grounded in divine provision.
29:15|We are foreigners and temporary residents before you, like all our ancestors. Our days on earth are like a shadow, with no hope of lasting.|Retain both resident-status terms and the mortal shadow image, making the contextual object of hope clear.
29:16|LORD our God, all this abundance we have prepared to build you a house for your holy name comes from your hand, and it all belongs to you.|Preserve the hand image and total divine ownership.
29:17|I know, my God, that you test the heart and delight in uprightness. With an upright heart I have willingly given all these things, and now I have seen your people here giving willingly to you with joy.|Keep testing and the repeated uprightness and willingness.
29:18|LORD, God of our ancestors Abraham, Isaac, and Israel, keep this forever in the purposes and thoughts of your people’s hearts. Direct their hearts toward you.|Retain Israel’s name and both the preservation and direction petitions.
29:19|Give my son Solomon a whole heart to keep your commands, testimonies, and statutes, to carry them all out, and to build the palace for which I have made preparations.”|Keep all three instruction terms, whole-heartedness, and the temple-palace vocabulary.
29:20|Then David told the whole assembly, “Bless the LORD your God.” The whole assembly blessed the LORD, the God of their ancestors. They bowed low and paid homage to the LORD and to the king.|Preserve the shared bodily homage without implying identical divine status.
29:21|The next day they offered sacrifices to the LORD and presented burnt offerings to him: a thousand bulls, a thousand rams, and a thousand lambs, with their drink offerings, and abundant sacrifices for all Israel.|Retain the next-day timing and all three thousand-animal categories.
29:22|They ate and drank before the LORD that day with great joy. They made Solomon son of David king a second time, anointing him before the LORD as ruler and Zadok as priest.|Preserve the explicit second installation and the separate priestly anointing.
29:23|Solomon sat on the LORD’s throne as king in place of his father David. He prospered, and all Israel obeyed him.|Retain the LORD’s throne and the all-Israel response.
29:24|All the officials and warriors, and all King David’s sons as well, pledged their allegiance to King Solomon.|Render the hand-under gesture as allegiance while retaining all three groups.
29:25|The LORD made Solomon exceedingly great in the eyes of all Israel and gave him royal majesty such as no king over Israel before him had possessed.|Keep the unparalleled royal claim within the narrator’s scope.
29:26|David son of Jesse had reigned over all Israel.|Preserve the concluding royal identity and father’s name.
29:27|He reigned over Israel for forty years: seven years in Hebron and thirty-three in Jerusalem.|Retain all three reign figures without importing the months from Samuel.
29:28|He died at a good old age, full of days, wealth, and honor. His son Solomon became king in his place.|Keep the full-of-days image and succession formula.
29:29|The acts of King David, from first to last, are written in the records of Samuel the seer, Nathan the prophet, and Gad the seer,|Preserve all three named records and both prophetic titles.
29:30|together with his whole reign, his mighty deeds, and the times that passed over him, over Israel, and over all the kingdoms of the lands.|Retain the widening historical scope of the book’s final sentence.
