2:1|As David’s death drew near, he gave his son Solomon these instructions:|Introduces the approaching death and direct charge without archaic timing.
2:2|“I am going the way of all the earth. Be strong. Show yourself a man.|Retains the death image and gendered exhortation rather than generalizing it.
2:3|Keep the charge of the LORD your God: walk in his ways and keep his statutes, commands, judgments, and testimonies, as written in the law of Moses. Then you may act wisely in everything you do and wherever you turn,|Unfolds the charge while retaining its four terms and wisdom/success connection.
2:4|and the LORD may fulfill what he promised me: ‘If your sons watch their ways and walk faithfully before me with all their heart and all their being, you will never lack a man on Israel’s throne.’|Keeps the dynastic promise conditional and the whole-person expression.
2:5|“You also know what Joab son of Zeruiah did to me—what he did to the two commanders of Israel’s armies, Abner son of Ner and Amasa son of Jether. He killed them, shedding the blood of war in peacetime and putting that blood on the belt around his waist and the sandals on his feet.|Retains David’s account of bloodguilt and its concrete clothing images.
2:6|Use your wisdom. Do not let his gray head go down to Sheol in peace.|Preserves the threatening wisdom charge and Sheol image.
2:7|But show steadfast love to the sons of Barzillai the Gileadite. Let them eat at your table, because they stood by me when I fled from your brother Absalom.|Makes the table obligation and past support audible.
2:8|“You also have with you Shimei son of Gera, the Benjaminite from Bahurim. He cursed me bitterly when I went to Mahanaim. But he came down to meet me at the Jordan, and I swore to him by the LORD, ‘I will not put you to death with the sword.’|Keeps David’s oath beside his recollection of the curse.
2:9|Now do not leave him unpunished. You are a wise man; you will know what to do with him. Bring his gray head down to Sheol in blood.”|Does not soften David’s command or explain away its tension with the oath.
2:10|David lay down with his ancestors and was buried in the City of David.|Retains the ancestral death idiom with the burial place.
2:11|He had ruled Israel for forty years: seven in Hebron and thirty-three in Jerusalem.|Preserves this passage’s counts without importing the extra months from Samuel.
2:12|Solomon took his seat on his father David’s throne, and his kingship became firmly established.|Retains throne succession and emphatic establishment.
2:13|Adonijah son of Haggith came to Bathsheba, Solomon’s mother. “Do you come in peace?” she asked. “In peace,” he replied.|Clarifies the speakers while retaining the peace repetition.
2:14|He said, “I have something to say to you.” “Speak,” she said.|Keeps the brief invitation as dialogue.
2:15|“You know the kingship was mine,” he said. “All Israel looked to me to be king. But the kingship turned away from me and went to my brother, because it came to him from the LORD.|Leaves Adonijah’s claim attributed to him, not endorsed by the narrator.
2:16|Now I have one request. Do not turn me away.” “Speak,” she told him.|Uses an idiomatic refusal expression while preserving the request sequence.
2:17|“Please ask King Solomon to give me Abishag the Shunammite as my wife. He will not turn you away.”|Retains Abishag’s identity and the expected maternal influence.
2:18|“Very well,” Bathsheba said. “I will speak to the king for you.”|Makes her agreement explicit without assigning a motive.
2:19|Bathsheba went to King Solomon to speak for Adonijah. The king rose to meet her and bowed to her. Then he sat on his throne and had a throne placed for the king’s mother. She sat at his right.|Preserves her throne and royal honor rather than reducing it to a casual chair.
2:20|“I have one small request,” she said. “Do not turn me away.” The king answered, “Ask, Mother. I will not turn you away.”|Retains the repeated assurance before its reversal.
2:21|She said, “Let Abishag the Shunammite be given to your brother Adonijah as his wife.”|Keeps the request and kinship clear.
2:22|King Solomon answered his mother, “Why ask for Abishag the Shunammite for Adonijah? Ask for the kingship for him too! He is my older brother—for him, for Abiathar the priest, and for Joab son of Zeruiah!”|Retains the abrupt expanded accusation rather than inventing a narrated conspiracy.
2:23|Then King Solomon swore by the LORD, “May God do this to me, and more besides, if Adonijah has not spoken these words at the cost of his life!|Keeps the self-curse and lethal interpretation of the request.
2:24|As the LORD lives—the one who established me, seated me on my father David’s throne, and made me a house as he promised—Adonijah will be put to death today.”|Retains house as dynastic imagery and the immediate death sentence.
2:25|King Solomon sent Benaiah son of Jehoiada, who struck Adonijah down and killed him.|Names the victim and makes the execution explicit.
2:26|To Abiathar the priest the king said, “Go to your fields at Anathoth. You deserve death, but I will not put you to death today, because you carried the ark of the Lord GOD before my father David and shared all my father’s hardships.”|Preserves the stated reasons for sparing him and the today qualification.
2:27|So Solomon removed Abiathar from serving as the LORD’s priest, fulfilling the word the LORD had spoken at Shiloh about Eli’s house.|Connects removal with the narrator’s fulfillment statement.
2:28|When the news reached Joab, he fled to the LORD’s tent and took hold of the altar’s horns. Joab had sided with Adonijah, though he had not sided with Absalom.|Keeps the pinned Absalom reading and explains the parenthetical chronology.
2:29|King Solomon was told, “Joab has fled to the LORD’s tent. He is there beside the altar.” Solomon sent Benaiah son of Jehoiada with the order, “Go, strike him down.”|Distinguishes the report from the execution order.
2:30|Benaiah went to the LORD’s tent and said to Joab, “The king says, ‘Come out.’” Joab answered, “No. I will die here.” Benaiah went back to the king and reported what Joab had said and how he had answered.|Names Joab for dialogue clarity and retains the refusal and report.
2:31|The king told him, “Do as he says. Strike him down and bury him. Remove from me and my father’s house the guilt of the blood Joab shed without cause.|Makes bloodguilt understandable without endorsing Solomon’s reasoning.
2:32|The LORD will bring his blood back on his own head. He struck down two men more righteous and better than he was, killing them with the sword without my father David’s knowledge: Abner son of Ner, commander of Israel’s army, and Amasa son of Jether, commander of Judah’s army.|Preserves the comparison, claimed ignorance and distinct commands.
2:33|May their blood come back on Joab’s head and on his descendants’ heads forever. But may David, his descendants, his house, and his throne have peace from the LORD forever.”|Retains the contrasting perpetual wishes and blood image.
2:34|Benaiah son of Jehoiada went up, struck Joab down, and killed him. Joab was buried at his own house in the wilderness.|Keeps death, burial and wilderness location explicit.
2:35|The king put Benaiah son of Jehoiada over the army in Joab’s place, and he put Zadok the priest in Abiathar’s place.|Makes the two replacements parallel and clear.
2:36|Then the king summoned Shimei. “Build yourself a house in Jerusalem and live there,” he said. “Do not leave it to go anywhere else.|Retains the comprehensive restriction before the named boundary.
2:37|Know this: on the day you leave and cross the Kidron Valley, you will certainly die. Your blood will be on your own head.”|Preserves the particular crossing and blood-responsibility formula.
2:38|Shimei answered the king, “Your word is good. Your servant will do as my lord the king has said.” Shimei lived in Jerusalem for a long time.|Keeps submission and elapsed residence without implying consent is free.
2:39|After three years, two of Shimei’s slaves ran away to Achish son of Maacah, king of Gath. Shimei was told, “Your slaves are in Gath.”|Makes enslaved status and flight explicit; retains names and interval.
2:40|Shimei got up, saddled his donkey, and went to Achish at Gath to look for his slaves. He went and brought them back from Gath.|Retains the pursuit and forced return without euphemism.
2:41|Solomon was told that Shimei had gone from Jerusalem to Gath and returned.|Keeps the reported journey distinct from the Kidron wording.
2:42|The king summoned Shimei and said, “Did I not make you swear by the LORD and warn you, ‘Know this: on the day you leave and go anywhere else, you will certainly die’? And you told me, ‘Your word is good. I will obey.’|Preserves Solomon’s retelling without harmonizing it into the earlier speech.
2:43|Why, then, have you failed to keep your oath by the LORD and the command I gave you?”|Keeps oath and royal command as separate grounds.
2:44|The king also said, “You know in your heart all the evil you did to my father David. The LORD will bring your evil back on your own head.|Retains Solomon’s accusation and returning-evil image.
2:45|But King Solomon will be blessed, and David’s throne will stand firm before the LORD forever.”|Keeps the king’s third-person self-reference within his speech.
2:46|Then the king gave the order to Benaiah son of Jehoiada. He went out, struck Shimei down, and killed him. The kingdom was firmly in Solomon’s hands.|Names the victim and leaves the execution beside the establishment statement.
3:1|Solomon made a marriage alliance with Pharaoh king of Egypt. He married Pharaoh’s daughter and brought her to the City of David until he finished building his own house, the LORD’s house, and the wall around Jerusalem.|Keeps the marriage alliance and three construction projects together.
3:2|The people were still sacrificing at the high places, because no house for the LORD’s name had yet been built.|Retains the narrator’s qualification and Name language.
3:3|Solomon loved the LORD and followed the statutes of his father David. Still, he sacrificed and burned offerings at the high places.|Keeps love and the qualified worship practice together without resolving the tension.
3:4|The king went to Gibeon to sacrifice, because it was the great high place. Solomon offered a thousand burnt offerings on that altar.|Preserves the location, status and sacrificial number.
3:5|At Gibeon the LORD appeared to Solomon in a dream at night. God said, “Ask what I should give you.”|Retains both divine designations and the open invitation.
3:6|Solomon answered, “You showed great steadfast love to your servant, my father David, because he walked before you in faithfulness, righteousness, and an upright heart toward you. You have kept this great steadfast love for him by giving him a son to sit on his throne today.|Retains repeated steadfast love and the threefold description of David.
3:7|Now, LORD my God, you have made your servant king in place of my father David. But I am only a young boy; I do not know how to go out or come in.|Keeps Solomon’s self-description and leadership idiom rather than assigning an age.
3:8|Your servant stands among the people you chose, a people so numerous they cannot be counted or numbered.|Retains election and the paired counting expressions.
3:9|Give your servant a listening heart to judge your people and distinguish good from evil. For who can judge this great people of yours?”|Retains the listening-heart image at the center of wisdom.
3:10|The request pleased the Lord: this was what Solomon had asked for.|Preserves the evaluation and its stated reason.
3:11|God said to him, “Because you asked for this, and did not ask for a long life, riches, or the lives of your enemies, but asked for discernment to hear a case justly,|Keeps the three alternatives and judicial hearing sense.
3:12|I will do as you asked. I give you a wise and discerning heart. No one like you has come before you, and no one like you will arise after you.|Retains the heart and both temporal comparisons.
3:13|I also give you what you did not ask for: both riches and honor. Among the kings, no one will be like you throughout your life.|Keeps unrequested gifts distinct from the conditional life extension.
3:14|And if you walk in my ways, keeping my statutes and commands as your father David did, I will lengthen your life.”|Preserves the explicit condition rather than promising longevity unconditionally.
3:15|Solomon woke up. It had been a dream. He went to Jerusalem and stood before the ark of the Lord’s covenant. He offered burnt offerings and fellowship offerings, then gave a feast for all his servants.|Keeps the awakening, covenant ark, two offerings and feast in sequence.
3:16|Then two women who were prostitutes came to the king and stood before him.|Retains the women’s stated occupation without adding moral judgment.
3:17|One woman said, “Please, my lord, this woman and I live in the same house. I gave birth while she was there with me.|Clarifies the shared dwelling and first speaker’s account.
3:18|On the third day after I gave birth, she gave birth too. We were alone; no one else was in the house. Just the two of us.|Retains the third day and the emphatic absence of witnesses.
3:19|During the night this woman’s son died because she lay on him.|Keeps the death’s explanation inside the woman’s testimony.
3:20|She got up in the middle of the night and took my son from beside me while your servant was asleep. She laid him at her breast and laid her dead son at mine.|Preserves the claimed exchange and breast imagery.
3:21|When I got up in the morning to nurse my son, he was dead! But when I looked closely at him in the morning, he was not the son I had borne.”|Keeps discovery and recognition distinct.
3:22|The other woman said, “No! The living son is mine, and the dead one is yours.” The first said, “No! The dead son is yours, and the living one is mine.” So they argued before the king.|Preserves the reversed claims and makes the two speakers trackable.
3:23|The king said, “This one says, ‘The living son is mine, and the dead one is yours.’ And that one says, ‘No! The dead son is yours, and the living one is mine.’”|Retains the king’s full repetition instead of summarizing the dispute.
3:24|Then the king said, “Bring me a sword.” They brought a sword before the king.|Keeps the ominous instruction and response unembellished.
3:25|“Cut the living child in two,” the king said. “Give half to one and half to the other.”|Does not soften the violent order.
3:26|The woman whose son was alive was overwhelmed with compassion for him. She said to the king, “Please, my lord, give her the living child! Whatever you do, do not kill him!” But the other said, “He will belong to neither of us. Cut him in two.”|Makes maternal compassion and emphatic plea audible, retaining the opposing demand.
3:27|The king answered, “Give the living child to the first woman. Do not kill him. She is his mother.”|Clarifies the pronoun’s referent from the contrasted pleas.
3:28|All Israel heard about the judgment the king had given. They stood in awe of him, because they saw that God’s wisdom was in him to do justice.|Connects the judgment with public recognition of divine wisdom.
4:1|King Solomon ruled over all Israel.|Retains all Israel as the administration’s scope.
4:2|These were his officials: Azariah son of Zadok, the priest;|Keeps priest in the official roster with its syntactic ambiguity noted.
4:3|Elihoreph and Ahijah, sons of Shisha, secretaries; Jehoshaphat son of Ahilud, recorder;|Preserves both scribes, their shared father and the distinct recorder.
4:4|Benaiah son of Jehoiada, over the army; Zadok and Abiathar, priests;|Retains Abiathar in the roster despite the preceding removal narrative.
4:5|Azariah son of Nathan, over the district officials; Zabud son of Nathan, priest and the king’s friend;|Keeps priest and king’s friend as stated offices rather than flattening both to adviser.
4:6|Ahishar, over the royal household; Adoniram son of Abda, over the forced labor.|Makes the coerced labor office explicit.
4:7|Solomon had twelve district officials over all Israel. They supplied the king and his household, each responsible for one month of the year.|Explains the rotating provision without losing the number.
4:8|Their names were: Ben-hur, in the hill country of Ephraim;|Preserves the patronymic-style name and first district.
4:9|Ben-deker, in Makaz, Shaalbim, Beth-shemesh, and Elon-beth-hanan;|Retains all four district names.
4:10|Ben-hesed, in Arubboth, with Socoh and all the land of Hepher under him;|Makes the dependent territories readable.
4:11|Ben-abinadab, over all the heights of Dor; Solomon’s daughter Taphath was his wife;|Retains the district and marriage connection.
4:12|Baana son of Ahilud, in Taanach and Megiddo and all Beth-shean beside Zarethan below Jezreel, from Beth-shean to Abel-meholah and beyond Jokmeam;|Keeps the full geographic chain rather than shortening the roster.
4:13|Ben-geber, in Ramoth-gilead, with the villages of Jair son of Manasseh in Gilead under him, and the region of Argob in Bashan—sixty great cities with walls and bronze bars;|Retains both territories and the sixty fortified cities.
4:14|Ahinadab son of Iddo, in Mahanaim;|Keeps the officer and place together.
4:15|Ahimaaz, in Naphtali; he too had married a daughter of Solomon, Basemath;|Preserves the second royal marriage connection.
4:16|Baana son of Hushai, in Asher and Bealoth;|Retains Bealoth as the pinned place form.
4:17|Jehoshaphat son of Paruah, in Issachar;|Distinguishes this Jehoshaphat by his father.
4:18|Shimei son of Ela, in Benjamin;|Retains the patronymic without identifying him with the executed Shimei.
4:19|Geber son of Uri, in the land of Gilead, the territory of Sihon king of the Amorites and Og king of Bashan. There was one official in that land.|Preserves the difficult closing administrative statement without silently inserting Judah.
4:20|Judah and Israel were as numerous as the sand beside the sea. They ate, drank, and rejoiced.|Keeps the abundance image and three ordinary activities.
4:21|Solomon ruled all the kingdoms from the River to the land of the Philistines and the border of Egypt. They brought tribute and served Solomon throughout his life.|Retains the geographical range and tribute/service relationship.
4:22|Solomon’s daily provisions were thirty cors of fine flour and sixty cors of meal,|Keeps the large ancient measures rather than introducing uncertain conversions.
4:23|ten fattened cattle, twenty pasture-fed cattle, and a hundred sheep, besides deer, gazelles, roebucks, and fattened birds.|Retains all food categories and distinguishes the cattle’s feeding.
4:24|He ruled everything west of the River, from Tiphsah to Gaza, including all the kings west of the River. He had peace on every side.|Clarifies the geographical perspective while preserving repeated dominion.
4:25|Throughout Solomon’s days, Judah and Israel lived securely, each under his own vine and fig tree, from Dan to Beer-sheba.|Retains the concrete security image and traditional national extent.
4:26|Solomon had forty thousand stalls for his chariot horses and twelve thousand horsemen.|Keeps forty thousand from the pin without harmonizing Chronicles.
4:27|The district officials supplied King Solomon and everyone who came to his table, each in his assigned month. They let nothing be lacking.|Connects the roster with the table’s rotating support.
4:28|Each also brought barley and straw for the horses and swift steeds to the required place, according to his assignment.|Retains the second equine term without asserting a breed.
4:29|God gave Solomon wisdom, very great understanding, and breadth of heart like the sand on the seashore.|Preserves the heart image and its echoed sand comparison.
4:30|Solomon’s wisdom surpassed the wisdom of all the people of the East and all the wisdom of Egypt.|Retains both comparative traditions.
4:31|He was wiser than anyone: wiser than Ethan the Ezrahite, and Heman, Calcol, and Darda, the sons of Mahol. His name became known among all the surrounding nations.|Keeps all named sages and the public reputation statement.
4:32|He spoke three thousand proverbs, and his songs numbered one thousand five.|Preserves both literary counts precisely.
4:33|He spoke about trees, from the cedar in Lebanon to the hyssop growing out of a wall. He also spoke about animals, birds, crawling creatures, and fish.|Keeps the botanical range and all four animal categories.
4:34|People came from all nations to hear Solomon’s wisdom, sent by all the kings of the earth who had heard of it.|Makes the emissary relationship readable without reducing the universal rhetoric.
5:1|Hiram king of Tyre sent his servants to Solomon when he heard that Solomon had been anointed king in his father’s place. Hiram had always loved David.|Retains the succession occasion and longstanding affection.
5:2|Solomon sent this message to Hiram:|Introduces the ensuing direct message simply.
5:3|“You know that my father David could not build a house for the name of the LORD his God because of the warfare surrounding him, until the LORD put his enemies under the soles of my feet.|Follows the read form my feet, noting the written his feet without silently harmonizing it.
5:4|But now the LORD my God has given me rest on every side. There is no adversary and no evil happening.|Keeps adversary as a common noun and the twofold absence of trouble.
5:5|So I intend to build a house for the name of the LORD my God, just as the LORD told my father David: ‘Your son, whom I will put on your throne in your place, will build the house for my name.’|Retains repeated house and Name language linking promise and construction.
5:6|Now give orders for cedars to be cut for me in Lebanon. My servants will work with yours, and I will pay your servants whatever wages you set. You know that none of us knows how to cut timber like the Sidonians.”|Preserves labor collaboration, pay and recognition of expertise.
5:7|When Hiram heard Solomon’s words, he was delighted. “Blessed be the LORD today,” he said, “who has given David a wise son to rule this great people!”|Keeps Hiram’s praise and the reason for it.
5:8|Hiram sent word to Solomon: “I have heard your message. I will meet all your needs for cedar and cypress timber.|Preserves the two timber types without flattening them to lumber.
5:9|My servants will bring it down from Lebanon to the sea. I will make it into rafts and float it to the place you designate. I will break the rafts apart there, and you can take the timber away. In return, meet my needs by supplying food for my household.”|Unfolds transport and exchange into clear consecutive actions.
5:10|Hiram supplied Solomon with all the cedar and cypress timber he wanted.|Retains the fulfillment of the timber request.
5:11|Solomon supplied Hiram with twenty thousand cors of wheat as food for his household and twenty cors of beaten olive oil. He gave Hiram this amount year after year.|Keeps the unequal quantities, oil preparation and annual recurrence.
5:12|The LORD gave Solomon wisdom as he had promised. Hiram and Solomon were at peace, and the two made a covenant.|Retains wisdom, peace and covenant as connected but distinct claims.
5:13|King Solomon conscripted a forced-labor levy from all Israel: thirty thousand men.|Makes coercion explicit and preserves the Israelite levy.
5:14|He sent them to Lebanon in shifts of ten thousand a month. They spent one month in Lebanon and two months at home. Adoniram was over the forced labor.|Keeps the rotation and its overseer visible.
5:15|Solomon also had seventy thousand burden bearers and eighty thousand stonecutters in the hills,|Preserves the separate work groups and counts.
5:16|besides Solomon’s thirty-three hundred chief overseers, who supervised the people doing the work.|Keeps this passage’s supervisor count without importing a parallel.
5:17|At the king’s command they quarried great, costly stones, dressed stones for the house’s foundations.|Retains the stones’ size, value and preparation.
5:18|Solomon’s builders, Hiram’s builders, and the Gebalites dressed the stone and prepared the timber and stone for building the house.|Retains the three groups and both materials.
6:1|In the four hundred eightieth year after the Israelites left Egypt, in the fourth year of Solomon’s reign over Israel, in Ziv, the second month, he began building the LORD’s house.|Preserves both chronological anchors and identifies the named month.
6:2|The house King Solomon built for the LORD was sixty cubits long, twenty cubits wide, and thirty cubits high.|Keeps all three dimensions and the ancient unit.
6:3|The porch in front of the house’s main hall extended twenty cubits across the width of the house and projected ten cubits from its front.|Makes the porch’s orientation understandable without altering dimensions.
6:4|He made windows for the house with recessed frames.|Uses a restrained architectural rendering; the uncertain expression is noted.
6:5|He built a structure against the outside walls of the house, around the main hall and the inner sanctuary, with side rooms all around.|Distinguishes the surrounding structure from the two principal interior spaces.
6:6|The lowest story was five cubits wide, the middle one six, and the third seven. He made ledges around the outside of the house so the beams would not be inserted into its walls.|Explains the widths and wall ledges without inventing a building plan.
6:7|The house was built with stone finished at the quarry. No hammer, axe, or other iron tool was heard in the house while it was being built.|Retains the silence motif and all named tools.
6:8|The entrance to the middle side story was on the right side of the house. Winding stairs led up to the middle story and from there to the third.|Keeps the pinned middle entrance despite the architectural difficulty.
6:9|He built the house and finished it, roofing it with cedar beams and boards.|Retains completion and distinguishes roof components.
6:10|He built the side structure around the whole house, each story five cubits high, and attached it to the house with cedar timbers.|Clarifies the height as story height in the surrounding structure.
6:11|The word of the LORD came to Solomon:|Preserves the interruption of construction by divine speech.
6:12|“As for this house you are building: if you walk in my statutes, carry out my judgments, and keep all my commands by following them, I will fulfill with you the promise I made to your father David.|Keeps the promise conditional on obedience rather than on construction alone.
6:13|I will dwell among the Israelites and will not abandon my people Israel.”|Retains dwelling among the people, not only within the building.
6:14|So Solomon built the house and finished it.|Preserves the repeated completion statement.
6:15|He lined the inside walls with cedar boards, covering them with wood from the floor to the ceiling, and laid cypress boards over the floor.|Makes the wood surfaces distinct while retaining both species.
6:16|He partitioned off twenty cubits at the rear of the house with cedar boards from the floor up to the walls. Inside, he made this the inner sanctuary, the Most Holy Place.|Keeps the difficult walls wording and the sanctuary’s two designations.
6:17|The main hall in front of it was forty cubits long.|Clarifies the relation of the hall to the rear sanctuary.
6:18|The cedar inside the house was carved with gourds and open flowers. Everything was cedar; no stone could be seen.|Retains decoration and the emphatic concealment of stone.
6:19|He prepared the inner sanctuary deep within the house to hold the ark of the LORD’s covenant.|Keeps purpose and inward location together.
6:20|The inner sanctuary was twenty cubits long, twenty wide, and twenty high. He overlaid it with pure gold and covered the altar with cedar.|Preserves the cube dimensions and the altar’s cedar covering.
6:21|Solomon overlaid the inside of the house with pure gold. He stretched gold chains across the front of the inner sanctuary and overlaid it with gold.|Retains chains and the repeated gold covering without defining their function.
6:22|He covered the entire house with gold, until the whole house was finished. He also covered the entire altar belonging to the inner sanctuary with gold.|Preserves the repeated totality and the altar’s association.
6:23|In the inner sanctuary he made two cherubim of olive wood, each ten cubits high.|Retains the beings’ biblical name, wood and height.
6:24|One wing of the first cherub was five cubits long, and the other was five cubits: ten cubits from wingtip to wingtip.|Makes the wingspan arithmetic audible.
6:25|The second cherub also measured ten cubits. Both cherubim had the same dimensions and shape.|Retains equivalence rather than omitting the second measurement.
6:26|The first cherub was ten cubits high, and so was the second.|Keeps the repeated equal heights.
6:27|He placed the cherubim inside the innermost room. Their wings were spread out: one cherub’s wing touched one wall, the other’s wing touched the opposite wall, and their wings met in the middle of the house.|Unfolds the wing arrangement into a readable spatial description.
6:28|He overlaid the cherubim with gold.|Retains their covering in a short sentence.
6:29|All around the house’s walls, in both the inner and outer rooms, he carved cherubim, palm trees, and open flowers.|Preserves all three motifs and both rooms.
6:30|He covered the floor with gold in both the inner and outer rooms.|Retains gold flooring throughout the two spaces.
6:31|For the entrance to the inner sanctuary he made olive-wood doors, with a five-sided doorframe.|Uses the five-sided interpretation while marking its uncertainty in a note.
6:32|On the two olive-wood doors he carved cherubim, palm trees, and open flowers. He overlaid the doors with gold, spreading it over the cherubim and palm trees.|Keeps the ornament list and gold application distinct.
6:33|For the entrance to the main hall he likewise made olive-wood doorposts, with a four-sided frame,|Preserves the contrast with the preceding frame interpretation.
6:34|and two cypress doors. Each door had two folding panels.|Makes the paired folding construction clear.
6:35|He carved cherubim, palm trees, and open flowers on them and covered them with gold fitted to the carvings.|Retains the relief-shaped gold covering.
6:36|He built the inner court with three courses of dressed stone and one course of cedar beams.|Keeps the masonry/timber ratio and court distinction.
6:37|The foundation of the LORD’s house was laid in the fourth year, in the month of Ziv.|Preserves the repeated foundation date.
6:38|In the eleventh year, in Bul, the eighth month, the house was finished in all its details and according to all its specifications. He spent seven years building it.|Retains both dates, completion scope and stated duration.
7:1|Solomon spent thirteen years building his own house, completing the whole complex.|Preserves the duration beside the temple’s seven years.
7:2|He built the House of the Forest of Lebanon, a hundred cubits long, fifty wide, and thirty high, on four rows of cedar pillars with cedar beams on the pillars.|Keeps the building name, dimensions and four rows.
7:3|It was roofed with cedar above the beams resting on the pillars—forty-five beams, fifteen to a row.|Makes the counted elements explicit while noting the architectural uncertainty.
7:4|There were three rows of windows, facing one another in three tiers.|Keeps the repeated threefold arrangement.
7:5|All the doorways and their frames were rectangular, and the windows faced one another in three tiers.|Distinguishes doorframes from opposing openings.
7:6|He made the Hall of Pillars fifty cubits long and thirty wide. A porch stood in front of it, with pillars and a canopy before them.|Retains the hall, porch and uncertain canopy term without embellishing.
7:7|He made the Hall of the Throne, where he would give judgment—the Hall of Justice. It was paneled with cedar from one end of the floor to the other.|Keeps the hall’s paired names and the pinned floor-to-floor expression.
7:8|His own residence, in another court behind the hall, was built in the same way. He also made a house like this hall for Pharaoh’s daughter, whom he had married.|Preserves the separate residence and wife’s house.
7:9|All these buildings used costly stones, cut to size and sawn on their inner and outer faces, from the foundations to the coping and outside as far as the great court.|Keeps material preparation and the full architectural extent.
7:10|The foundations were of great, costly stones, some ten cubits and some eight cubits long.|Preserves both sizes without converting units.
7:11|Above them were costly stones cut to size, and cedar.|Keeps the upper materials distinct from foundations.
7:12|The great court was surrounded by three courses of dressed stone and one course of cedar beams, as were the inner court of the LORD’s house and the house’s porch.|Retains the shared construction pattern and all three spaces.
7:13|King Solomon sent for Hiram from Tyre.|Introduces the craftsman without conflating him with the king of Tyre.
7:14|He was the son of a widow from the tribe of Naphtali; his father was a Tyrian bronze worker. Hiram was filled with wisdom, understanding, and skill for every kind of bronze work. He came to King Solomon and did all his work.|Preserves the parentage from this pin and the threefold craft qualification.
7:15|He cast the two bronze pillars. One pillar was eighteen cubits high, and a cord twelve cubits long went around the other.|Keeps the source’s distribution of measurements between the pillars.
7:16|He made two cast-bronze capitals to set on top of the pillars. Each capital was five cubits high.|Preserves material, position and equal heights.
7:17|For the capitals on top of the pillars he made latticework, with twisted chains: seven for one capital and seven for the other.|Keeps the two sets of seven in the difficult ornament description.
7:18|He made the pillars and two rows around one lattice to cover the capitals above the pomegranates. He did the same for the other capital.|Retains the pinned pillars/pomegranates order; textual difficulty is noted rather than silently transposed.
7:19|The capitals on top of the pillars in the porch had lily-shaped work, four cubits high.|Preserves the four-cubit floral element beside the five-cubit total.
7:20|On both pillars the capitals rose above the bowl-shaped part beside the lattice. Two hundred pomegranates ran in rows around the other capital.|Keeps the source’s other-capital phrasing and ornament count.
7:21|He set up the pillars at the main hall’s porch. He named the right pillar Jachin and the left pillar Boaz.|Preserves side and name relationships.
7:22|The tops of the pillars were shaped like lilies. So the work on the pillars was finished.|Retains floral completion as a separate statement.
7:23|He made the cast-metal Sea, circular in shape, ten cubits from rim to rim and five cubits high. A cord thirty cubits long went around it.|Keeps the Sea name and all measurements without mathematical correction.
7:24|Under its rim, gourds encircled it, ten to a cubit. The gourds were in two rows, cast as one piece with the Sea.|Retains count, rows and integrated casting.
7:25|It stood on twelve cattle: three facing north, three west, three south, and three east. The Sea rested on them, and all their hindquarters faced inward.|Preserves the four directional groups and orientation.
7:26|It was a handbreadth thick. Its rim was shaped like a cup’s rim, like a lily blossom. It held two thousand baths.|Keeps thickness, floral simile and the pinned capacity.
7:27|He made ten bronze stands, each four cubits long, four wide, and three high.|Preserves the number and three dimensions of the stands.
7:28|This was how the stands were made: they had panels fitted between crossbars.|Introduces construction details with restrained technical language.
7:29|On the panels between the crossbars were lions, cattle, and cherubim. Above, on the crossbars, was a supporting ledge, and below the lions and cattle were hanging wreaths.|Retains the three figures and difficult ledge/wreath arrangement.
7:30|Each stand had four bronze wheels with bronze axles. Its four corners had cast supports under the basin, with wreaths beside each support.|Keeps wheels, axles, corner supports and decoration distinct.
7:31|From inside the crown, its opening rose a cubit above it. The opening was round, shaped like a pedestal, a cubit and a half across. It too had carvings. The panels, however, were square, not round.|Preserves upward extension, contrasting shapes and dimensions; compressed referents remain uncertain and are noted.
7:32|The four wheels were below the panels, with their axles attached to the stand. Each wheel was a cubit and a half high.|Keeps wheel position, attachment and size.
7:33|The wheels were made like chariot wheels. Their axles, rims, spokes, and hubs were all cast metal.|Retains the chariot comparison and four parts.
7:34|Each stand had four supports at its four corners, made as one piece with the stand.|Keeps the integral construction explicit.
7:35|At the top of each stand was a round band half a cubit high. Its supports and panels were made as one piece with it.|Preserves the upper band’s shape, height and joined components.
7:36|On the surfaces of its supports and panels he engraved cherubim, lions, and palm trees wherever there was room, with wreaths all around.|Keeps decoration adapted to the available surface.
7:37|He made all ten stands alike: the same casting, dimensions, and shape.|Retains the threefold identity statement.
7:38|He made ten bronze basins, each holding forty baths and measuring four cubits. There was one basin on each of the ten stands.|Preserves capacity and measurement without inventing an unstated dimension.
7:39|He placed five stands on the right side of the house and five on the left. He put the Sea on the right side, toward the southeast.|Makes the five/five arrangement and Sea location readable.
7:40|Hiram made the basins, shovels, and bowls. He finished all the work he did for King Solomon on the LORD’s house:|Keeps basins in this verse rather than harmonizing the later pots list.
7:41|the two pillars; the two bowl-shaped capitals on top of them; the two lattices covering those capitals;|Retains the inventory’s paired items.
7:42|the four hundred pomegranates for the two lattices, two rows for each lattice, covering the two bowl-shaped capitals at the tops of the pillars;|Preserves total, distribution and location.
7:43|the ten stands and the ten basins on them;|Keeps both counts in the repeated inventory.
7:44|the one Sea and the twelve cattle underneath it;|Retains the singular vessel and twelve supports.
7:45|and the pots, shovels, and bowls. All these utensils that Hiram made for King Solomon for the LORD’s house were of polished bronze.|Follows the read these form and retains polished material.
7:46|The king had them cast in the clay ground of the Jordan plain between Succoth and Zarethan.|Keeps production method and both geographic limits.
7:47|Solomon left all the utensils unweighed because there were so many. The weight of the bronze was not determined.|Preserves the emphatic quantity and unspecified total.
7:48|Solomon made all the furnishings for the LORD’s house: the gold altar; the gold table for the bread of the Presence;|Keeps the sacred bread designation and gold items.
7:49|the pure-gold lampstands, five on the right and five on the left before the inner sanctuary; the gold flowers, lamps, and tongs;|Preserves the five/five arrangement and accessory list.
7:50|the cups, snuffers, bowls, dishes, and firepans of pure gold; and the gold sockets for the doors of the innermost room, the Most Holy Place, and for the doors of the main hall.|Retains all utensils and both sets of door fittings.
7:51|When all King Solomon’s work on the LORD’s house was finished, he brought in the things his father David had dedicated. He placed the silver, gold, and utensils in the treasuries of the LORD’s house.|Keeps completion and inherited dedicated property distinct.
8:1|Then Solomon assembled Israel’s elders, all the tribal heads and leaders of the ancestral families of the Israelites, before King Solomon in Jerusalem. They were to bring up the ark of the LORD’s covenant from the City of David, which is Zion.|Preserves leadership groups and identifies Zion without erasing the formal royal repetition.
8:2|All the men of Israel gathered before King Solomon at the festival in Ethanim, the seventh month.|Keeps the gendered assembly and both month designations.
8:3|When all Israel’s elders had arrived, the priests lifted the ark.|Retains elders’ arrival before the priests’ action.
8:4|They brought up the LORD’s ark, the tent of meeting, and all the holy utensils in the tent. The priests and Levites brought them up.|Keeps all transported objects and both groups.
8:5|King Solomon and the whole assembly of Israel gathered with him stood before the ark, sacrificing so many sheep and cattle that they could not be counted or numbered.|Retains the repeated counting language and abundance.
8:6|The priests brought the ark of the LORD’s covenant to its place in the house’s inner sanctuary, the Most Holy Place, beneath the cherubim’s wings.|Keeps the nested sacred locations understandable.
8:7|The cherubim spread their wings over the ark’s place, sheltering the ark and its poles from above.|Retains the covering action and poles.
8:8|The poles were so long that their ends could be seen from the Holy Place in front of the inner sanctuary, but not from outside. They are there to this day.|Preserves visibility limits and the narrator’s temporal viewpoint.
8:9|Nothing was in the ark except the two stone tablets Moses had placed there at Horeb, where the LORD made a covenant with the Israelites when they left Egypt.|Keeps the exclusive contents statement without harmonizing other passages.
8:10|When the priests came out of the Holy Place, the cloud filled the LORD’s house.|Retains the sequence of departure and cloud.
8:11|The priests could not stand to minister because of the cloud, for the LORD’s glory filled the LORD’s house.|Keeps inability to minister and repeated divine Name.
8:12|Then Solomon said, “The LORD said he would dwell in thick darkness.|Preserves the darkness image in the opening declaration.
8:13|I have indeed built you a lofty house,\na settled place for you to dwell forever.”|Keeps the emphatic claim and poetic parallel.
8:14|The king turned and blessed the whole assembly of Israel while they stood.|Makes the change of audience explicit.
8:15|He said, “Blessed be the LORD, Israel’s God! With his own mouth he spoke to my father David, and with his own hand he fulfilled it. He said:|Retains the mouth/hand correspondence.
8:16|‘From the day I brought my people Israel out of Egypt, I chose no city among all Israel’s tribes in which to build a house for my name. But I chose David to be over my people Israel.’|Keeps city and David election distinct; adds no missing parallel material.
8:17|My father David had it in his heart to build a house for the name of the LORD, Israel’s God.|Retains the heart intention and Name formula.
8:18|But the LORD told my father David, ‘You did well to have it in your heart to build a house for my name.|Preserves the commendation of the intention.
8:19|Still, you will not build the house. Your son, who comes from your own body, will build the house for my name.’|Makes bodily descent natural without removing it.
8:20|The LORD has fulfilled the word he spoke. I have risen in my father David’s place and sit on Israel’s throne, as the LORD promised. I have built the house for the name of the LORD, Israel’s God,|Keeps succession and building as the speaker’s fulfillment account.
8:21|and made a place there for the ark containing the LORD’s covenant, which he made with our ancestors when he brought them out of Egypt.”|Preserves covenant as the tablets’ designation.
8:22|Solomon stood before the LORD’s altar in front of the whole assembly of Israel and spread his hands toward heaven.|Keeps public location and bodily prayer posture.
8:23|He said, “LORD, Israel’s God, there is no God like you in heaven above or on earth below. You keep covenant and steadfast love with your servants who walk before you with all their heart.|Retains covenant, steadfast love and wholehearted walking.
8:24|You kept what you promised your servant, my father David. Your mouth spoke it; your hand fulfilled it, as we see today.|Keeps the repeated mouth/hand image readable.
8:25|Now, LORD, Israel’s God, keep what you promised your servant, my father David: ‘You will never lack a man to sit before me on Israel’s throne, if only your sons watch their ways and walk before me as you have walked before me.’|Preserves the dynastic condition and repeated walking language.
8:26|And now, God of Israel, please confirm the word you spoke to your servant, my father David.|Follows the singular read form word.
8:27|“But will God really dwell on earth? Heaven, even the highest heavens, cannot contain you—how much less this house I have built!|Preserves the question challenging the building’s capacity.
8:28|Yet turn toward your servant’s prayer and plea, LORD my God. Listen to the cry and prayer your servant offers before you today.|Keeps paired prayer terms and petition for attention.
8:29|May your eyes be open toward this house night and day, toward the place where you said, ‘My name will be there.’ Hear the prayer your servant prays toward this place.|Retains eyes, Name and directional prayer.
8:30|Hear the plea of your servant and your people Israel when they pray toward this place. Hear from heaven, your dwelling place; hear and forgive.|Preserves the repeated hear and concluding forgive.
8:31|“When someone sins against a neighbor and is required to take an oath under a curse, and the oath comes before your altar in this house,|Makes the judicial oath’s curse explicit.
8:32|hear in heaven, act, and judge your servants. Condemn the guilty, bringing their conduct back on their own heads, and vindicate the righteous, giving them what their righteousness deserves.|Keeps both judicial outcomes and returning-conduct image.
8:33|“When your people Israel are defeated by an enemy because they have sinned against you, and they turn back to you, acknowledge your name, and pray and plead with you in this house,|Retains the stated causal claim and return sequence.
8:34|hear in heaven and forgive the sin of your people Israel. Bring them back to the land you gave their ancestors.|Keeps forgiveness and restoration distinct.
8:35|“When heaven is shut and no rain falls because they have sinned against you, and they pray toward this place, acknowledge your name, and turn from their sin because you have afflicted them,|Retains divine affliction and the closed-heaven image.
8:36|hear in heaven and forgive the sin of your servants, your people Israel. Teach them the good way to walk, and send rain on the land you gave your people as an inheritance.|Keeps teaching, walking, rain and inheritance connected.
8:37|“When famine or plague comes on the land, when there is blight, mildew, locusts or devouring locusts, when an enemy besieges them in the land at their gates—whatever plague or sickness there may be—|Preserves the full catalogue and difficult gates expression.
8:38|whatever prayer or plea is offered by any person or by all your people Israel, each knowing the affliction of their own heart and spreading their hands toward this house,|Preserves both individual and collective petition, and the affliction of each heart; focused reread restored the explicit collective scope.
8:39|hear in heaven, your dwelling place. Forgive and act. Give to each according to all their ways, for you know their hearts—you alone know the hearts of all humanity—|Keeps individual judgment and exclusive divine heart knowledge.
8:40|so they may fear you all the days they live on the land you gave our ancestors.|Retains fear and lifelong residence as the stated purpose.
8:41|“And as for the foreigner who does not belong to your people Israel but comes from a distant land because of your name—|Keeps the foreigner’s non-Israelite identity explicit.
8:42|for people will hear of your great name, your strong hand, and your outstretched arm—when that foreigner comes and prays toward this house,|Retains all three expressions of divine renown.
8:43|hear in heaven, your dwelling place, and do all the foreigner asks of you. Then all the peoples of the earth may know your name and fear you as your people Israel do, and know that this house I have built bears your name.|Preserves the expansive foreigner petition without adding conditions.
8:44|“When your people go to war against their enemy along the way you send them, and pray to the LORD toward the city you chose and the house I built for your name,|Keeps divine sending and directional prayer.
8:45|hear their prayer and plea in heaven, and uphold their cause.|Retains the judicial cause idiom.
8:46|“When they sin against you—for there is no one who does not sin—and you become angry with them and give them over to an enemy, so their captors take them to an enemy land, far away or near,|Preserves universal sin, divine anger and captivity without shortening.
8:47|and they come to their senses in the land where they are held captive, turn back, and plead with you there, saying, ‘We have sinned, done wrong, and acted wickedly,’|Retains the threefold confession and change of heart.
8:48|and they return to you with all their heart and all their being in the land of the enemies who captured them, and pray to you toward their own land, which you gave their ancestors, toward the city you chose and the house I built for your name,|Keeps wholehearted return and all three directional objects; follows read I built.
8:49|hear their prayer and plea in heaven, your dwelling place, and uphold their cause.|Preserves the repeated appeal formula.
8:50|Forgive your people who sinned against you, and all their rebellions against you. Grant them compassion in the eyes of their captors, so their captors will show them compassion.|Retains rebellion and repeated compassion, not an invented immediate release.
8:51|For they are your people and your inheritance, whom you brought out of Egypt, out of the iron furnace.|Keeps the furnace image and divine possession.
8:52|May your eyes be open to your servant’s plea and the plea of your people Israel. Listen whenever they call to you.|Preserves eyes and hearing together.
8:53|For you set them apart as your inheritance from all the peoples of the earth, just as you said through your servant Moses when you brought our ancestors out of Egypt, Lord GOD.”|Keeps election, mediation and the closing divine title.
8:54|When Solomon finished all this prayer and pleading to the LORD, he rose from before the LORD’s altar, where he had been kneeling with his hands spread toward heaven.|Retains the kneeling posture without harmonizing it into verse 22.
8:55|He stood and blessed the whole assembly of Israel in a loud voice:|Keeps the public blessing’s volume.
8:56|“Blessed be the LORD, who has given rest to his people Israel just as he promised! Not one word has failed of all the good he promised through his servant Moses.|Retains rest and the no-word-failed declaration.
8:57|May the LORD our God be with us as he was with our ancestors. May he never leave us or abandon us.|Keeps the paired abandonment pleas.
8:58|May he turn our hearts toward him, so we walk in all his ways and keep the commands, statutes, and judgments he gave our ancestors.|Retains divine heart-turning and three instruction terms.
8:59|May these words I have pleaded before the LORD remain close to the LORD our God day and night. May he uphold his servant’s cause and his people Israel’s cause, each day as it requires,|Keeps daily need and both parties’ causes.
8:60|so that all the peoples of the earth may know that the LORD is God. There is no other.|Preserves the universal purpose and exclusive claim.
8:61|Let your heart be wholly with the LORD our God, walking in his statutes and keeping his commands, as you do today.”|Keeps wholehearted devotion as an exhortation.
8:62|Then the king and all Israel with him offered sacrifices before the LORD.|Retains king and people acting together.
8:63|Solomon offered fellowship sacrifices to the LORD: twenty-two thousand cattle and a hundred twenty thousand sheep. So the king and all the Israelites dedicated the LORD’s house.|Preserves offering category and both extraordinary counts.
8:64|That day the king consecrated the middle of the court in front of the LORD’s house. There he offered burnt offerings, grain offerings, and the fat of fellowship offerings, because the bronze altar before the LORD was too small to hold them all.|Retains the extra consecrated space and practical reason.
8:65|At that time Solomon and all Israel with him celebrated the festival before the LORD our God—a great assembly from Lebo-hamath to the Wadi of Egypt—for seven days and another seven days, fourteen days in all.|Keeps all duration expressions and geographic limits.
8:66|On the eighth day he sent the people away. They blessed the king and went home to their tents, joyful and glad of heart for all the good the LORD had done for his servant David and his people Israel.|Retains the eighth-day wording and tents image without smoothing the chronology.
9:1|When Solomon finished building the LORD’s house, the king’s house, and everything else he had desired to make,|Retains all three completion objects.
9:2|the LORD appeared to him a second time, as he had appeared at Gibeon.|Keeps the numbered appearance and earlier setting.
9:3|The LORD said, “I have heard the prayer and plea you offered before me. I have consecrated this house you built, placing my name there forever. My eyes and my heart will be there always.|Preserves Name, eyes and heart in the response.
9:4|As for you, if you walk before me as your father David did, with integrity of heart and uprightness, doing all I command and keeping my statutes and judgments,|Keeps the conditional address to Solomon and moral terms.
9:5|I will establish your royal throne over Israel forever, as I promised your father David: ‘You will never lack a man on Israel’s throne.’|Retains the succession promise within its condition.
9:6|But if you and your descendants turn away from following me, fail to keep the commands and statutes I have set before you, and go to serve other gods and bow down to them,|Preserves plural responsibility and the turn to other gods.
9:7|I will cut Israel off from the land I gave them. This house, which I consecrated for my name, I will cast out of my sight. Israel will become a proverb and a taunt among all peoples.|Keeps the threat against both people and consecrated building.
9:8|And this house, high as it is, will leave everyone who passes it appalled and hissing. They will ask, ‘Why has the LORD done this to this land and this house?’|Retains high from the pin rather than silently replacing it with ruins.
9:9|The answer will be, ‘Because they abandoned the LORD their God, who brought their ancestors out of Egypt. They took hold of other gods, bowed down to them, and served them. That is why the LORD brought all this disaster on them.’”|Preserves the full explanation and divine agency.
9:10|At the end of the twenty years Solomon spent building the two houses—the LORD’s house and the king’s house—|Keeps the combined duration and two structures.
9:11|King Solomon gave Hiram twenty towns in Galilee. Hiram king of Tyre had supplied all the cedar, cypress, and gold Solomon wanted.|Clarifies the exchange’s background without labeling it an unstated debt settlement.
9:12|Hiram came from Tyre to see the towns Solomon had given him, but he was not pleased with them.|Retains his direct assessment.
9:13|“What are these towns you have given me, my brother?” he asked. He called them the land of Cabul, as it is called to this day.|Keeps diplomatic brother language and unexplained place name.
9:14|Hiram sent the king a hundred twenty talents of gold.|Retains the direction and amount of gold.
9:15|This is the account of the forced labor King Solomon conscripted to build the LORD’s house, his own house, the Millo, Jerusalem’s wall, Hazor, Megiddo, and Gezer.|Keeps coercion and the entire project list.
9:16|Pharaoh king of Egypt had attacked and captured Gezer. He burned it, killed the Canaanites living there, and gave it as a marriage gift to his daughter, Solomon’s wife.|Preserves massacre before the marriage gift, without euphemism.
9:17|Solomon rebuilt Gezer and Lower Beth-horon,|Keeps the two named projects.
9:18|Baalath, and Tadmor in the wilderness of the land,|Follows the read Tadmor while noting written Tamar.
9:19|as well as all his storage towns, the towns for chariots and horsemen, and whatever he desired to build in Jerusalem, Lebanon, and all the land he ruled.|Retains infrastructure types and geographic scope.
9:20|All the people remaining from the Amorites, Hittites, Perizzites, Hivites, and Jebusites, who were not Israelites—|Keeps all five peoples and the contrast.
9:21|their descendants left in the land, whom the Israelites had been unable to devote to destruction—Solomon subjected to forced slave labor, as they remain to this day.|Preserves destruction language and continuing enslavement.
9:22|But Solomon did not make slaves of the Israelites. They were his soldiers, servants, officers, aides, and commanders of his chariots and horsemen.|Retains this claim beside the earlier Israelite levy without harmonization.
9:23|There were five hundred fifty chief overseers of Solomon’s work, supervising the people who did it.|Keeps this count distinct from 5:16.
9:24|Pharaoh’s daughter moved up from the City of David to the house Solomon had built for her. Then he built the Millo.|Preserves the move and stated sequence.
9:25|Three times a year Solomon offered burnt offerings and fellowship offerings on the altar he had built for the LORD, burning offerings there before the LORD. So he completed the house.|Keeps the festival frequency and difficult completion clause.
9:26|King Solomon built a fleet at Ezion-geber, near Eloth, on the shore of the Sea of Reeds in Edom.|Retains the Hebrew sea name with geographic context.
9:27|Hiram sent experienced sailors from among his servants to work in the fleet with Solomon’s servants.|Makes maritime expertise clear.
9:28|They sailed to Ophir and brought back four hundred twenty talents of gold to King Solomon.|Preserves the pinned gold amount and destination.
10:1|The queen of Sheba heard of Solomon’s fame in connection with the LORD’s name. She came to test him with riddles.|Retains the divine-Name connection and testing purpose.
10:2|She arrived in Jerusalem with a very large retinue, camels carrying spices, a great quantity of gold, and precious stones. She came to Solomon and spoke with him about everything on her heart.|Preserves gifts and the heart’s full agenda.
10:3|Solomon answered all her questions. Nothing was hidden from the king that he could not explain to her.|Keeps the totality of his response.
10:4|When the queen of Sheba saw all Solomon’s wisdom, the house he had built,|Continues the long seeing list across verse labels.
10:5|the food at his table, his servants’ seating, his attendants at their posts and their clothing, his cupbearers, and the burnt offering he offered at the LORD’s house, she was left breathless.|Follows burnt offering while noting the alternative ascent reading.
10:6|She told the king, “The report I heard in my own land about your words and wisdom was true.|Keeps her own prior report distinct from observation.
10:7|But I did not believe it until I came and saw with my own eyes. Not even half was told to me! Your wisdom and prosperity exceed what I heard.|Retains disbelief, eyewitness recognition and half comparison.
10:8|How fortunate your men are! How fortunate these servants of yours, who stand before you always and hear your wisdom!|Keeps men from the pin, not a harmonized wives reading.
10:9|Blessed be the LORD your God, who delighted in you and placed you on Israel’s throne. Because the LORD loves Israel forever, he made you king to do justice and righteousness.”|Preserves the queen’s link between kingship and justice.
10:10|She gave the king a hundred twenty talents of gold, an immense quantity of spices, and precious stones. Never again did such an abundance of spices arrive as the queen of Sheba gave King Solomon.|Keeps the quantified gold and unequaled spices.
10:11|Hiram’s fleet, which brought gold from Ophir, also brought great quantities of almug wood and precious stones.|Retains the uncertain wood name rather than guessing a species.
10:12|The king used the almug wood for supports in the LORD’s house and the king’s house, and for lyres and harps for the singers. No such almug wood has arrived or been seen to this day.|Keeps architectural and musical uses distinct.
10:13|King Solomon gave the queen of Sheba everything she desired and asked for, besides what he gave her from his royal bounty. Then she and her servants returned to her land.|Preserves requested gifts and additional royal generosity.
10:14|The gold that came to Solomon in one year weighed six hundred sixty-six talents,|Retains the exact annual weight.
10:15|besides what came from traders, merchants’ business, all the kings of the mixed peoples, and the governors of the land.|Preserves the pinned mixed-peoples expression with uncertainty noted.
10:16|King Solomon made two hundred large shields of beaten gold, using six hundred shekels of gold for each.|Keeps shield size category and inferred weight unit noted.
10:17|He also made three hundred smaller shields of beaten gold, using three minas for each, and placed them in the House of the Forest of Lebanon.|Retains minas without harmonizing the parallel weight.
10:18|The king made a great ivory throne and overlaid it with refined gold.|Keeps ivory and gold construction.
10:19|Six steps led up to it. The throne had a rounded top at the back, armrests on either side of the seat, and two lions standing beside the armrests.|Preserves the throne’s arrangement without substituting an animal-shaped back.
10:20|Twelve lions stood on the six steps, one at each end of every step. Nothing like it had been made in any kingdom.|Makes the distribution explicit and retains the superlative.
10:21|All King Solomon’s drinking vessels were gold, and all the vessels in the House of the Forest of Lebanon were pure gold. None were silver; silver counted for nothing in Solomon’s days.|Keeps the repeated gold and devaluation of silver.
10:22|The king had a Tarshish fleet at sea with Hiram’s fleet. Once every three years the Tarshish fleet returned carrying gold, silver, ivory, apes, and peacocks.|Retains the fleet designation and uncertain exotic animal names with notes.
10:23|King Solomon surpassed all the kings of the earth in riches and wisdom.|Keeps the paired royal comparisons.
10:24|The whole earth sought an audience with Solomon to hear the wisdom God had put in his heart.|Retains universal rhetoric and heart-gift language.
10:25|Year after year each brought a gift: silver and gold vessels, garments, weapons, spices, horses, and mules.|Preserves all gift classes and recurrence.
10:26|Solomon gathered chariots and horsemen. He had fourteen hundred chariots and twelve thousand horsemen, stationed in the chariot towns and with the king in Jerusalem.|Keeps both military totals and distribution.
10:27|The king made silver as common in Jerusalem as stones, and cedar as plentiful as the sycamores in the lowlands.|Preserves the two abundance comparisons.
10:28|Solomon’s horses were imported from Egypt and Kue. The king’s merchants bought them from Kue at an agreed price.|Uses geographic Kue interpretation with alternative grouping sense noted.
10:29|A chariot imported from Egypt cost six hundred silver shekels, and a horse a hundred fifty. Through these merchants they were also exported to all the Hittite kings and the kings of Aram.|Keeps prices and the intermediaries’ export role.
11:1|King Solomon loved many foreign women besides Pharaoh’s daughter: Moabite, Ammonite, Edomite, Sidonian, and Hittite women.|Retains all five peoples and the distinct Egyptian marriage.
11:2|They came from nations about which the LORD had told the Israelites, “You must not enter into marriage with them, nor they with you. They will surely turn your hearts after their gods.” Yet Solomon clung to these women in love.|Makes the marriage relation explicit and keeps clinging love.
11:3|He had seven hundred royal wives and three hundred concubines. His wives turned his heart away.|Preserves status distinctions and both counts.
11:4|As Solomon grew old, his wives turned his heart after other gods. His heart was not wholly with the LORD his God, as his father David’s heart had been.|Keeps repeated heart and the narrator’s comparison.
11:5|Solomon followed Ashtoreth, goddess of the Sidonians, and Milcom, the detestable god of the Ammonites.|Retains named deities and evaluative language.
11:6|He did evil in the LORD’s eyes and did not follow the LORD fully, as his father David had.|Preserves the explicit assessment of Solomon himself.
11:7|Then Solomon built a high place for Chemosh, the detestable god of Moab, on the hill facing Jerusalem, and for Molech, the detestable god of the Ammonites.|Keeps Molech rather than harmonizing Milcom; facing Jerusalem expresses the source relation without supplying a compass direction.
11:8|He did the same for all his foreign wives, who burned offerings and sacrificed to their gods.|Preserves women as the worshiping subjects.
11:9|The LORD became angry with Solomon because his heart had turned away from the LORD, Israel’s God, who had appeared to him twice.|Keeps the twice-received revelation in the accusation.
11:10|The LORD had commanded him about this very thing: he must not follow other gods. But Solomon did not keep the LORD’s command.|Retains the specific prohibition and royal failure.
11:11|So the LORD said to Solomon, “Since this is how you have acted, and you have not kept my covenant and the statutes I commanded you, I will surely tear the kingdom away from you and give it to your servant.|Keeps emphatic tearing and covenant breach.
11:12|But for your father David’s sake, I will not do it during your lifetime. I will tear it from your son’s hand.|Preserves delayed judgment and the hand image.
11:13|Still, I will not tear away the whole kingdom. I will give your son one tribe for the sake of my servant David and Jerusalem, which I chose.”|Retains one tribe without arithmetic harmonization.
11:14|The LORD raised up an adversary against Solomon: Hadad the Edomite, of the royal line in Edom.|Keeps adversary as a human opponent raised by God.
11:15|When David was in Edom, Joab the army commander went up to bury the slain and struck down every male in Edom.|Preserves the all-male slaughter and burial context.
11:16|Joab and all Israel stayed there six months, until he had cut off every male in Edom.|Retains duration and repeated totalizing claim.
11:17|Hadad escaped to Egypt with some Edomite servants of his father. He was only a young boy.|Keeps the child survivor and his companions.
11:18|They left Midian and came to Paran. Taking men from Paran with them, they went to Egypt, to Pharaoh king of Egypt. Pharaoh gave Hadad a house, assigned him food, and gave him land.|Unfolds the refugee journey and three provisions.
11:19|Hadad found great favor with Pharaoh, who gave him his wife’s sister in marriage—the sister of Queen Tahpenes.|Makes the marriage relationship clear.
11:20|Tahpenes’ sister bore him a son, Genubath. Tahpenes weaned him in Pharaoh’s house, and he lived there among Pharaoh’s sons.|Keeps the aunt’s role and royal upbringing.
11:21|While in Egypt, Hadad heard that David had lain down with his ancestors and that Joab the army commander was dead. He told Pharaoh, “Let me go back to my own land.”|Preserves both deaths motivating the request.
11:22|Pharaoh asked him, “What do you lack here with me that makes you want to go to your own land?” “Nothing,” he answered. “But please, let me go.”|Retains the unanswered motivation and emphatic request.
11:23|God raised up another adversary against Solomon: Rezon son of Eliada, who had fled from his master Hadadezer king of Zobah.|Keeps distinct names and the fugitive’s former allegiance.
11:24|He gathered men around him and led a raiding band when David slaughtered Hadadezer’s forces. They went to Damascus, settled there, and took power in Damascus.|Clarifies the slaughter’s referent while preserving the plural seizure of rule.
11:25|He was Israel’s adversary throughout Solomon’s days, adding to the harm Hadad did. He loathed Israel and ruled over Aram.|Makes the difficult added-harm clause readable without relocating rule to Edom.
11:26|Jeroboam son of Nebat, an Ephraimite from Zeredah, also raised his hand against the king. He was Solomon’s servant; his mother was a widow named Zeruah.|Retains revolt image, origin and maternal identity.
11:27|This is how he came to raise his hand against the king. Solomon was building the Millo and closing the breach in the City of David his father.|Keeps the construction context of the revolt.
11:28|Jeroboam was a capable man. When Solomon saw how industrious the young man was, he put him over all the forced labor of Joseph’s house.|Preserves ability and the particular labor jurisdiction.
11:29|At that time, as Jeroboam was leaving Jerusalem, the prophet Ahijah of Shiloh met him on the road. Ahijah was wearing a new cloak, and the two were alone in the open country.|Names the likely cloak wearer; ambiguity is noted.
11:30|Ahijah seized the new cloak he was wearing and tore it into twelve pieces.|Keeps the new garment and symbolic number.
11:31|He told Jeroboam, “Take ten pieces. For this is what the LORD, Israel’s God, says: ‘I am tearing the kingdom from Solomon’s hand and giving you ten tribes.|Preserves the ten-piece/ten-tribe interpretation.
11:32|But one tribe will remain his, for the sake of my servant David and Jerusalem, the city I chose from all Israel’s tribes.|Retains one despite twelve pieces and ten allotted.
11:33|This is because they abandoned me and bowed to Ashtoreth, goddess of the Sidonians, Chemosh, god of Moab, and Milcom, god of the Ammonites. They have not walked in my ways, doing what is right in my eyes and keeping my statutes and judgments, as his father David did.|Preserves the plural they and singular his father shift.
11:34|Yet I will not take the whole kingdom from his hand. I will keep him as ruler all his life for the sake of my servant David, whom I chose and who kept my commands and statutes.|Keeps lifetime restraint and the stated reason.
11:35|I will take the kingship from his son’s hand and give you ten tribes.|Retains the delayed transfer and number.
11:36|I will give his son one tribe, so my servant David may always have a lamp before me in Jerusalem, the city I chose for myself to place my name there.|Preserves the lamp image and Name language.
11:37|I will take you, and you will rule over all you desire. You will be king over Israel.|Keeps the breadth of the royal grant.
11:38|If you listen to all I command, walk in my ways, and do what is right in my eyes, keeping my statutes and commands as my servant David did, I will be with you. I will build you an enduring house, as I built for David, and give Israel to you.|Retains Jeroboam’s conditional house promise parallel to David’s.
11:39|For this I will afflict David’s descendants, but not forever.’”|Keeps the limit on affliction without specifying fulfillment.
11:40|Solomon tried to kill Jeroboam. Jeroboam fled to Shishak king of Egypt and stayed in Egypt until Solomon died.|Preserves royal violence and the named protector.
11:41|The rest of Solomon’s history, all he did, and his wisdom—are they not written in the Book of Solomon’s Acts?|Retains the narrator’s source citation as a question.
11:42|Solomon ruled over all Israel from Jerusalem for forty years.|Keeps scope, capital and duration.
11:43|Solomon lay down with his ancestors and was buried in the City of David his father. His son Rehoboam became king in his place.|Retains death idiom, burial and succession.
12:1|Rehoboam went to Shechem, where all Israel had gathered to make him king.|Keeps assembly location and purpose.
12:2|Jeroboam son of Nebat heard about it while he was still in Egypt, where he had fled from King Solomon. Jeroboam was living in Egypt.|Preserves remained in Egypt rather than importing returned.
12:3|They sent for him. Jeroboam and the whole assembly of Israel came and said to Rehoboam,|Makes the summons and joint address sequential.
12:4|“Your father made our yoke harsh. Now lighten the harsh service and heavy yoke your father put on us, and we will serve you.”|Retains yoke and repeated service language.
12:5|He told them, “Go away for three days, then return to me.” So the people left.|Keeps the delay and response.
12:6|King Rehoboam consulted the elders who had served his father Solomon during his lifetime. “How do you advise me to answer these people?” he asked.|Identifies the advisers through their prior service.
12:7|They answered, “If today you become a servant to these people and serve them, responding with good words, they will be your servants always.”|Preserves the servant/serve/servants reversal.
12:8|But he abandoned the elders’ advice and consulted the young men who had grown up with him and now served him.|Keeps generational contrast without inventing their ages.
12:9|He asked them, “What do you advise? How should we answer these people who have asked me, ‘Lighten the yoke your father put on us’?”|Retains the repeated demand within consultation.
12:10|The young men who had grown up with him answered, “Tell these people who said, ‘Your father made our yoke heavy; lighten it for us’: ‘My little finger is thicker than my father’s waist!|Uses traditional finger expansion with the Hebrew little-one ambiguity noted.
12:11|My father loaded you with a heavy yoke; I will add to it. My father disciplined you with whips; I will discipline you with scorpions.’”|Keeps the threat’s paired intensifications and scorpion image.
12:12|Jeroboam and all the people returned to Rehoboam on the third day, as the king had told them: “Return to me on the third day.”|Preserves the repeated appointment.
12:13|The king answered the people harshly. He abandoned the advice the elders had given him|Retains harshness and rejected counsel as narration.
12:14|and spoke as the young men advised: “My father made your yoke heavy; I will add to it. My father disciplined you with whips; I will discipline you with scorpions.”|Keeps the repeated threat but does not import the omitted finger boast.
12:15|The king would not listen to the people. This turn of events came from the LORD, to fulfill the word the LORD had spoken to Jeroboam son of Nebat through Ahijah of Shiloh.|Retains divine agency alongside the king’s refusal.
12:16|When all Israel saw that the king would not listen, the people answered him:\n“What share have we in David?\nWe have no inheritance in Jesse’s son.\nTo your tents, Israel!\nLook after your own house now, David!”\nSo Israel went to their tents.|Preserves the full secession chant as poetry within its verse.
12:17|Rehoboam continued to rule the Israelites who lived in Judah’s towns.|Keeps the population and territory distinction.
12:18|King Rehoboam sent Adoram, who was over the forced labor, but all Israel stoned him to death. Rehoboam hurried into his chariot and fled to Jerusalem.|Retains the labor officer’s death and royal flight.
12:19|Israel has been in rebellion against David’s house to this day.|Preserves the narrator’s ongoing historical horizon.
12:20|When all Israel heard that Jeroboam had returned, they summoned him to the assembly and made him king over all Israel. Only the tribe of Judah remained loyal to David’s house.|Keeps the repeated arrival report and only-Judah claim.
12:21|When Rehoboam reached Jerusalem, he assembled all Judah’s house and the tribe of Benjamin—a hundred eighty thousand chosen warriors—to fight Israel’s house and restore the kingdom to Rehoboam son of Solomon.|Preserves Benjamin here without harmonizing verse 20.
12:22|But the word of God came to Shemaiah, the man of God:|Keeps messenger title and divine interruption.
12:23|“Say to Rehoboam son of Solomon, king of Judah, to all Judah’s house and Benjamin, and to the rest of the people:|Retains the complete addressed groups.
12:24|‘This is what the LORD says: Do not go up to fight your brothers, the Israelites. Each of you must return home, for this has come from me.’” They listened to the LORD’s word and turned back, as the LORD commanded.|Preserves kinship and divine responsibility for the division.
12:25|Jeroboam fortified Shechem in Ephraim’s hill country and lived there. Then he went out from there and fortified Penuel.|Keeps both royal building sites and sequence.
12:26|Jeroboam said in his heart, “Now the kingdom may return to David’s house.|Retains internal deliberation and house theme.
12:27|If these people go up to offer sacrifices in the LORD’s house in Jerusalem, their hearts will turn back to their lord, Rehoboam king of Judah. They will kill me and return to Rehoboam king of Judah.”|Keeps fear as Jeroboam’s forecast, not the narrator’s certainty.
12:28|After taking counsel, the king made two gold calves. He told the people, “You have gone up to Jerusalem long enough. Here are your gods, Israel, who brought you up from Egypt.”|Retains the plural gods and exodus claim with ambiguity noted.
12:29|He placed one in Bethel and the other in Dan.|Keeps the two locations unexpanded.
12:30|This became a sin. The people went as far as Dan to appear before one of them.|Retains the difficult singular one and distant journey.
12:31|He built shrines at the high places and appointed priests from among the people who were not Levites.|Avoids imposing low social rank on from-among language.
12:32|Jeroboam established a festival on the fifteenth day of the eighth month, like the festival in Judah, and went up to the altar. This is what he did at Bethel, sacrificing to the calves he had made. At Bethel he installed the priests of the high places he had made.|Retains repeated made and Bethel alongside the festival date.
12:33|He went up to the altar he had made at Bethel on the fifteenth day of the eighth month—a month he had devised in his own heart. He established a festival for the Israelites and went up to the altar to burn offerings.|Follows read his heart and preserves deliberate repetition of date and ascent.
13:1|A man of God came from Judah to Bethel at the LORD’s word, just as Jeroboam stood at the altar to burn offerings.|Keeps the arrival’s authority and royal action.
13:2|At the LORD’s word he cried out against the altar: “Altar, altar! This is what the LORD says: A son named Josiah will be born to David’s house. On you he will sacrifice the high-place priests who burn offerings on you, and human bones will be burned on you.”|Retains doubled address, named prediction and violence against priests.
13:3|That day he gave a sign: “This is the sign the LORD has declared: the altar will split apart, and the ashes on it will spill out.”|Keeps sign and its two visible effects.
13:4|When the king heard the man of God cry out against the altar at Bethel, Jeroboam stretched out his hand from the altar and said, “Seize him!” But the hand he stretched toward him withered, and he could not draw it back.|Preserves repeated hand and immediate incapacity.
13:5|The altar split apart and its ashes spilled out, just as the man of God had announced in the sign at the LORD’s word.|Keeps the full correspondence with the sign.
13:6|The king said to the man of God, “Please seek the favor of the LORD your God. Pray for me so my hand may be restored.” The man of God sought the LORD’s favor, and the king’s hand was restored, as it had been before.|Retains your God and repeated appeal/restoration.
13:7|The king said, “Come home with me and refresh yourself. I will give you a gift.”|Keeps hospitality and offered reward distinct.
13:8|The man of God answered, “Even if you gave me half your house, I would not go with you. I will not eat bread or drink water in this place.|Retains house and emphatic refusal.
13:9|For this was commanded me by the LORD’s word: ‘Do not eat bread or drink water, and do not return by the road you came.’”|Preserves all three prohibitions.
13:10|So he went by another road and did not return by the road he had taken to Bethel.|Keeps obedience as a concrete route change.
13:11|An old prophet lived in Bethel. One of his sons came and told him all the man of God had done there that day. His sons also reported what the man had said to the king.|Preserves singular son followed by plural sons.
13:12|Their father asked, “Which road did he take?” His sons had seen the road taken by the man of God who came from Judah.|Keeps prior observation as the basis of pursuit.
13:13|He told his sons, “Saddle the donkey for me.” They saddled it, and he mounted.|Retains order and response.
13:14|He followed the man of God and found him sitting under a terebinth. “Are you the man of God who came from Judah?” he asked. “I am,” the man replied.|Keeps tree type and identification dialogue.
13:15|The old prophet said, “Come home with me and eat bread.”|Names the speaker to distinguish the two prophets.
13:16|He answered, “I cannot turn back and go with you. I will not eat bread or drink water with you in this place.|Retains repeated refusal and location restriction.
13:17|For I was told by the LORD’s word, ‘Do not eat bread or drink water there, and do not go back by the road you came.’”|Keeps the repeated commission intact.
13:18|The old prophet said, “I too am a prophet, like you. An angel told me by the LORD’s word, ‘Bring him back to your house so he may eat bread and drink water.’” But he was lying to him.|Clearly separates the false divine claim from the narrator’s verdict.
13:19|So the man went back with him and ate bread and drank water in his house.|Keeps both forbidden actions explicit.
13:20|As they sat at the table, the LORD’s word came to the prophet who had brought him back.|Preserves genuine revelation to the earlier liar.
13:21|He cried out to the man of God from Judah, “This is what the LORD says: You defied the LORD’s command and did not keep what the LORD your God commanded you.|Retains the accusation without excusing or explaining it.
13:22|You turned back and ate bread and drank water where he told you not to. Therefore your body will not enter your ancestors’ tomb.”|Keeps burial judgment and its stated cause.
13:23|After the man had eaten and drunk, the old prophet saddled the donkey for the prophet he had brought back.|Clarifies agents in the difficult saddle sentence.
13:24|As he went on his way, a lion met him on the road and killed him. His body lay thrown on the road, with the donkey standing beside it and the lion standing beside the body.|Preserves death and the two stationary animals.
13:25|People passing by saw the body on the road and the lion standing beside it. They went and reported it in the town where the old prophet lived.|Keeps witnesses and report location.
13:26|When the prophet who had brought him back heard this, he said, “It is the man of God who defied the LORD’s command. The LORD gave him to the lion, which mauled and killed him, just as the LORD told him.”|Keeps the interpretation attributed to the old prophet.
13:27|He told his sons, “Saddle the donkey for me.” They did so.|Retains the repeated saddle instruction.
13:28|He went and found the body lying on the road, with the donkey and lion standing beside it. The lion had neither eaten the body nor mauled the donkey.|Preserves the two exceptional absences of animal behavior.
13:29|The prophet lifted the man of God’s body onto the donkey and brought it back to his own town to mourn and bury him.|Clarifies the returning prophet and burial purpose.
13:30|He laid the body in his own tomb, and they mourned him: “Alas, my brother!”|Keeps shared tomb and kinship lament.
13:31|After burying him, he told his sons, “When I die, bury me in the tomb where the man of God lies. Lay my bones beside his bones.|Retains repeated bones and burial request.
13:32|For the word he cried out by the LORD’s command against the altar at Bethel and all the high-place shrines in Samaria’s towns will certainly come true.”|Preserves Samaria in this speech without chronological harmonization.
13:33|Even after this, Jeroboam did not turn from his evil way. Again he appointed priests for the high places from among the people. Whoever wished, he ordained as a high-place priest.|Keeps repeated appointment and open eligibility.
13:34|This became the sin of Jeroboam’s house that led to its being wiped out and destroyed from the face of the earth.|Preserves the paired destruction terms and house judgment.
14:1|At that time Jeroboam’s son Abijah became ill.|Keeps illness and family identity.
14:2|Jeroboam told his wife, “Please get up and disguise yourself so no one recognizes you as Jeroboam’s wife. Go to Shiloh. The prophet Ahijah is there—the one who said I would be king over this people.|Preserves the unnamed wife’s commission and prior prophecy.
14:3|Take ten loaves, some cakes, and a jar of honey, and go to him. He will tell you what will happen to the boy.”|Keeps all gifts and the question’s future orientation.
14:4|Jeroboam’s wife did so. She went to Shiloh and entered Ahijah’s house. Ahijah could no longer see; his eyes had grown fixed with age.|Retains disability without turning it into spiritual symbolism.
14:5|The LORD had told Ahijah, “Jeroboam’s wife is coming to ask you about her son, who is ill. Tell her such and such.” When she arrived, she was disguised.|Keeps advance revelation distinct from disguise.
14:6|When Ahijah heard her footsteps at the doorway, he said, “Come in, Jeroboam’s wife. Why are you pretending to be someone else? I have been sent to you with a harsh message.|Preserves hearing and recognition rather than inventing sight.
14:7|Go, tell Jeroboam, ‘This is what the LORD, Israel’s God, says: I raised you from among the people and made you leader over my people Israel.|Keeps divine elevation as the accusation’s premise.
14:8|I tore the kingdom from David’s house and gave it to you. But you have not been like my servant David, who kept my commands and followed me with all his heart, doing only what was right in my eyes.|Preserves the quoted David evaluation without importing qualifications.
14:9|You have done more evil than all who came before you. You went and made other gods and cast images for yourself, provoking me to anger. You cast me behind your back.|Keeps the bodily rejection image and comparison.
14:10|So I am bringing disaster on Jeroboam’s house. I will cut off every one of Jeroboam’s males who urinates against a wall, confined or free in Israel. I will sweep away Jeroboam’s house as one sweeps away dung, until nothing remains.|Retains the coarse male idiom and dung image; paired status terms noted.
14:11|Dogs will eat anyone of Jeroboam’s house who dies in the city, and the birds of the sky will eat anyone who dies in the open country. The LORD has spoken.’|Preserves both denied-burial scenarios.
14:12|“Now get up and go home. When your feet enter the city, the child will die.|Keeps the precise predicted arrival point.
14:13|All Israel will mourn him and bury him. He alone of Jeroboam’s house will enter a tomb, because in him alone something good toward the LORD, Israel’s God, was found in Jeroboam’s house.|Retains the paradoxical good-child death and burial exception.
14:14|The LORD will raise up for himself a king over Israel who will cut off Jeroboam’s house—this very day! And what more? Even now!|Keeps the broken urgency of the difficult closing phrase.
14:15|The LORD will strike Israel, shaking it like a reed in water. He will uproot Israel from this good land he gave their ancestors and scatter them beyond the River, because they made their Asherah poles, provoking the LORD to anger.|Preserves reed, uprooting, exile and named cult objects.
14:16|He will give Israel up because of Jeroboam’s sins, which he committed and led Israel to commit.”|Keeps personal and induced sin together.
14:17|Jeroboam’s wife got up and went to Tirzah. As she crossed the threshold of the house, the boy died.|Preserves threshold here rather than changing it to the predicted city entry.
14:18|They buried him, and all Israel mourned him, just as the LORD had said through his servant Ahijah the prophet.|Retains burial, mourning and fulfillment.
14:19|The rest of Jeroboam’s history—how he waged war and how he ruled—is written in the Book of the Annals of Israel’s Kings.|Keeps the external annal reference distinct from biblical Chronicles.
14:20|Jeroboam ruled for twenty-two years. He lay down with his ancestors, and his son Nadab became king in his place.|Preserves duration and succession.
14:21|Rehoboam son of Solomon ruled in Judah. He was forty-one when he became king and ruled seventeen years in Jerusalem, the city the LORD chose from all Israel’s tribes to place his name there. His mother was Naamah the Ammonite.|Keeps age, reign, chosen city and maternal ethnicity.
14:22|Judah did evil in the LORD’s eyes. Their sins provoked his jealousy more than anything their ancestors had done.|Retains Judah as subject and jealousy language.
14:23|They too built high places, sacred pillars, and Asherah poles on every high hill and under every flourishing tree.|Keeps all three cult features and the repeated every.
14:24|There were also male shrine attendants in the land. The people practiced all the detestable things of the nations the LORD had driven out before the Israelites.|Uses restrained cult-role wording without assuming a disputed sexual function.
14:25|In King Rehoboam’s fifth year, Shishak king of Egypt attacked Jerusalem.|Follows the read name and preserves the regnal date.
14:26|He took the treasures of the LORD’s house and the king’s house. He took everything, including all the gold shields Solomon had made.|Keeps the repeated taking and loss of Solomon’s gold.
14:27|King Rehoboam made bronze shields to replace them and entrusted them to the commanders of the runners who guarded the entrance to the king’s house.|Preserves the material downgrade and guard function.
14:28|Whenever the king entered the LORD’s house, the runners carried the shields, then returned them to the guardroom.|Keeps the recurring ceremonial movement.
14:29|The rest of Rehoboam’s history and all he did—are they not written in the Book of the Annals of Judah’s Kings?|Retains the source-citation question.
14:30|There was war between Rehoboam and Jeroboam throughout their days.|Keeps the ongoing conflict claim beside the earlier aborted campaign.
14:31|Rehoboam lay down with his ancestors and was buried with them in the City of David. His mother was Naamah the Ammonite. His son Abijam became king in his place.|Preserves repeated maternal identification and pinned Abijam name.
15:1|In the eighteenth year of King Jeroboam son of Nebat, Abijam became king over Judah.|Preserves accession synchronism and name.
15:2|He ruled three years in Jerusalem. His mother was Maacah daughter of Abishalom.|Keeps reign and the pinned maternal lineage.
15:3|He followed all the sins his father had committed before him. His heart was not wholly with the LORD his God, as his ancestor David’s heart had been.|Uses ancestor for broader father while retaining the heart comparison.
15:4|Yet for David’s sake the LORD his God gave him a lamp in Jerusalem, raising up his son after him and preserving Jerusalem.|Retains lamp and explains its succession context through the source’s clauses.
15:5|For David had done what was right in the LORD’s eyes and had not turned from anything he commanded him all his life—except in the matter of Uriah the Hittite.|Keeps the explicit Uriah exception.
15:6|There was war between Rehoboam and Jeroboam throughout his lifetime.|Preserves Rehoboam and the unresolved singular pronoun.
15:7|The rest of Abijam’s history and all he did—are they not written in the Book of the Annals of Judah’s Kings? There was war between Abijam and Jeroboam.|Keeps Abijam distinct from the preceding Rehoboam notice.
15:8|Abijam lay down with his ancestors, and they buried him in the City of David. His son Asa became king in his place.|Retains death, burial and succession sequence.
15:9|In the twentieth year of Jeroboam king of Israel, Asa became king of Judah.|Preserves the regnal synchronism.
15:10|He ruled forty-one years in Jerusalem. His mother was Maacah daughter of Abishalom.|Retains mother from the pin and notes the broader family relation.
15:11|Asa did what was right in the LORD’s eyes, as his ancestor David had.|Keeps the favorable evaluation’s benchmark.
15:12|He removed the male shrine attendants from the land and removed all the idols his ancestors had made.|Uses the same restrained cult-role wording as 14:24.
15:13|He even removed his mother Maacah from her position as queen mother because she had made a monstrous image for Asherah. Asa cut down her image and burned it in the Kidron Valley.|Preserves her office, image’s evaluative term and destruction.
15:14|The high places were not removed. Yet Asa’s heart was wholly with the LORD all his days.|Keeps the qualification beside the wholehearted evaluation.
15:15|He brought into the LORD’s house the things his father had dedicated and his own dedicated gifts: silver, gold, and utensils.|Preserves the two sets of dedicated objects.
15:16|There was war between Asa and Baasha king of Israel throughout their days.|Keeps the repeated conflict formula.
15:17|Baasha king of Israel attacked Judah and fortified Ramah to prevent anyone from going out or coming in to Asa king of Judah.|Makes the blockade’s purpose explicit.
15:18|Asa took all the silver and gold left in the treasuries of the LORD’s house and the king’s house and entrusted it to his servants. He sent them to Ben-hadad son of Tabrimmon son of Hezion, king of Aram, who lived in Damascus, with this message:|Preserves both treasuries and the full Aramean genealogy.
15:19|“There is a covenant between me and you, as there was between my father and yours. I am sending you a gift of silver and gold. Break your covenant with Baasha king of Israel so he will withdraw from me.”|Keeps the request to break one covenant for another.
15:20|Ben-hadad listened to King Asa and sent his army commanders against Israel’s towns. He struck Ijon, Dan, Abel-beth-maacah, and all Chinneroth, together with all the land of Naphtali.|Retains all targeted places and regional scope.
15:21|When Baasha heard, he stopped fortifying Ramah and stayed in Tirzah.|Keeps withdrawal’s result without adding battle details.
15:22|King Asa summoned all Judah, with no one exempt. They carried away the stones and timber Baasha had used at Ramah. With them Asa fortified Geba of Benjamin and Mizpah.|Preserves compulsory mobilization and reused materials.
15:23|The rest of Asa’s history, all his mighty deeds, all he did, and the towns he built—are they not written in the Book of the Annals of Judah’s Kings? In his old age, however, he developed a disease in his feet.|Keeps the illness without importing Chronicles’ medical judgment.
15:24|Asa lay down with his ancestors and was buried with them in the city of his ancestor David. His son Jehoshaphat became king in his place.|Retains burial and transition.
15:25|Nadab son of Jeroboam became king over Israel in the second year of Asa king of Judah. He ruled Israel for two years.|Keeps both synchronism and duration.
15:26|He did evil in the LORD’s eyes, following his father’s way and the sin by which his father had led Israel into sin.|Preserves inherited and induced wrongdoing.
15:27|Baasha son of Ahijah, from Issachar’s house, conspired against him. Baasha struck him down at Gibbethon, which belonged to the Philistines, while Nadab and all Israel were besieging it.|Keeps tribal origin and the siege setting.
15:28|Baasha killed him in the third year of Asa king of Judah and became king in his place.|Preserves murder and accession date.
15:29|As soon as he became king, he struck down Jeroboam’s whole house. He left Jeroboam no one breathing, destroying them all, just as the LORD had said through his servant Ahijah of Shiloh.|Keeps total household destruction explicit.
15:30|This happened because of Jeroboam’s sins, which he committed and led Israel to commit, provoking the LORD, Israel’s God, to anger.|Retains the narrator’s causal explanation.
15:31|The rest of Nadab’s history and all he did—are they not written in the Book of the Annals of Israel’s Kings?|Preserves the formula rather than omitting repetition.
15:32|There was war between Asa and Baasha king of Israel throughout their days.|Retains the exact repeated war notice.
15:33|In the third year of Asa king of Judah, Baasha son of Ahijah became king over all Israel at Tirzah. He ruled twenty-four years.|Preserves capital, accession and duration.
15:34|He did evil in the LORD’s eyes, following Jeroboam’s way and the sin by which Jeroboam had led Israel into sin.|Keeps the new dynasty’s continuation of the same sin.
16:1|The word of the LORD came to Jehu son of Hanani against Baasha:|Identifies this Jehu through his father and prophetic role.
16:2|“I raised you from the dust and made you leader over my people Israel. But you followed Jeroboam’s way and led my people Israel into sin, provoking me to anger with their sins.|Preserves dust-to-leadership contrast.
16:3|Now I will sweep away Baasha and his house. I will make your house like the house of Jeroboam son of Nebat.|Keeps the shift from third-person Baasha to direct your.
16:4|Dogs will eat anyone of Baasha’s house who dies in the city, and the birds of the sky will eat anyone who dies in the open country.”|Preserves the repeated city/country judgment.
16:5|The rest of Baasha’s history, what he did, and his mighty deeds—are they not written in the Book of the Annals of Israel’s Kings?|Keeps all annal categories.
16:6|Baasha lay down with his ancestors and was buried in Tirzah. His son Elah became king in his place.|Preserves burial and succession.
16:7|The LORD’s word also came through the prophet Jehu son of Hanani against Baasha and his house, because of all the evil he did in the LORD’s eyes, provoking him with the work of his hands and becoming like Jeroboam’s house—and because he struck that house down.|Keeps the tension between fulfilling judgment and being judged for the slaughter.
16:8|In the twenty-sixth year of Asa king of Judah, Elah son of Baasha became king over Israel at Tirzah. He ruled two years.|Retains accession, capital and duration.
16:9|His servant Zimri, commander of half his chariots, conspired against him. Elah was in Tirzah, drinking himself drunk in the house of Arza, who managed the palace there.|Clarifies Elah as the drinker and Arza’s office.
16:10|Zimri entered, struck him down, and killed him in the twenty-seventh year of Asa king of Judah. He became king in Elah’s place.|Keeps execution and regnal timing explicit.
16:11|As soon as he became king and sat on the throne, he struck down Baasha’s whole house. He left him no male who urinates against a wall, no relative, and no friend.|Retains the coarse idiom and wider circle of victims.
16:12|Zimri destroyed Baasha’s whole house, just as the LORD had spoken against Baasha through Jehu the prophet,|Preserves the fulfillment formula.
16:13|because of all the sins of Baasha and his son Elah, which they committed and led Israel to commit, provoking the LORD, Israel’s God, with their worthless idols.|Keeps both generations and worthlessness language.
16:14|The rest of Elah’s history and all he did—are they not written in the Book of the Annals of Israel’s Kings?|Retains the annal refrain.
16:15|In the twenty-seventh year of Asa king of Judah, Zimri ruled seven days in Tirzah. The troops were encamped against Gibbethon, which belonged to the Philistines.|Keeps the exceptionally brief reign and army location.
16:16|The troops in camp heard, “Zimri has conspired and killed the king.” That very day, in the camp, all Israel made Omri, the army commander, king over Israel.|Preserves the reported coup and immediate rival accession.
16:17|Omri and all Israel with him left Gibbethon and besieged Tirzah.|Keeps the army’s shift of target.
16:18|When Zimri saw that the city had been captured, he went into the citadel of the king’s house and set the palace on fire over himself. He died|Preserves self-initiated fatal fire without added motive.
16:19|because of the sins he had committed, doing evil in the LORD’s eyes, following Jeroboam’s way and the sin by which he led Israel into sin.|Keeps the narrator’s causal evaluation across the verse boundary.
16:20|The rest of Zimri’s history and the conspiracy he carried out—are they not written in the Book of the Annals of Israel’s Kings?|Retains conspiracy as the named annal subject.
16:21|Then Israel’s people split in two. Half followed Tibni son of Ginath to make him king, and half followed Omri.|Keeps both factions and the claimant’s patronymic.
16:22|Omri’s followers prevailed over the followers of Tibni son of Ginath. Tibni died, and Omri became king.|Does not invent the cause of Tibni’s death.
16:23|In the thirty-first year of Asa king of Judah, Omri became king over Israel. He ruled twelve years, six of them in Tirzah.|Preserves the second accession date and both durations.
16:24|He bought the hill of Samaria from Shemer for two talents of silver and built on it. He named the city he built Samaria after Shemer, the hill’s owner.|Keeps price and name explanation.
16:25|Omri did evil in the LORD’s eyes, more evil than all who came before him.|Retains the escalating evaluation.
16:26|He followed Jeroboam son of Nebat in all his ways and in the sin by which he led Israel into sin, provoking the LORD, Israel’s God, with their worthless idols.|Follows singular read sin and keeps induced wrongdoing.
16:27|The rest of Omri’s history, what he did, and the mighty deeds he accomplished—are they not written in the Book of the Annals of Israel’s Kings?|Preserves the annal categories.
16:28|Omri lay down with his ancestors and was buried in Samaria. His son Ahab became king in his place.|Keeps the new burial capital and succession.
16:29|Ahab son of Omri became king over Israel in the thirty-eighth year of Asa king of Judah. Ahab son of Omri ruled Israel from Samaria for twenty-two years.|Retains the repeated full name and chronological data.
16:30|Ahab son of Omri did more evil in the LORD’s eyes than all who came before him.|Preserves the further escalation.
16:31|As though following the sins of Jeroboam son of Nebat were a small thing, he married Jezebel daughter of Ethbaal king of the Sidonians. He went and served Baal and bowed down to him.|Keeps Ahab’s actions and the named marriage alliance.
16:32|He set up an altar for Baal in the house of Baal he built in Samaria.|Retains altar, temple and capital.
16:33|Ahab also made an Asherah pole. He did more to provoke the LORD, Israel’s God, than all the kings of Israel before him.|Keeps cult object and superlative judgment.
16:34|In his days Hiel of Bethel rebuilt Jericho. He laid its foundations at the cost of Abiram his firstborn and set up its gates at the cost of Segub his youngest, just as the LORD had spoken through Joshua son of Nun.|Preserves the sons’ loss without asserting an unmentioned sacrificial mechanism.
17:1|Elijah the Tishbite, one of the inhabitants of Gilead, said to Ahab, “As the LORD, Israel’s God, lives, whom I serve, there will be neither dew nor rain these years except at my word.”|Keeps the pinned inhabitant description and dew/rain oath.
17:2|The word of the LORD came to him:|Retains the new divine instruction.
17:3|“Leave here, turn east, and hide by the Wadi Cherith, east of the Jordan.|Preserves direction and hiding place.
17:4|You will drink from the wadi. I have commanded the ravens to feed you there.”|Keeps ravens rather than reinterpreting them as people.
17:5|He went and did as the LORD said, settling by the Wadi Cherith east of the Jordan.|Retains obedient action and repeated location.
17:6|The ravens brought him bread and meat in the morning and bread and meat in the evening. He drank from the wadi.|Preserves both repeated meals and water source.
17:7|After a time the wadi dried up, because no rain had fallen in the land.|Keeps the prophet affected by the drought.
17:8|Then the word of the LORD came to him:|Retains the repeated word formula.
17:9|“Get up and go to Zarephath, which belongs to Sidon, and stay there. I have commanded a widow there to feed you.”|Preserves foreign territory and widow’s role.
17:10|He went to Zarephath. At the town’s entrance a widow was gathering sticks. He called to her, “Please bring me a little water in a vessel so I can drink.”|Keeps the encounter and modest first request.
17:11|As she went to get it, he called after her, “Please bring me a piece of bread too.”|Preserves the additional demand while she is already moving.
17:12|She said, “As the LORD your God lives, I have no baked bread—only a handful of flour in a jar and a little oil in a jug. I am gathering a couple of sticks to go and prepare it for myself and my son. We will eat it, and then we will die.”|Keeps her oath, scarcity and stark expectation of death.
17:13|Elijah told her, “Do not be afraid. Go and do as you said. But first make me a small cake from it and bring it out to me. Afterward make something for yourself and your son.|Retains the unsettling first claim on scarce food.
17:14|For this is what the LORD, Israel’s God, says: ‘The jar of flour will not run out, and the jug of oil will not fail, until the day the LORD sends rain on the ground.’”|Keeps the two provisions and bounded duration.
17:15|She went and did as Elijah said. She, he, and her household ate for many days.|Follows the read she/he order and includes household.
17:16|The jar of flour did not run out, and the jug of oil did not fail, just as the LORD had said through Elijah.|Preserves the promise’s repeated wording.
17:17|After this, the son of the woman who owned the house became ill. His illness grew so severe that no breath remained in him.|Retains the woman’s household role and the absence of breath.
17:18|She said to Elijah, “What have you to do with me, man of God? Have you come to bring my guilt to mind and kill my son?”|Keeps accusation as the grieving woman’s question.
17:19|“Give me your son,” he said. He took him from her arms, carried him to the upper room where he was staying, and laid him on his bed.|Preserves the physical movement and upper-room setting.
17:20|He cried to the LORD, “LORD my God, have you brought disaster even on this widow with whom I am staying, by killing her son?”|Does not soften Elijah’s accusation toward God.
17:21|He stretched himself over the child three times and cried to the LORD, “LORD my God, please let this child’s life return into him.”|Retains bodily action, count and returning life without a doctrinal gloss.
17:22|The LORD heard Elijah’s voice. The child’s life returned into him, and he lived.|Keeps hearing and restored life in sequence.
17:23|Elijah took the child down from the upper room into the house and gave him to his mother. “Look,” he said, “your son is alive.”|Preserves return to the mother and direct announcement.
17:24|The woman said to Elijah, “Now I know that you are a man of God and that the LORD’s word in your mouth is true.”|Keeps recognition and word-in-mouth imagery.
18:1|After a long time, in the third year, the word of the LORD came to Elijah: “Go, show yourself to Ahab. I will send rain on the ground.”|Preserves third year without importing another duration.
18:2|Elijah went to show himself to Ahab. The famine in Samaria was severe.|Keeps response and famine setting.
18:3|Ahab summoned Obadiah, who managed the palace. Obadiah deeply feared the LORD.|Retains royal service alongside devotion to the LORD.
18:4|When Jezebel was cutting down the LORD’s prophets, Obadiah had hidden a hundred of them in caves, fifty to a cave, and supplied them with bread and water.|Keeps killing, protection, counts and provisions.
18:5|Ahab told Obadiah, “Go through the land to every spring and every wadi. Perhaps we can find grass and keep the horses and mules alive, so we will not have to destroy any of the animals.”|Retains the animal-preservation concern and uncertain loss/destruction sense.
18:6|They divided the land between them to search it. Ahab went one way by himself, and Obadiah another.|Keeps separate routes and repeated solitude.
18:7|As Obadiah went along, Elijah met him. He recognized him, fell facedown, and said, “Is it really you, my lord Elijah?”|Retains recognition and bodily deference.
18:8|“It is,” he replied. “Go, tell your lord, ‘Elijah is here.’”|Keeps the contrasting my/your lord dialogue.
18:9|Obadiah said, “What sin have I committed that you would hand your servant over to Ahab to kill me?|Preserves the fearful accusation as a question.
18:10|As the LORD your God lives, there is no nation or kingdom where my lord has not sent to look for you. Whenever they said, ‘He is not here,’ he made that kingdom or nation swear they could not find you.|Retains the oath and universal search claim.
18:11|And now you say, ‘Go, tell your lord, “Elijah is here.”’|Keeps the first repeated protest.
18:12|As soon as I leave you, the LORD’s Spirit may carry you somewhere I do not know. If I tell Ahab and he cannot find you, he will kill me. Yet your servant has feared the LORD since my youth.|Keeps the feared Spirit action hypothetical.
18:13|Has my lord not been told what I did when Jezebel killed the LORD’s prophets? I hid a hundred of the LORD’s prophets in caves, fifty to a cave, and supplied them with bread and water.|Retains the full retelling of protective action.
18:14|And now you say, ‘Go, tell your lord, “Elijah is here.”’ He will kill me!”|Keeps the repeated protest and lethal fear.
18:15|Elijah said, “As the LORD of Armies lives, whom I serve, I will show myself to Ahab today.”|Retains the oath’s title and today assurance.
18:16|Obadiah went to meet Ahab and told him, and Ahab went to meet Elijah.|Preserves the two meetings in sequence.
18:17|When Ahab saw Elijah, he said, “Is that you, the one bringing trouble on Israel?”|Makes the accusation natural while preserving trouble language.
18:18|Elijah answered, “I have not brought trouble on Israel. You and your father’s house have, by abandoning the LORD’s commands and following the Baals.|Retains reversal of blame and plural Baals.
18:19|Now summon all Israel to meet me on Mount Carmel, along with Baal’s four hundred fifty prophets and Asherah’s four hundred prophets, who eat at Jezebel’s table.”|Keeps both prophetic groups and patronage.
18:20|Ahab sent throughout Israel and assembled the prophets on Mount Carmel.|Retains the response without adding attendance details for each group.
18:21|Elijah approached all the people and said, “How long will you limp between two sides? If the LORD is God, follow him. If Baal is, follow him.” The people answered him not a word.|Keeps the limping image and collective silence.
18:22|Then Elijah said, “I alone remain as a prophet of the LORD, but Baal has four hundred fifty prophets.|Leaves alone as Elijah’s claim beside Obadiah’s preserved prophets.
18:23|Let two bulls be brought to us. Let them choose one, cut it up, and place it on the wood, but light no fire. I will prepare the other bull and place it on the wood, and I will light no fire.|Preserves both preparations and repeated prohibition.
18:24|You call on your god’s name, and I will call on the LORD’s name. The God who answers with fire is God.” All the people answered, “That is good.”|Keeps the agreed criterion and Name contrast.
18:25|Elijah told Baal’s prophets, “Choose one bull and prepare it first, since there are so many of you. Call on your god’s name, but light no fire.”|Retains their priority and repeated instruction.
18:26|They took the bull given to them and prepared it. From morning until noon they called on Baal’s name: “Baal, answer us!” But there was no voice, no answer. They limped around the altar that had been made.|Preserves limping’s echo and the first no-answer refrain.
18:27|At noon Elijah mocked them: “Call louder! He is a god, after all. Perhaps he is thinking, or relieving himself, or away on a journey. Perhaps he is asleep and must wake up.”|Keeps mockery and the possible bodily euphemism with uncertainty noted.
18:28|They shouted louder and cut themselves with swords and spears, as was their custom, until blood poured over them.|Retains real bodily harm without expanding it.
18:29|After noon they continued prophesying until the time of the offering. But there was no voice, no answer, no one paying attention.|Keeps prophetic terminology and the threefold failed response.
18:30|Elijah told all the people, “Come closer to me.” They came, and he repaired the LORD’s altar, which had been torn down.|Keeps gathering and restoration of the altar.
18:31|Elijah took twelve stones, one for each tribe of Jacob’s sons—Jacob, to whom the LORD had said, “Your name will be Israel.”|Preserves twelve tribes and the renaming link.
18:32|With the stones he built an altar in the LORD’s name. Around it he made a trench large enough to hold two seahs of seed.|Keeps the seed measure without assuming a geometric conversion.
18:33|He arranged the wood, cut up the bull, and laid it on the wood.|Follows this original Hebrew record’s contents; water command remains in the next record.
18:34|He said, “Fill four jars with water and pour it over the burnt offering and the wood.” Then he said, “Do it again.” They did it again. “A third time,” he said, and they did it a third time.|Keeps the complete water command with its original Hebrew verse binding.
18:35|The water ran around the altar, and he filled the trench with water too.|Retains both overflow and filled trench.
18:36|At the time of the offering, Elijah the prophet approached and said, “LORD, God of Abraham, Isaac, and Israel, let it be known today that you are God in Israel, that I am your servant, and that I have done all this at your word.|Retains Israel rather than substituting Jacob and follows singular read word.
18:37|Answer me, LORD, answer me, so these people may know that you, LORD, are God, and that you have turned their hearts back.”|Keeps doubled petition and consequential heart-turning ambiguity in a note.
18:38|Then the LORD’s fire fell. It consumed the burnt offering, the wood, the stones, and the dust, and licked up the water in the trench.|Preserves every consumed element and licking image.
18:39|When all the people saw it, they fell facedown and said, “The LORD is God! The LORD is God!”|Retains the doubled confession.
18:40|Elijah told them, “Seize Baal’s prophets! Do not let one escape.” They seized them, and Elijah brought them down to the Wadi Kishon and slaughtered them there.|Keeps Elijah’s agency and slaughter explicit.
18:41|Then Elijah told Ahab, “Go up, eat and drink. There is the sound of heavy rain.”|Retains the announcement before the visible cloud.
18:42|Ahab went up to eat and drink. Elijah climbed to Carmel’s summit, bent down to the ground, and put his face between his knees.|Keeps the contrasting actions and unusual bodily posture.
18:43|He told his servant, “Go up and look toward the sea.” The servant looked and said, “There is nothing.” Seven times Elijah told him, “Go back.”|Preserves repetition and lack of sight.
18:44|On the seventh time the servant said, “A cloud as small as a man’s hand is rising from the sea.” Elijah said, “Go, tell Ahab, ‘Harness your chariot and go down before the rain stops you.’”|Keeps seventh observation and hand-sized cloud.
18:45|In a little while the sky grew dark with clouds and wind, and heavy rain fell. Ahab rode away to Jezreel.|Retains the changing weather and destination.
18:46|The LORD’s hand came upon Elijah. He tucked his clothing into his belt and ran ahead of Ahab all the way to the entrance of Jezreel.|Makes girding practical while retaining divine hand imagery.
19:1|Ahab told Jezebel everything Elijah had done and how he had killed all the prophets with the sword.|Keeps the report’s violence and scope.
19:2|Jezebel sent a messenger to Elijah: “May the gods do this to me, and more besides, if by this time tomorrow I have not made your life like the life of one of them.”|Preserves self-curse, deadline and threatened death.
19:3|When he saw this, he got up and went for his life. He reached Beer-sheba in Judah and left his servant there.|Follows pinned saw rather than feared, retaining flight for life.
19:4|He himself went a day’s journey into the wilderness and sat under a broom bush. He asked to die: “Enough now, LORD. Take my life. I am no better than my ancestors.”|Keeps the death wish and comparison without psychologizing.
19:5|He lay down and slept under the broom bush. Suddenly an angel touched him and said, “Get up and eat.”|Retains sleep, touch and practical instruction.
19:6|He looked, and there beside his head were a cake baked on hot stones and a jug of water. He ate and drank, then lay down again.|Preserves food, water and renewed rest.
19:7|The LORD’s angel came back a second time, touched him, and said, “Get up and eat. The journey is too much for you.”|Keeps the second touch and acknowledged limitation.
19:8|He got up, ate, and drank. Strengthened by that food, he traveled forty days and forty nights to Horeb, the mountain of God.|Retains both forty counts and destination’s sacred name.
19:9|There he entered the cave and spent the night. The LORD’s word came to him: “What are you doing here, Elijah?”|Preserves the definite cave without inventing its identity.
19:10|He answered, “I have been intensely zealous for the LORD, the God of Armies. The Israelites have abandoned your covenant, torn down your altars, and killed your prophets with the sword. I alone remain, and they are seeking my life to take it.”|Keeps the three accusations and subjective alone claim.
19:11|He said, “Go out and stand on the mountain before the LORD.” The LORD was passing by. A great, powerful wind tore mountains apart and shattered rocks before the LORD, but the LORD was not in the wind. After the wind came an earthquake, but the LORD was not in the earthquake.|Retains command, destructive forces and repeated divine absence.
19:12|After the earthquake came fire, but the LORD was not in the fire. After the fire came a sound of fine stillness.|Preserves the paradoxical sound/stillness expression with alternatives in a note.
19:13|When Elijah heard it, he wrapped his face in his cloak and went out to stand at the cave’s entrance. A voice came to him: “What are you doing here, Elijah?”|Keeps the delayed exit and repeated question.
19:14|He answered, “I have been intensely zealous for the LORD, the God of Armies. The Israelites have abandoned your covenant, torn down your altars, and killed your prophets with the sword. I alone remain, and they are seeking my life to take it.”|Retains the full repeated answer without smoothing it away.
19:15|The LORD told him, “Go back on your way to the wilderness of Damascus. When you arrive, anoint Hazael king over Aram.|Keeps destination and first commission.
19:16|Anoint Jehu son of Nimshi king over Israel, and anoint Elisha son of Shaphat from Abel-meholah as prophet in your place.|Preserves both remaining appointments and full identifiers.
19:17|Whoever escapes Hazael’s sword, Jehu will kill; whoever escapes Jehu’s sword, Elisha will kill.|Does not soften the lethal commission or explain its later realization.
19:18|Yet I will leave seven thousand in Israel: every knee that has not bowed to Baal and every mouth that has not kissed him.”|Keeps remnant number and bodily acts of allegiance.
19:19|Elijah left and found Elisha son of Shaphat plowing. Twelve pairs of cattle were ahead of him, and he was with the twelfth. Elijah passed him and threw his cloak over him.|Preserves the twelve teams and cloak action.
19:20|Elisha left the cattle and ran after Elijah. “Please let me kiss my father and mother,” he said, “and then I will follow you.” Elijah answered, “Go back. What have I done to you?”|Retains the parents and Elijah’s open-ended question.
19:21|Elisha turned back, took his pair of cattle, and slaughtered them. Using the cattle’s equipment as fuel, he boiled the meat and gave it to the people to eat. Then he got up, followed Elijah, and served him.|Keeps farewell meal and destroyed equipment without adding a sermon.
20:1|Ben-hadad king of Aram gathered his whole army, with thirty-two kings, horses, and chariots. He advanced on Samaria, besieged it, and attacked it.|Preserves coalition count and military sequence.
20:2|He sent messengers into the city to Ahab king of Israel.|Keeps this original source record’s messenger action.
20:3|His message was: “This is what Ben-hadad says: Your silver and gold are mine. Your wives and your finest sons are mine too.”|Places the whole demand in its Hebrew-bound verse and retains seizure of people.
20:4|The king of Israel answered, “As you say, my lord the king. I and all I have are yours.”|Keeps submission and its full scope.
20:5|The messengers returned and said, “This is what Ben-hadad says: I sent word that you must give me your silver, gold, wives, and sons.|Retains the repeated initial demand.
20:6|But about this time tomorrow I will send my servants to you. They will search your house and your servants’ houses. Whatever is precious in your eyes, they will seize and carry away.”|Keeps the expanded search and your-eyes reading.
20:7|The king of Israel summoned all the land’s elders. “Please take note,” he said. “See how this man seeks our harm. He demanded my wives, sons, silver, and gold, and I did not refuse him.”|Retains Ahab’s report of compliance and escalated threat.
20:8|All the elders and all the people said, “Do not listen to him or agree.”|Keeps joint opposition and paired refusal.
20:9|He told Ben-hadad’s messengers, “Tell my lord the king: I will do everything you first asked of your servant, but I cannot do this.” The messengers left and took back his answer.|Preserves limited refusal rather than total repudiation.
20:10|Ben-hadad sent back this message: “May the gods do this to me, and more besides, if Samaria’s dust is enough to give a handful to each of the people following me!”|Keeps the boast’s dust image and self-curse.
20:11|The king of Israel answered, “Tell him: Someone putting on armor should not boast like someone taking it off.”|Makes the proverb’s implied equipment explicit.
20:12|Ben-hadad heard this while he and the kings were drinking in their shelters. He ordered his servants, “Take your positions!” They took their positions against the city.|Keeps drinking and the attack preparation.
20:13|A prophet approached Ahab king of Israel and said, “This is what the LORD says: Do you see this great army? I am giving it into your hand today, and you will know that I am the LORD.”|Retains victory’s stated revelatory purpose.
20:14|“Through whom?” Ahab asked. The prophet answered, “The LORD says: Through the young attendants of the district commanders.” “Who is to begin the battle?” Ahab asked. “You,” he replied.|Makes alternating speakers clear without changing the unusual force.
20:15|Ahab mustered the district commanders’ young attendants: two hundred thirty-two. After them he mustered all the troops, all the Israelites: seven thousand.|Preserves both force counts.
20:16|They went out at noon while Ben-hadad was drinking himself drunk in the shelters with the thirty-two kings who supported him.|Keeps time, intoxication and repeated coalition number.
20:17|The district commanders’ young attendants went out first. Ben-hadad sent scouts, who reported, “Men have come out of Samaria.”|Clarifies the implied scouting function.
20:18|He said, “If they have come for peace, take them alive. If they have come for war, take them alive.”|Retains the identical command for both possibilities.
20:19|The district commanders’ young attendants came out of the city, followed by the army.|Keeps order of the two forces.
20:20|Each struck down his opponent. Aram fled, and Israel pursued them. Ben-hadad king of Aram escaped on horseback with horsemen.|Preserves individual fighting and the king’s escape.
20:21|The king of Israel came out and struck the horses and chariots, inflicting a great defeat on Aram.|Keeps the king’s subsequent sortie and targets.
20:22|The prophet approached the king of Israel and said, “Go, strengthen yourself. Consider carefully what you must do, because at the turn of the year the king of Aram will attack you.”|Retains warning and seasonal timing without imposing a calendar date.
20:23|The king of Aram’s servants told him, “Their gods are gods of the hills. That is why they overpowered us. But if we fight them on the plain, we will surely overpower them.|Keeps the Arameans’ explanation attributed to them.
20:24|Do this: remove each king from his post and put governors in their places.|Preserves the proposed command reorganization.
20:25|Raise an army equal to the one you lost, horse for horse and chariot for chariot. We will fight them on the plain, and surely we will overpower them.” He listened and did so.|Retains equal replacement and repeated confidence.
20:26|At the turn of the year Ben-hadad mustered Aram and advanced to Aphek to fight Israel.|Keeps the warning’s realized timing.
20:27|The Israelites were mustered and supplied, and went out to meet them. Israel camped opposite them like two little flocks of goats, while Aram filled the land.|Preserves the striking unequal-armies simile.
20:28|The man of God approached the king of Israel and said, “This is what the LORD says: Because Aram has said, ‘The LORD is a god of the hills, not a god of the valleys,’ I will give this whole great army into your hand. Then you will know that I am the LORD.”|Keeps the challenge to geographic divine limitation and plural final knowledge.
20:29|They camped opposite one another for seven days. On the seventh day battle began, and the Israelites struck down a hundred thousand Aramean foot soldiers in one day.|Preserves all three time/count details.
20:30|The survivors fled into Aphek, where the wall fell on twenty-seven thousand of the remaining men. Ben-hadad fled into the city and hid in an inner room.|Keeps the wall disaster and royal hiding place.
20:31|His servants said, “We have heard that the kings of Israel’s house show mercy. Let us put sackcloth around our waists and ropes around our heads and go out to the king of Israel. Perhaps he will spare your life.”|Preserves submission clothing and your life rather than changing it to ours.
20:32|They tied sackcloth around their waists and ropes around their heads and went to the king of Israel. “Your servant Ben-hadad says, ‘Please spare my life,’” they told him. Ahab answered, “Is he still alive? He is my brother.”|Keeps the unexpected brother designation.
20:33|The men took this as a favorable sign and quickly seized on his words. “Your brother Ben-hadad!” they said. “Go and bring him,” Ahab replied. Ben-hadad came out to him, and Ahab brought him up into his chariot.|Makes the word-catching idiom and changing agents readable.
20:34|Ben-hadad said, “I will return the towns my father took from your father. You may establish trading streets in Damascus, as my father did in Samaria.” Ahab answered, “On this covenant I will release you.” He made a covenant with him and let him go.|Identifies speakers at the unmarked shift; commercial streets interpretation noted.
20:35|At the LORD’s word, one of the prophets’ company said to his companion, “Please strike me.” But the man refused.|Retains the prophetic group and disturbing command.
20:36|He told him, “Because you did not listen to the LORD’s voice, a lion will strike you when you leave me.” When the man left, a lion met him and struck him down.|Preserves judgment for refusing harm without explaining it away.
20:37|The prophet found another man and said, “Please strike me.” The man struck him and wounded him.|Keeps injury as the actual response.
20:38|Then the prophet went and waited for the king beside the road, disguised with a bandage over his eyes.|Retains the disguise’s material and location.
20:39|As the king passed, he cried out, “Your servant went into the thick of battle. A man turned aside and brought me another man, saying, ‘Guard this man. If he goes missing, your life will be for his life, or you must pay a talent of silver.’|Keeps the enacted story’s two alternative penalties.
20:40|But while your servant was busy here and there, the man disappeared.” The king of Israel told him, “That is your sentence. You have decided it yourself.”|Preserves self-judgment through the story.
20:41|The prophet quickly removed the bandage from his eyes, and the king of Israel recognized him as one of the prophets.|Keeps recognition after disguise removal.
20:42|He told the king, “This is what the LORD says: Because you let the man I devoted to destruction escape from your hand, your life will be for his life, and your people for his people.”|Retains destruction-ban language and substitution judgment.
20:43|The king of Israel went home to Samaria, sullen and angry.|Keeps the emotional pair repeated in the next chapter.
21:1|After these events, Naboth the Jezreelite had a vineyard in Jezreel beside the palace of Ahab king of Samaria.|Retains owner, place and proximity.
21:2|Ahab told Naboth, “Give me your vineyard for a vegetable garden, since it is close to my house. I will give you a better vineyard in exchange, or, if you prefer, pay you its value in silver.”|Preserves both offered exchanges and the king’s purpose.
21:3|Naboth answered, “The LORD forbid that I give you my ancestors’ inheritance!”|Keeps the LORD and ancestral inheritance as grounds for refusal.
21:4|Ahab went home sullen and angry because Naboth the Jezreelite had said, “I will not give you my ancestors’ inheritance.” He lay on his bed, turned his face away, and would not eat.|Retains the emotional echo and bodily withdrawal.
21:5|His wife Jezebel came and asked, “Why are you so sullen that you will not eat?”|Keeps her question tied to his visible behavior.
21:6|He told her, “I said to Naboth the Jezreelite, ‘Give me your vineyard for silver, or, if you prefer, I will give you another vineyard in exchange.’ But he said, ‘I will not give you my vineyard.’”|Preserves Ahab’s retelling, including its omission of ancestral inheritance.
21:7|His wife Jezebel said, “Are you now the one ruling Israel? Get up, eat, and cheer up. I will give you Naboth the Jezreelite’s vineyard.”|Keeps the royal challenge as a question, with alternative force noted.
21:8|She wrote letters in Ahab’s name and sealed them with his seal. She sent them to the elders and nobles living in Naboth’s town.|Preserves use of royal authority and local recipients.
21:9|In the letters she wrote, “Proclaim a fast and seat Naboth at the head of the people.|Keeps the religious assembly and prominent seat.
21:10|Seat two worthless men opposite him and have them testify, ‘You cursed God and the king.’ Then take him out and stone him to death.”|Renders bless as the contextual euphemism curse, explicitly noted.
21:11|The men of Naboth’s town—the elders and nobles who lived there—did as Jezebel directed, just as she had written in her letters.|Retains local leaders’ agency and compliance.
21:12|They proclaimed a fast and seated Naboth at the head of the people.|Preserves the command’s exact enacted repetition.
21:13|The two worthless men came and sat opposite him. Before the people they testified against Naboth: “Naboth cursed God and the king.” Then they took him outside the town and stoned him to death.|Keeps false testimony attributed and killing explicit.
21:14|They sent word to Jezebel: “Naboth has been stoned and is dead.”|Retains the death report’s two elements.
21:15|When Jezebel heard that Naboth had been stoned to death, she told Ahab, “Get up and take possession of the vineyard Naboth the Jezreelite refused to sell you. Naboth is no longer alive. He is dead.”|Keeps possession linked to death and its emphatic repetition.
21:16|When Ahab heard that Naboth was dead, he got up and went down to Naboth the Jezreelite’s vineyard to take possession of it.|Preserves Ahab’s direct participation in seizure.
21:17|The word of the LORD came to Elijah the Tishbite:|Retains divine intervention after dispossession.
21:18|“Get up and go down to meet Ahab king of Israel, who rules in Samaria. He is in Naboth’s vineyard, where he has gone to take possession.|Clarifies Samaria’s royal association while preserving vineyard location.
21:19|Tell him, ‘This is what the LORD says: Have you murdered and also taken possession?’ Then tell him, ‘This is what the LORD says: In the place where dogs licked Naboth’s blood, dogs will lick your blood—yours too.’”|Keeps murder accusation and place-specific blood judgment.
21:20|Ahab said to Elijah, “Have you found me, my enemy?” “I have found you,” he answered, “because you have sold yourself to do evil in the LORD’s eyes.|Retains finding repetition and self-sale image.
21:21|He says, ‘I am bringing disaster on you. I will sweep away your descendants and cut off every one of Ahab’s males who urinates against a wall, confined or free in Israel.|Marks the shift into divine first-person speech and retains coarse idiom.
21:22|I will make your house like the house of Jeroboam son of Nebat and the house of Baasha son of Ahijah, because you provoked me to anger and led Israel into sin.’|Keeps both earlier dynasties as precedents.
21:23|The LORD also spoke about Jezebel: ‘Dogs will eat Jezebel by the rampart of Jezreel.’|Retains rampart from this pin rather than importing a plot of land.
21:24|Dogs will eat anyone of Ahab’s house who dies in the city, and the birds of the sky will eat anyone who dies in the open country.”|Preserves the repeated city/country judgment.
21:25|There was no one like Ahab, who sold himself to do evil in the LORD’s eyes, urged on by his wife Jezebel.|Keeps Ahab’s agency alongside Jezebel’s instigation.
21:26|He acted most detestably in following idols, like everything the Amorites had done, whom the LORD drove out before the Israelites.|Retains the narrator’s comparison and displacement claim.
21:27|When Ahab heard these words, he tore his clothes, put sackcloth against his skin, and fasted. He lay in sackcloth and walked about subdued.|Preserves all bodily acts without declaring inward motives.
21:28|The word of the LORD came to Elijah the Tishbite:|Keeps the new response distinct from judgment.
21:29|“Have you seen how Ahab has humbled himself before me? Because he has humbled himself, I will not bring the disaster in his days. I will bring it on his house in his son’s days.”|Retains acknowledged humility and deferred, not canceled, judgment.
