1:1|After Ahab’s death, Moab rebelled against Israel.|Retains the immediate political consequence.
1:2|Ahaziah fell through the lattice of his upper room in Samaria and was injured. He sent messengers with this command: “Go and consult Baal-zebub, the god of Ekron. Ask whether I will recover from this illness.”|Distinguishes the fall, illness, and requested oracle.
1:3|But the LORD’s angel told Elijah the Tishbite, “Go up to meet the king of Samaria’s messengers. Say to them, ‘Is there no God in Israel, that you are going to consult Baal-zebub, Ekron’s god?’|Keeps the rhetorical question and divine messenger.
1:4|Therefore the LORD says: ‘You will not come down from the bed you have climbed into. You will certainly die.’” So Elijah went.|Retains bed image and emphatic death sentence.
1:5|The messengers returned to Ahaziah. “Why have you come back?” he asked.|Identifies the king receiving the unexpected return.
1:6|They answered, “A man met us and told us, ‘Go back to the king who sent you. Tell him: The LORD says, Is there no God in Israel, that you send to consult Baal-zebub, Ekron’s god? Therefore you will not come down from the bed you have climbed into. You will certainly die.’”|Preserves the full repeated message rather than summarizing.
1:7|He asked them, “What did the man who met you and said this look like?”|Turns the appearance inquiry into natural dialogue.
1:8|“He was a hairy man,” they said, “with a leather belt around his waist.” “That is Elijah the Tishbite,” he replied.|Retains hairy description with clothing alternative reserved for notes.
1:9|The king sent a captain with his fifty men to Elijah. The captain went up and found him sitting on a hilltop. “Man of God,” he said, “the king commands you to come down.”|Keeps military scale and competing authority.
1:10|Elijah answered the captain, “If I am a man of God, let fire come down from heaven and consume you and your fifty men.” Fire came down from heaven and consumed them.|Preserves the lethal response and repeated descent.
1:11|The king sent another captain with fifty men. He said to Elijah, “Man of God, the king says, ‘Come down at once!’”|Keeps escalation in the second command.
1:12|Elijah answered, “If I am a man of God, let fire come down from heaven and consume you and your fifty men.” God’s fire came down from heaven and consumed them.|Retains explicit divine attribution of the second fire.
1:13|Again the king sent a third captain with fifty men. This captain went up, knelt before Elijah, and pleaded, “Man of God, please let my life and the lives of these fifty servants of yours be precious in your eyes.|Keeps the appeal for the soldiers’ lives.
1:14|Fire came down from heaven and consumed the first two captains, each with his fifty men. But now, please let my life be precious in your eyes.”|Retains fearful repetition rather than dismissing it.
1:15|The LORD’s angel told Elijah, “Go down with him. Do not be afraid of him.” Elijah got up and went with him to the king.|Keeps the instruction and reassurance distinct.
1:16|Elijah told him, “The LORD says: Because you sent messengers to consult Baal-zebub, Ekron’s god—is there no God in Israel whose word you can seek?—you will not come down from the bed you have climbed into. You will certainly die.”|Preserves the repeated accusation and interrupting question.
1:17|Ahaziah died according to the LORD’s word spoken by Elijah. Because he had no son, Jehoram became king in his place, in the second year of Jehoram son of Jehoshaphat, king of Judah.|Keeps two same-named kings and this passage’s date.
1:18|The rest of Ahaziah’s deeds—are they not written in the annals of the kings of Israel?|Maintains the recurring source notice.
2:1|When the LORD was about to take Elijah up to heaven in a whirlwind, Elijah and Elisha set out from Gilgal.|Introduces the departure without adding a vehicle.
2:2|Elijah said to Elisha, “Stay here, please. The LORD has sent me to Bethel.” Elisha answered, “As the LORD lives, and as you live, I will not leave you.” So they went down to Bethel.|Keeps the oath repeated through the journey.
2:3|The company of prophets at Bethel came out to Elisha. “Do you know the LORD is taking your master away from over you today?” they asked. “Yes, I know,” he said. “Be quiet.”|Preserves the over-you image and restrained reply.
2:4|Elijah said, “Elisha, stay here, please. The LORD has sent me to Jericho.” He answered, “As the LORD lives, and as you live, I will not leave you.” So they went to Jericho.|Retains deliberate repetition with changed destination.
2:5|The company of prophets at Jericho approached Elisha. “Do you know the LORD is taking your master away from over you today?” they asked. “Yes, I know,” he said. “Be quiet.”|Keeps the second prophetic exchange unchanged.
2:6|Elijah said, “Stay here, please. The LORD has sent me to the Jordan.” He answered, “As the LORD lives, and as you live, I will not leave you.” So the two went on.|Completes the threefold refusal to leave.
2:7|Fifty men from the company of prophets followed and stood some distance away, while the two stood beside the Jordan.|Preserves witnesses and distance.
2:8|Elijah took his cloak, rolled it up, and struck the water. It divided to either side, and the two crossed on dry ground.|Keeps material actions and dry-ground image.
2:9|After they crossed, Elijah said, “Ask what I can do for you before I am taken from you.” Elisha answered, “Please let me receive a double share of your spirit.”|Preserves inheritance-shaped request without quantifying power.
2:10|“You have asked a difficult thing,” Elijah said. “If you see me being taken from you, it will be yours. If not, it will not.”|Keeps condition and contrasting outcomes.
2:11|As they walked along talking, a chariot of fire and horses of fire separated them. Elijah went up to heaven in the whirlwind.|Distinguishes separating chariot from ascending whirlwind.
2:12|Elisha watched and cried, “My father, my father! Israel’s chariot and its horsemen!” When he could no longer see him, he grasped his clothes and tore them in two.|Retains filial cry and military image.
2:13|He picked up Elijah’s cloak, which had fallen from him, and returned to stand on the Jordan’s bank.|Keeps the cloak’s transfer concrete.
2:14|He took the fallen cloak and struck the water. “Where is the LORD, Elijah’s God?” he asked. He too struck the water, and it divided to either side. Elisha crossed.|Preserves the difficult he-too phrase and repeated striking.
2:15|The company of prophets from Jericho saw him from a distance. “Elijah’s spirit rests on Elisha,” they said. They came to meet him and bowed to the ground before him.|Keeps their interpretation attributed to witnesses.
2:16|They said, “Your servants have fifty strong men. Please let them search for your master. Perhaps the LORD’s spirit lifted him up and dropped him on a mountain or in a valley.” “Do not send them,” he said.|Retains their uncertain explanation and proposed search.
2:17|But they pressed him until he was embarrassed, and he said, “Send them.” They sent fifty men, who searched for three days but did not find Elijah.|Keeps pressure, consent, duration and failed result.
2:18|They returned to Elisha, who was staying in Jericho. “Didn’t I tell you not to go?” he said.|Retains the corrective question.
2:19|The town’s men told Elisha, “As my lord can see, the town is well situated. But the water is bad, and the land causes loss of life.”|Preserves uncertainty about barrenness or miscarriage.
2:20|“Bring me a new bowl with salt in it,” he said. They brought it.|Keeps new vessel and salt.
2:21|He went to the spring, threw the salt into it, and said, “The LORD says: I have healed this water. No more death or loss of life will come from it.”|Retains healing and comprehensive ending of harm.
2:22|The water has remained healed to this day, just as Elisha said.|Keeps narrator’s continuing-time perspective.
2:23|From there he went up toward Bethel. As he walked up the road, young boys came out of the town and mocked him: “Go up, baldhead! Go up, baldhead!”|Keeps youth and taunt without inventing an armed threat.
2:24|He turned, looked at them, and cursed them in the LORD’s name. Two female bears came out of the woods and tore forty-two of the children.|Preserves sex, count and real harm without asserting every death.
2:25|From there he went to Mount Carmel and then returned to Samaria.|Keeps the final itinerary.
3:1|Jehoram son of Ahab became king over Israel in Samaria in the eighteenth year of Jehoshaphat king of Judah. He ruled for twelve years.|Retains this date alongside the different synchronism in 1:17.
3:2|He did evil in the LORD’s eyes, though not like his father and mother. He removed the pillar of Baal his father had made.|Keeps qualified assessment and limited reform.
3:3|But he held fast to the sins of Jeroboam son of Nebat, who led Israel into sin. He did not turn away from them.|Retains persistence and corporate influence.
3:4|Mesha king of Moab raised sheep. He supplied Israel’s king with a hundred thousand lambs and the wool of a hundred thousand rams.|Preserves both livestock quantities and wool tribute.
3:5|But after Ahab died, Moab’s king rebelled against Israel’s king.|Repeats the political opening in fuller context.
3:6|King Jehoram left Samaria at that time and mustered all Israel.|Keeps mobilization without expanding the force.
3:7|He sent word to Jehoshaphat king of Judah: “Moab’s king has rebelled against me. Will you join me in war against Moab?” “I will,” he replied. “I am as you are, my people as your people, my horses as your horses.”|Retains the pledge echoing 1 Kings 22.
3:8|“Which route shall we take?” he asked. The answer was, “Through the wilderness of Edom.”|Leaves unnamed speakers where the source does.
3:9|The kings of Israel, Judah, and Edom set out. After a roundabout journey of seven days, there was no water for the army or the animals following them.|Preserves three allies, duration and shared need.
3:10|Israel’s king cried, “Alas! The LORD has called these three kings together to hand them over to Moab!”|Keeps accusation as the king’s speech.
3:11|Jehoshaphat asked, “Is there no prophet of the LORD here through whom we can consult him?” A servant of Israel’s king answered, “Elisha son of Shaphat is here—the one who poured water over Elijah’s hands.”|Retains concrete service identifying Elisha.
3:12|Jehoshaphat said, “The LORD’s word is with him.” So Israel’s king, Jehoshaphat, and Edom’s king went down to him.|Keeps affirmation and named delegation.
3:13|Elisha said to Israel’s king, “What have you to do with me? Go to your father’s prophets and your mother’s prophets.” The king answered, “No! The LORD has called these three kings together to hand them over to Moab.”|Retains rejection and repeated desperate explanation.
3:14|Elisha said, “As the LORD of Armies lives, whom I serve, if I did not respect Jehoshaphat king of Judah, I would not so much as look at you.|Preserves oath and pointed conditional refusal.
3:15|Now bring me a musician.” As the musician played, the LORD’s hand came upon Elisha.|Keeps music’s place without inventing a mechanism.
3:16|He said, “The LORD says: Make this valley full of ditches.|Renders the infinitive as instruction; alternative noted later.
3:17|For the LORD says: You will see neither wind nor rain, yet this valley will fill with water. You, your cattle, and your other animals will drink.|Preserves unseen weather and separate beneficiaries.
3:18|This is a small thing in the LORD’s eyes. He will also hand Moab over to you.|Keeps the comparative promise.
3:19|You will strike every fortified town and every choice town. You will fell every good tree, stop up every spring, and ruin every good field with stones.”|Preserves environmental devastation and repetition.
3:20|In the morning, at the time of the offering, water came from the direction of Edom and filled the land.|Keeps timing and direction without invented rainfall.
3:21|All Moab heard that the kings had come to fight them. Every man old enough to strap on a belt and all who were older were called out, and they took their stand at the border.|Retains military-age idiom without an invented numerical age.
3:22|They rose early. The sun shone on the water, and from across the way the Moabites saw it red as blood.|Keeps perception distinct from actual blood.
3:23|“It is blood!” they said. “The kings have destroyed each other! Now, Moab, to the plunder!”|Attributes mistaken inference to the Moabites.
3:24|But when they reached Israel’s camp, the Israelites rose and struck them. Moab fled, and Israel continued striking into Moab.|Follows read striking form and pursuit.
3:25|They demolished the towns. Each man threw stones onto every good field until it was covered. They stopped every spring and felled every good tree. Only Kir-hareseth’s stones were left, and slingers surrounded and attacked it.|Retains cumulative destruction and final stronghold.
3:26|When Moab’s king saw the battle overpowering him, he took seven hundred swordsmen to break through toward Edom’s king. They could not.|Keeps attempted breakthrough and failed result.
3:27|Then he took his firstborn son, who was to succeed him, and offered him as a burnt offering on the wall. Great wrath came against Israel. They withdrew from him and returned to their own land.|Preserves child sacrifice and leaves the wrath’s source unnamed.
4:1|The wife of a man from the company of prophets cried out to Elisha, “Your servant, my husband, has died. You know he feared the LORD. Now his creditor is coming to take my two children as slaves.”|Preserves bereavement and threatened debt enslavement.
4:2|Elisha asked, “What can I do for you? Tell me what you have at home.” “Your servant has nothing at home but a flask of oil,” she answered.|Keeps the woman’s limited resources and deferential voice.
4:3|He said, “Go outside and borrow empty jars from all your neighbors. Gather plenty.|Renders the negative injunction naturally.
4:4|Then go inside and shut the door behind you and your sons. Pour oil into all those jars, setting each full one aside.”|Preserves privacy and sequence.
4:5|She left him and shut the door behind herself and her sons. They brought her the jars, and she kept pouring.|Keeps the sons’ participation and continuing action.
4:6|When the jars were full, she said to her son, “Bring another jar.” “There are no more,” he answered. Then the oil stopped.|Retains the stopping point without an invented cause.
4:7|She went and told the man of God. He said, “Go, sell the oil, and pay your debt. You and your sons can live on what remains.”|Keeps both debt repayment and continuing provision.
4:8|One day Elisha passed through Shunem. A prominent woman there urged him to eat with her. After that, whenever he passed through, he stopped there for a meal.|Preserves her standing and initiative.
4:9|She told her husband, “I know this man who regularly passes our way is a holy man of God.|Keeps recognition attributed to the woman.
4:10|Let us make a small walled upper room and put a bed, table, chair, and lampstand there for him. When he visits, he can stay there.”|Retains modest room and all furnishings.
4:11|One day he arrived, went up to the room, and lay down there.|Keeps the hospitality’s use concrete.
4:12|He told his servant Gehazi, “Call the Shunammite woman.” Gehazi called her, and she stood before him.|Introduces Gehazi and preserves the pronoun’s openness.
4:13|Elisha told him, “Say to her, ‘You have gone to all this trouble for us. What can be done for you? Shall we speak to the king or the army commander on your behalf?’” She answered, “I live among my own people.”|Keeps mediated offer and her understated refusal.
4:14|“Then what can be done for her?” he asked. Gehazi answered, “She has no son, and her husband is old.”|Does not turn Gehazi’s observation into her request.
4:15|Elisha said, “Call her.” He called her, and she stood in the doorway.|Keeps the renewed summons and threshold.
4:16|“At this time next year,” he said, “you will hold a son in your arms.” She answered, “No, my lord, man of God! Do not deceive your servant.”|Retains promised embrace and resistance to false hope.
4:17|The woman conceived and bore a son at that time the next year, just as Elisha had told her.|Keeps the promise’s fulfillment.
4:18|The child grew. One day he went out to his father among the harvesters.|Sets the later crisis in the field.
4:19|“My head! My head!” he cried to his father. His father told a servant, “Carry him to his mother.”|Retains repeated cry without diagnosing illness.
4:20|The servant carried him to his mother. He sat on her knees until noon, then died.|Preserves bodily closeness and explicit death.
4:21|She went upstairs and laid him on the man of God’s bed, shut the door, and went out.|Keeps her deliberate actions without invented feelings.
4:22|She called her husband: “Please send me a servant and a donkey so I can hurry to the man of God and return.”|Clarifies the practical request.
4:23|“Why go to him today?” he asked. “It is neither new moon nor Sabbath.” “All is well,” she said.|Keeps her brief shalom reply without explaining it away.
4:24|She saddled the donkey and told her servant, “Drive on. Do not slow down for me unless I tell you.”|Preserves her urgency and direction.
4:25|She traveled to the man of God at Mount Carmel. When he saw her in the distance, he told Gehazi, “There is the Shunammite woman.|Keeps recognition and destination.
4:26|Run to meet her. Ask, ‘Is all well with you? With your husband? With the child?’” She answered, “All is well.”|Retains three inquiries and repeated reserved answer.
4:27|When she reached the man of God on the mountain, she grasped his feet. Gehazi came to push her away, but the man of God said, “Leave her alone. She is in bitter distress, and the LORD has hidden it from me. He has not told me.”|Preserves her grief and the prophet’s admitted ignorance.
4:28|She said, “Did I ask my lord for a son? Didn’t I say, ‘Do not mislead me’?”|Keeps her accusation rather than moralizing grief.
4:29|Elisha told Gehazi, “Tuck up your clothes, take my staff, and go. If you meet anyone, do not greet them; if someone greets you, do not answer. Lay my staff on the boy’s face.”|Preserves all urgent instructions.
4:30|But the boy’s mother said, “As the LORD lives, and as you live, I will not leave you.” So Elisha got up and followed her.|Retains the oath echoing Elisha’s earlier loyalty.
4:31|Gehazi went ahead and laid the staff on the boy’s face. There was no sound or response. He went back to meet Elisha and said, “The boy has not awakened.”|Does not conceal failure of the first intervention.
4:32|Elisha entered the house. The boy was dead, lying on his bed.|Preserves the narrator’s explicit confirmation.
4:33|He went inside, shut the door on the two of them, and prayed to the LORD.|Keeps privacy and prayer.
4:34|He climbed onto the bed and lay over the child, mouth to mouth, eyes to eyes, hands to hands. As he stretched over him, the child’s body grew warm.|Retains bodily sequence without modern medical explanation.
4:35|Elisha got up and walked back and forth in the house, then climbed up and stretched over him again. The boy sneezed seven times and opened his eyes.|Preserves repeated effort and seven sneezes.
4:36|He called Gehazi: “Call the Shunammite woman.” Gehazi called her, and she came. “Pick up your son,” Elisha said.|Keeps the plain final invitation.
4:37|She fell at his feet and bowed to the ground. Then she picked up her son and left.|Retains gratitude through actions rather than added speech.
4:38|Elisha returned to Gilgal during a famine. The company of prophets sat before him. He told his servant, “Put the large pot on and cook stew for the prophets.”|Keeps communal hunger and practical response.
4:39|One went into the fields to gather greens. He found a wild vine and filled his garment with wild gourds. He came back and sliced them into the stew, not knowing what they were.|Preserves the plant uncertainty and mistake.
4:40|They served the men, but as they tasted the stew they cried, “Death in the pot, man of God!” They could not eat it.|Retains the vivid warning.
4:41|“Bring flour,” Elisha said. He threw it into the pot and said, “Serve the people so they can eat.” There was nothing harmful in the pot.|Keeps remedy and outcome without explaining chemistry.
4:42|A man came from Baal-shalishah with firstfruits bread for the man of God: twenty barley loaves and fresh grain in his sack. Elisha said, “Give it to the people to eat.”|Preserves origin, offering and quantities.
4:43|His attendant asked, “How can I set this before a hundred men?” Elisha answered, “Give it to the people to eat. The LORD says, ‘They will eat and have some left.’”|Retains objection and repeated command.
4:44|He set it before them. They ate and had some left, according to the LORD’s word.|Preserves fulfillment’s shared wording.
5:1|Naaman, the commander of Aram’s army, was a great man in his master’s eyes and highly honored, because through him the LORD had given Aram victory. He was a mighty warrior, but he had a serious skin disease.|Preserves divine victory for Aram and avoids modern diagnosis.
5:2|Aramean raiders had captured a young girl from Israel. She served Naaman’s wife.|Keeps captivity and girl’s age explicit.
5:3|She told her mistress, “If only my master could see the prophet in Samaria! He would cure him of his skin disease.”|Preserves her initiative without inventing motives.
5:4|Naaman went and told his master what the girl from Israel had said.|Clarifies the report’s royal recipient.
5:5|Aram’s king said, “Go. I will send a letter to Israel’s king.” Naaman left, taking ten talents of silver, six thousand gold shekels, and ten changes of clothes.|Preserves amounts with implicit shekel unit.
5:6|He brought Israel’s king the letter: “With this letter I am sending my servant Naaman to you, so you may cure his skin disease.”|Retains the demand directed at the king.
5:7|When Israel’s king read it, he tore his clothes. “Am I God, able to kill and give life?” he said. “This man sends me someone to cure of skin disease! You can see he is looking for a quarrel with me.”|Keeps fearful royal inference attributed to him.
5:8|Elisha the man of God heard that Israel’s king had torn his clothes. He sent word: “Why tear your clothes? Let him come to me, and he will know there is a prophet in Israel.”|Keeps recognition as the promised result.
5:9|Naaman arrived with his horses and chariot and stopped at Elisha’s door.|Preserves status display without editorial explanation.
5:10|Elisha sent a messenger to say, “Go and wash seven times in the Jordan. Your flesh will be restored, and you will be clean.”|Retains mediated instruction and cleansing language.
5:11|Naaman went away angry. “I thought he would surely come out to me,” he said, “stand and call on the name of the LORD his God, wave his hand over the place, and cure the diseased skin.|Preserves his expectation as quoted speech.
5:12|Aren’t Amana and Pharpar, the rivers of Damascus, better than all Israel’s waters? Couldn’t I wash in them and be clean?” He turned away in a rage.|Follows read Amana and retains river comparison.
5:13|His servants came near and said, “My father, if the prophet had asked you to do something great, wouldn’t you have done it? How much more when he tells you, ‘Wash and be clean’?”|Keeps respectful address and lesser-demand argument.
5:14|So he went down and dipped himself in the Jordan seven times, as the man of God had said. His flesh became like a young boy’s, and he was clean.|Preserves seven immersions and child comparison.
5:15|He returned to the man of God with his whole company and stood before him. “Now I know there is no God anywhere on earth except in Israel,” he said. “Please accept a gift from your servant.”|Keeps confession and offered blessing-gift.
5:16|Elisha answered, “As the LORD lives, whom I serve, I will accept nothing.” Though Naaman urged him, he refused.|Retains oath and resistance to pressure.
5:17|Naaman said, “If not, please let your servant take two mule-loads of earth. From now on your servant will offer neither burnt offering nor sacrifice to other gods, only to the LORD.|Preserves earth request without supplying its purpose.
5:18|But may the LORD forgive your servant in this: when my master enters Rimmon’s temple to bow down, he leans on my arm, and I bow there too. When I bow in Rimmon’s temple, may the LORD forgive your servant in this.”|Keeps repeated troubling request without doctrinal resolution.
5:19|“Go in peace,” Elisha said. After Naaman had traveled a short distance,|Keeps restrained reply and following transition.
5:20|Gehazi, the servant of Elisha the man of God, said to himself, “My master has let this Aramean Naaman go without accepting what he brought. As the LORD lives, I will run after him and get something.”|Preserves the oath used for self-interest.
5:21|Gehazi ran after Naaman. When Naaman saw him running behind him, he got down from his chariot to meet him. “Is all well?” he asked.|Keeps Naaman’s concerned response.
5:22|“All is well,” Gehazi said. “My master sent me to say, ‘Two young men from the company of prophets have just come from Ephraim’s hills. Please give them a talent of silver and two changes of clothes.’”|Preserves fabricated message as Gehazi’s speech.
5:23|Naaman said, “Please take two talents.” He urged him, tied two talents of silver into two bags, added two changes of clothes, and gave them to two servants to carry ahead of Gehazi.|Keeps doubled gift and carriers.
5:24|When Gehazi reached the hill, he took the gifts from them and put them in the house. He sent the men away, and they left.|Preserves concealment through actions alone.
5:25|He went in and stood before his master. Elisha asked, “Where have you been, Gehazi?” “Your servant has not gone anywhere,” he answered.|Keeps direct inquiry and denial.
5:26|Elisha said, “Didn’t my heart go with you when the man stepped down from his chariot to meet you? Is this the time to acquire silver and clothes, olive groves and vineyards, sheep and cattle, male and female slaves?|Preserves heart image and expanded acquisitive list.
5:27|Naaman’s skin disease will cling to you and your descendants forever.” Gehazi left him diseased, white as snow.|Keeps inherited judgment and snow comparison.
6:1|The company of prophets told Elisha, “The place where we meet with you is too small for us.|Preserves shared space without deciding residence versus meeting.
6:2|Let us go to the Jordan. Each of us can cut a beam, and we can make a place to stay there.” “Go,” he said.|Retains cooperative proposal and permission.
6:3|One asked, “Please come with your servants.” “I will,” Elisha answered.|Keeps the invitation and acceptance.
6:4|He went with them. They reached the Jordan and began cutting trees.|Retains setting and work.
6:5|As one of them cut a beam, the iron axhead fell into the water. “Oh, my lord!” he cried. “It was borrowed!”|Preserves the practical cause of distress.
6:6|The man of God asked, “Where did it fall?” When he showed him, Elisha cut a stick and threw it there, and made the iron float.|Keeps the reported extraordinary action plainly.
6:7|“Lift it out,” he said. The man reached out and took it.|Preserves the man’s participation.
6:8|Aram’s king was at war with Israel. He consulted his servants: “I will camp at such and such a place.”|Keeps unspecified location rather than inventing geography.
6:9|The man of God sent word to Israel’s king: “Be careful not to pass that place. The Arameans are coming down there.”|Preserves warning and threat.
6:10|The king of Israel sent men to the place the man of God had warned him about. He was on his guard there, not just once or twice.|Supplies the implied messengers and retains the king’s personal caution and repeated warnings.
6:11|This greatly troubled Aram’s king. He called his servants and asked, “Will no one tell me which of us is on Israel’s king’s side?”|Retains suspicion as a royal question.
6:12|“None of us, my lord the king,” a servant answered. “Elisha, the prophet in Israel, tells Israel’s king even the words you speak in your bedroom.”|Preserves claim of intimate knowledge.
6:13|“Go and find out where he is,” the king said, “so I can send men to seize him.” He was told, “He is in Dothan.”|Keeps sequence from discovery to intended seizure.
6:14|He sent horses, chariots, and a large force there. They arrived at night and surrounded the town.|Preserves timing and encirclement.
6:15|The man of God’s attendant rose early and went outside. An army with horses and chariots surrounded the town. “Oh, my lord, what shall we do?” he asked.|Keeps fearful perception through the attendant.
6:16|“Do not be afraid,” Elisha answered. “Those with us outnumber those with them.”|Preserves comparison without naming unseen beings prematurely.
6:17|Elisha prayed, “LORD, please open his eyes so he can see.” The LORD opened the young man’s eyes. He saw the hills full of horses and chariots of fire around Elisha.|Keeps opened sight and fiery protection.
6:18|As the Arameans came down toward him, Elisha prayed to the LORD, “Please strike these people with blindness.” He struck them with blindness, as Elisha asked.|Preserves divine action and prayer.
6:19|Elisha told them, “This is not the road or the town. Follow me, and I will take you to the man you are looking for.” He led them to Samaria.|Does not explain away misleading speech.
6:20|When they entered Samaria, Elisha said, “LORD, open their eyes so they can see.” The LORD opened their eyes, and they saw they were inside Samaria.|Keeps the repeated opening of eyes.
6:21|When Israel’s king saw them, he asked Elisha, “Shall I strike them down, my father? Shall I?”|Retains repeated eagerness and filial address.
6:22|“Do not strike them,” he answered. “Would you strike down those you had captured with your sword and bow? Set bread and water before them. Let them eat and drink, then return to their master.”|Keeps rhetorical question and concrete mercy.
6:23|The king prepared a great feast. They ate and drank, and he sent them back to their master. Aramean raiding bands no longer came into Israel’s land.|Preserves feast and stated cessation of raids.
6:24|Afterward, Ben-hadad king of Aram gathered his whole army and besieged Samaria.|Retains renewed war beside the preceding peace.
6:25|Famine grew severe in Samaria under the siege. A donkey’s head sold for eighty silver shekels, and a quarter-kab of dove dung for five.|Keeps appalling prices and disputed dung term.
6:26|As Israel’s king walked along the wall, a woman cried to him, “Help me, my lord the king!”|Preserves appeal from a suffering subject.
6:27|He answered, “If the LORD does not help you, where can I find help for you? From the threshing floor? From the winepress?”|Uses conditional reading while preserving alternative for notes.
6:28|Then he asked, “What is wrong?” She said, “This woman told me, ‘Give up your son so we can eat him today. We will eat mine tomorrow.’|Keeps the horror in the woman’s testimony.
6:29|We boiled my son and ate him. The next day I said, ‘Give up your son so we can eat him.’ But she hid her son.”|Preserves cannibalism explicitly without added spectacle.
6:30|When the king heard her words, he tore his clothes. As he passed along the wall, the people saw sackcloth beneath them, against his skin.|Keeps public grief and concealed sackcloth.
6:31|He said, “May God punish me, and more besides, if Elisha son of Shaphat’s head stays on his shoulders today!”|Retains oath threatening beheading.
6:32|Elisha was sitting at home with the elders. The king sent a man ahead of him. Before the messenger arrived, Elisha told the elders, “Do you see how this murderer’s son has sent someone to take off my head? When the messenger comes, shut the door and hold it against him. Isn’t the sound of his master’s footsteps behind him?”|Keeps accusation, defensive instruction and approaching master.
6:33|While he was still speaking, the messenger came down to him. Then came the words, “This disaster is from the LORD. Why should I wait for the LORD any longer?”|Leaves the final speaker uncertain as in the source.
7:1|Elisha said, “Hear the LORD’s word! This is what the LORD says: Tomorrow about this time, a seah of fine flour will sell for a shekel, and two seahs of barley for a shekel, at Samaria’s gate.”|Retain both measures and the precise time and market location.
7:2|The officer on whose arm the king leaned answered the man of God, “Even if the LORD opened windows in the sky, could this happen?” Elisha said, “You will see it with your own eyes, but you will not eat any of it.”|Keep the sky-window image and the seeing/eating contrast.
7:3|Four men with a skin disease were at the entrance to the gate. They said to one another, “Why sit here until we die?|Keep the excluded men and their urgent question without diagnosing Hansen’s disease.
7:4|If we decide to go into the city, the famine is there, and we will die there. If we stay here, we will die too. So let’s go over to the Aramean camp. If they let us live, we will live; if they kill us, we will die.”|Preserve the repeated alternatives and their limited hope.
7:5|At dusk they got up to go to the Aramean camp. When they reached its edge, no one was there.|Retain dusk and the discovery at the camp’s edge.
7:6|The Lord had made the Aramean army hear the sound of chariots, horses, and a great army. They said to one another, “Look! Israel’s king has hired the Hittite kings and the kings of Egypt to attack us!”|Distinguish Adonai and retain the plural foreign kings in the soldiers’ inference.
7:7|So they fled at dusk, abandoning their tents, horses, and donkeys. They left the camp just as it was and ran for their lives.|Match dusk to verse 5 and preserve the abandoned animals.
7:8|When the men with the skin disease reached the edge of the camp, they entered a tent and ate and drank. They carried off silver, gold, and clothing and went and hid them. Then they returned, entered another tent, carried things off, and hid those too.|Retain the two trips and concealment before the change of heart.
7:9|Then they said to one another, “What we’re doing isn’t right. This is a day of good news, and we’re keeping quiet. If we wait until morning, we will be held guilty. Come on—let’s go and tell the royal household.”|Keep the moral recognition as the men’s speech rather than a narrator’s sermon.
7:10|They went and called to the city’s gatekeepers: “We went into the Aramean camp. There wasn’t a person there, not even a human voice—only tethered horses and donkeys, and the tents left as they were.”|Preserve both absence of people and absence of voices.
7:11|The gatekeepers called out the news, and it was reported inside the palace.|Make the relay of information clear without adding a named messenger.
7:12|The king got up in the night and said to his servants, “Let me tell you what the Arameans have done to us. They know we’re hungry, so they’ve left the camp to hide in the fields. They’re thinking, ‘When they come out of the city, we’ll take them alive and get into the city.’”|Keep the suspected ambush explicitly the king’s interpretation.
7:13|One of his servants answered, “Let some men take five of the horses still left in the city. Their fate will be like that of all the Israelites left here—like that of all the Israelites who have already perished. Let’s send them and see.”|Retain the difficult repeated comparison with surviving and perished Israel.
7:14|They took two chariot teams, and the king sent them after the Aramean army, saying, “Go and see.”|Keep two chariot teams distinct from the preceding proposal of five horses.
7:15|They followed them as far as the Jordan. The whole road was strewn with clothing and equipment the Arameans had thrown away in their haste. The messengers returned and told the king.|Retain the Jordan limit and physical evidence of hurried flight.
7:16|Then the people went out and plundered the Aramean camp. A seah of fine flour sold for a shekel, and two seahs of barley for a shekel, just as the LORD had said.|Repeat the promised prices exactly to make fulfillment audible.
7:17|The king had put the officer on whose arm he leaned in charge of the gate. The people trampled him there, and he died, just as the man of God had said when the king came down to him.|Retain the officer’s identity, assignment, and manner of death.
7:18|For when the man of God told the king, “Tomorrow about this time, two seahs of barley will sell for a shekel and a seah of fine flour for a shekel at Samaria’s gate,”|Preserve the full repeated prediction and its reversed order of commodities.
7:19|the officer answered the man of God, “Even if the LORD opened windows in the sky, could this happen?” And he answered, “You will see it with your own eyes, but you will not eat any of it.”|Repeat the objection and answer rather than collapsing the retelling.
7:20|That is what happened to him: the people trampled him at the gate, and he died.|Keep the final repetition of the officer’s death.
8:1|Elisha had said to the woman whose son he had restored to life, “Get up and go away with your household. Stay wherever you can, because the LORD has called for a famine, and it will come on the land for seven years.”|Mark the earlier instruction and retain divine agency and seven years.
8:2|The woman did as the man of God said. She went away with her household and stayed in the land of the Philistines for seven years.|Repeat the duration and identify the place of temporary residence.
8:3|At the end of seven years she returned from the land of the Philistines and went to appeal to the king for her house and field.|Keep house and field as the concrete objects of her appeal.
8:4|The king was talking with Gehazi, the man of God’s servant. “Tell me all the great things Elisha has done,” he said.|Do not repair the chronology of Gehazi’s appearance after chapter 5.
8:5|Just as Gehazi was telling the king how Elisha had restored the dead to life, the woman whose son he had restored came to appeal to the king for her house and field. Gehazi said, “My lord the king, this is the woman, and this is her son whom Elisha restored to life!”|Keep the timing and both identifications rather than abbreviating the encounter.
8:6|The king questioned the woman, and she told him her story. He assigned a court official to her and said, “Restore everything that belongs to her, including all the produce of the field from the day she left the land until now.”|Retain the full period of restitution and avoid asserting the official’s anatomy.
8:7|Elisha went to Damascus. Ben-hadad king of Aram was ill, and someone told him, “The man of God has come here.”|Keep the foreign setting and the report to the sick king.
8:8|The king said to Hazael, “Take a gift with you and go meet the man of God. Ask the LORD through him, ‘Will I recover from this illness?’”|Make the consultation through the prophet explicit.
8:9|Hazael went to meet him, taking a gift of every kind of fine thing Damascus had to offer—forty camel loads. He stood before Elisha and said, “Your son Ben-hadad king of Aram has sent me to ask, ‘Will I recover from this illness?’”|Preserve forty loads and the diplomatic address your son.
8:10|Elisha said to him, “Go and tell him, ‘You will certainly recover.’ But the LORD has shown me that he will certainly die.”|Follow the read text to him while preserving the tension between the two declarations.
8:11|He held his gaze steady until it became uncomfortable. Then the man of God wept.|Avoid fixing the ambiguous gaze’s participants or inventing a motive for the pause.
8:12|Hazael asked, “Why is my lord weeping?” He answered, “Because I know the harm you will do to the Israelites. You will set their fortresses on fire, kill their young men with the sword, dash their little children to pieces, and rip open their pregnant women.”|Preserve every threatened atrocity without softening or elaborating it.
8:13|Hazael said, “But what is your servant, a mere dog, that he could do such a great thing?” Elisha answered, “The LORD has shown me that you will be king over Aram.”|Keep great thing and dog in Hazael’s response without turning it into a moral denial.
8:14|He left Elisha and returned to his master, who asked, “What did Elisha say to you?” Hazael answered, “He told me that you would certainly recover.”|Preserve the selective report and its omission of the predicted death.
8:15|The next day Hazael took a coverlet, dipped it in water, and spread it over the king’s face, and he died. Hazael became king in his place.|Identify the acting man from context and preserve the concrete killing action.
8:16|In the fifth year of Joram son of Ahab, king of Israel, while Jehoshaphat was king of Judah, Jehoram son of Jehoshaphat began to reign as king of Judah.|Retain the overlapping reigns rather than harmonizing the chronology.
8:17|He was thirty-two years old when he became king, and he reigned in Jerusalem for eight years.|Keep both numerical notices intact.
8:18|He followed the way of Israel’s kings, as the house of Ahab had done, for Ahab’s daughter was his wife. He did what was evil in the LORD’s eyes.|Retain the marriage connection and the narrator’s evaluation.
8:19|Yet the LORD was unwilling to destroy Judah because of David his servant, since he had promised to give David a lamp for his sons always.|Preserve the lamp image and the dynastic promise.
8:20|In his days Edom rebelled against Judah’s rule and set up a king of its own.|Keep the political change concrete.
8:21|Joram crossed over to Zair with all his chariots. He rose at night and struck the Edomites surrounding him and the chariot commanders. But his people fled to their tents.|Retain the difficult battle sequence without inventing a decisive victory.
8:22|Edom has remained in rebellion against Judah’s rule to this day. Libnah also rebelled at that time.|Keep the narrator’s to this day and the separate revolt.
8:23|The rest of Joram’s acts, and everything he did, are written in the annals of the kings of Judah.|Retain the source notice and Judah’s identity.
8:24|Joram rested with his ancestors and was buried with them in the City of David. His son Ahaziah became king in his place.|Keep the ancestral death idiom and succession.
8:25|In the twelfth year of Joram son of Ahab, king of Israel, Ahaziah son of Jehoram became king of Judah.|Retain twelfth year despite the eleventh-year notice in 9:29.
8:26|Ahaziah was twenty-two years old when he became king, and he reigned in Jerusalem for one year. His mother’s name was Athaliah, daughter of Omri king of Israel.|Keep twenty-two and the source’s daughter relationship without importing Chronicles.
8:27|He followed the way of the house of Ahab and did what was evil in the LORD’s eyes, as the house of Ahab had done, for he was related by marriage to Ahab’s house.|Preserve the repeated house language and marriage relationship.
8:28|He went with Joram son of Ahab to fight Hazael king of Aram at Ramoth-gilead. The Arameans wounded Joram.|Keep the two allied kings and identify who was wounded.
8:29|King Joram returned to Jezreel to recover from the wounds the Arameans had inflicted on him at Ramah when he fought Hazael king of Aram. Ahaziah son of Jehoram, king of Judah, went down to Jezreel to see Joram son of Ahab because he was wounded.|Preserve both place forms and the relationship between the visit and battle wounds.
9:1|Elisha the prophet called one of the company of prophets and said, “Tuck your robe into your belt, take this flask of oil with you, and go to Ramoth-gilead.|Render girding the waist as preparation for travel while retaining the oil flask.
9:2|When you arrive, find Jehu son of Jehoshaphat, son of Nimshi. Go in, have him rise from among his fellow officers, and take him into an inner room.|Preserve all three generations and the private setting.
9:3|Take the flask of oil, pour it on his head, and say, ‘This is what the LORD says: I anoint you king over Israel.’ Then open the door and flee. Don’t wait.”|Keep the anointing formula and abrupt escape instruction.
9:4|So the young prophet went to Ramoth-gilead.|Combine the repeated young-man description into natural English.
9:5|When he arrived, the army commanders were sitting together. He said, “Commander, I have a message for you.” Jehu asked, “For which of us?” He answered, “For you, commander.”|Keep the uncertainty over the addressee and the repeated title.
9:6|Jehu got up and went into the house. The prophet poured the oil on his head and said, “This is what the LORD, the God of Israel, says: I anoint you king over the LORD’s people, over Israel.|Retain the expanded divine title and repeated people designation.
9:7|You are to strike down the house of Ahab your master, so that I may avenge the blood of my servants the prophets, and the blood of all the LORD’s servants, at Jezebel’s hand.|Keep the blood language and Jezebel’s responsibility within the oracle.
9:8|Ahab’s whole house will perish. I will cut off from Ahab every male who urinates against a wall, bound or free in Israel.|Retain the coarse male image and the uncertain paired social categories.
9:9|I will make Ahab’s house like the house of Jeroboam son of Nebat and the house of Baasha son of Ahijah.|Preserve both dynastic comparisons with their fathers’ names.
9:10|Dogs will eat Jezebel on the plot of land at Jezreel, and no one will bury her.” Then he opened the door and fled.|Keep the specified place and the prophet’s immediate departure.
9:11|Jehu came out to his master’s officers. One asked him, “Is everything all right? Why did that madman come to you?” He answered, “You know the man and his chatter.”|Retain the officer’s dismissive label as speech rather than narrator judgment.
9:12|They said, “That’s a lie! Tell us.” So he said, “He told me this and that, including, ‘This is what the LORD says: I anoint you king over Israel.’”|Preserve the demand and Jehu’s selective quotation.
9:13|At once each of them took his garment and spread it beneath Jehu on the bare steps. They blew the ram’s horn and proclaimed, “Jehu is king!”|Retain garments, the uncertain step location, and the proclamation.
9:14|So Jehu son of Jehoshaphat, son of Nimshi, conspired against Joram. Joram and all Israel had been defending Ramoth-gilead against Hazael king of Aram.|Connect the conspiracy with the military setting without importing motives.
9:15|But King Joram had returned to Jezreel to recover from the wounds the Arameans had inflicted when he fought Hazael king of Aram. Jehu said, “If this is what you want, let no one escape from the city to take word to Jezreel.”|Keep the king’s absence and Jehu’s condition for secrecy.
9:16|Jehu mounted his chariot and went to Jezreel, where Joram lay recovering. Ahaziah king of Judah had come down to visit Joram.|Keep the convergence of all three kings.
9:17|The lookout standing on Jezreel’s tower saw Jehu’s company approaching and said, “I see a company of men.” Joram said, “Send a horseman to meet them and ask, ‘Is it peace?’”|Preserve the watchtower perspective and recurring peace question.
9:18|The horseman rode out to meet him and said, “The king asks, ‘Is it peace?’” Jehu answered, “What have you to do with peace? Fall in behind me.” The lookout reported, “The messenger reached them, but he isn’t coming back.”|Keep question, rebuff, and lookout report in sequence.
9:19|The king sent a second horseman. He reached them and said, “The king asks, ‘Is it peace?’” Jehu answered, “What have you to do with peace? Fall in behind me.”|Repeat the exchange as the source does.
9:20|The lookout reported, “He reached them, but he isn’t coming back. The driving looks like Jehu son of Nimshi’s driving—he drives like a madman.”|Retain the madman link with verse 11 and the shortened patronymic.
9:21|Joram said, “Hitch up!” They hitched his chariot, and Joram king of Israel and Ahaziah king of Judah went out, each in his own chariot. They met Jehu on Naboth the Jezreelite’s plot of land.|Keep the separate chariots and consequential meeting place.
9:22|When Joram saw Jehu, he asked, “Is it peace, Jehu?” Jehu answered, “What peace can there be while your mother Jezebel’s whoring and her many sorceries go on?”|Preserve the accusation’s force without converting its metaphor into biography.
9:23|Joram wheeled around and fled, calling to Ahaziah, “Treachery, Ahaziah!”|Keep the urgent direct warning.
9:24|Jehu drew his bow with all his strength and struck Joram between the shoulders. The arrow came out through his heart, and he slumped in his chariot.|Retain the trajectory and bodily harm without added gore.
9:25|Jehu said to Bidkar his officer, “Pick him up and throw him onto Naboth the Jezreelite’s plot. Remember how you and I rode together behind his father Ahab when the LORD pronounced this burden against him:|Retain the shared memory and prophetic burden image.
9:26|‘Yesterday I saw the blood of Naboth and the blood of his sons, declares the LORD. I will repay you on this plot, declares the LORD.’ So pick him up and throw him onto the plot, according to the LORD’s word.”|Keep Naboth’s sons and yesterday rather than harmonizing with the earlier account.
9:27|When Ahaziah king of Judah saw this, he fled toward Beth-haggan. Jehu pursued him, saying, “Strike him too!” They struck him in his chariot at the ascent of Gur near Ibleam. He fled to Megiddo and died there.|Supply the implied striking action while preserving the route and death location.
9:28|His servants carried him in a chariot to Jerusalem and buried him in his tomb with his ancestors in the City of David.|Keep the return for burial separate from the place of death.
9:29|Ahaziah had become king over Judah in the eleventh year of Joram son of Ahab.|Retain eleventh without silently reconciling 8:25.
9:30|Jehu came to Jezreel. When Jezebel heard, she painted her eyes, arranged her hair, and looked out of the window.|Describe the preparation without inventing seduction or courage as a motive.
9:31|As Jehu entered the gate, she said, “Is it peace, Zimri, murderer of your master?”|Keep the Zimri taunt and repeated peace question.
9:32|He looked up at the window and said, “Who is on my side? Who?” Two or three eunuchs looked down at him.|Retain the uncertain count and court personnel designation.
9:33|He said, “Throw her down!” They threw her down, and some of her blood splashed onto the wall and the horses, and Jehu trampled her.|Retain the command, blood, and singular actor in the trampling; the Hebrew says he trampled her.
9:34|Then he went in and ate and drank. “See to that cursed woman,” he said. “Bury her, for she was a king’s daughter.”|Keep the meal beside the death and the stated reason for burial.
9:35|But when they went to bury her, they found only her skull, her feet, and the palms of her hands.|Retain the exact remaining body parts.
9:36|They returned and told him. He said, “This is the LORD’s word, which he spoke through his servant Elijah the Tishbite: ‘On the plot at Jezreel, dogs will eat Jezebel’s flesh.|Preserve the quotation’s attribution and location.
9:37|Jezebel’s body will be like dung on the face of the field, on the plot at Jezreel, so that no one will be able to say, “This is Jezebel.”’”|Keep the dung image and loss of identifiable remains.
10:1|Ahab had seventy sons in Samaria. Jehu wrote letters and sent them to Samaria, to Jezreel’s leaders, the elders, and the guardians of Ahab’s sons. He wrote:|Retain Jezreel’s leaders in the Hebrew despite the Samaria destination.
10:2|“Your master’s sons are with you, and you have chariots, horses, a fortified city, and weapons. As soon as this letter reaches you,|Keep the challenge’s concrete military resources.
10:3|choose the best and most suitable of your master’s sons, set him on his father’s throne, and fight for your master’s house.”|Preserve the invitation to oppose Jehu rather than paraphrasing its implied threat.
10:4|They were utterly terrified. “Two kings couldn’t stand against him,” they said. “How can we?”|Retain the numerical comparison behind their fear.
10:5|The palace administrator, the city governor, the elders, and the guardians sent word to Jehu: “We are your servants. We will do whatever you tell us. We won’t make anyone king. Do what seems good to you.”|Keep all four responding groups and their submission.
10:6|Jehu wrote them a second letter: “If you are on my side and will obey me, take the heads of your master’s sons and come to me at Jezreel by this time tomorrow.” The seventy royal sons were with the leading men of the city, who were raising them.|Keep the second letter’s deadline and the guardians’ responsibility.
10:7|When the letter reached them, they took the royal sons and slaughtered all seventy. They put their heads in baskets and sent them to Jehu at Jezreel.|Preserve the slaughter and transport without euphemism.
10:8|A messenger came and told him, “They have brought the royal sons’ heads.” He said, “Put them in two heaps at the entrance to the gate until morning.”|Retain two heaps and the public display’s duration.
10:9|In the morning he went out, stood before all the people, and said, “You are innocent. I conspired against my master and killed him. But who struck down all these?|Keep the claim of innocence inside Jehu’s speech rather than endorsing it.
10:10|Know, then, that not one word the LORD has spoken against Ahab’s house will fall to the ground. The LORD has done what he said through his servant Elijah.”|Retain the falling-word image and Jehu’s appeal to prophecy.
10:11|Jehu struck down everyone left of Ahab’s house in Jezreel—all his leading men, his close associates, and his priests. He left him no survivor.|Keep the expanded circle of victims and totality claim.
10:12|Then he set out for Samaria. On the way, at Beth-eked of the Shepherds,|Retain the place name instead of replacing it with an uncertain function.
10:13|Jehu met relatives of Ahaziah king of Judah. “Who are you?” he asked. They answered, “We are Ahaziah’s relatives. We’re going down to greet the king’s sons and the queen mother’s sons.”|Render brothers as wider kin in this context and retain both royal groups.
10:14|He said, “Take them alive!” They took them alive, then slaughtered them at the cistern of Beth-eked—all forty-two men. He left none of them alive.|Preserve the contrast between live capture and subsequent killing.
10:15|He went on from there and met Jehonadab son of Rechab coming toward him. Jehu greeted him and asked, “Is your heart true to mine, as mine is to yours?” Jehonadab answered, “It is.” “If so, give me your hand.” He gave him his hand, and Jehu brought him up into the chariot.|Keep the heart language and the physical pledge of alliance.
10:16|“Come with me,” Jehu said, “and see my zeal for the LORD.” So he had him ride in his chariot.|Retain zeal as Jehu’s own characterization.
10:17|When he came to Samaria, he struck down everyone left to Ahab there, wiping out his house, according to the LORD’s word spoken to Elijah.|Keep the second location and the fulfillment formula.
10:18|Jehu gathered all the people and said, “Ahab served Baal a little; Jehu will serve him much.|Preserve the provocative first-person speech using Jehu’s own name.
10:19|Now call all Baal’s prophets, all his worshipers, and all his priests to me. Let no one be absent, because I have a great sacrifice for Baal. Anyone absent will not live.” Jehu was acting deceitfully, to destroy Baal’s worshipers.|Make the narrator’s explicit disclosure of deceit clear.
10:20|Jehu said, “Proclaim a sacred assembly for Baal.” So they proclaimed it.|Keep the religious assembly language in the deception.
10:21|Jehu sent word throughout Israel, and all Baal’s worshipers came. Not one stayed away. They entered Baal’s temple, and it was filled from end to end.|Retain the total attendance and crowded building.
10:22|He told the keeper of the wardrobe, “Bring out garments for all Baal’s worshipers.” So he brought out garments for them.|Keep the separate provision of identifying clothing.
10:23|Jehu and Jehonadab son of Rechab went into Baal’s temple. Jehu said to Baal’s worshipers, “Search carefully. Make sure no servants of the LORD are here with you, only worshipers of Baal.”|Preserve the distinction used to select the victims.
10:24|They went in to offer sacrifices and burnt offerings. Jehu had stationed eighty men outside and said, “If any of the men I place in your hands escapes, your life will pay for his.”|Retain eighty guards and the life-for-life threat.
10:25|As soon as he finished offering the burnt offering, Jehu said to the guards and officers, “Go in and strike them down. Let no one get out.” They struck them down with the sword. The guards and officers threw the bodies out, then went into the inner part of Baal’s temple.|Keep the massacre and flag the difficult final architectural expression in a note.
10:26|They brought out the sacred pillars from Baal’s temple and burned them.|Retain plural pillars while rendering the collective object naturally.
10:27|They demolished Baal’s pillar, tore down Baal’s temple, and made it a latrine, as it remains to this day.|Preserve the deliberate degradation and narrator’s continuing-time notice.
10:28|So Jehu destroyed Baal worship in Israel.|Render Baal’s removal in terms of the narrated cult destruction.
10:29|Yet Jehu did not turn away from the sins of Jeroboam son of Nebat, which he had caused Israel to commit—the golden calves at Bethel and Dan.|Retain the qualification and both calf locations.
10:30|The LORD said to Jehu, “Because you have done well in carrying out what is right in my eyes, and have done to Ahab’s house all that was in my heart, your sons will sit on Israel’s throne to the fourth generation.”|Keep the specific approval and four-generation promise without expanding it to all Jehu’s conduct.
10:31|But Jehu did not take care to walk in the instruction of the LORD, the God of Israel, with all his heart. He did not turn away from the sins Jeroboam had caused Israel to commit.|Preserve the narrator’s adverse judgment beside verse 30’s approval.
10:32|In those days the LORD began cutting away parts of Israel. Hazael struck them throughout Israel’s territory:|Keep divine agency and the territorial loss image.
10:33|east of the Jordan, all the land of Gilead—the Gadites, Reubenites, and Manassites—from Aroer by the Arnon Valley, including Gilead and Bashan.|Retain tribes and geographic limits without replacing them with a modern map.
10:34|The rest of Jehu’s acts, everything he did, and all his might are written in the annals of the kings of Israel.|Preserve the source notice’s three categories.
10:35|Jehu rested with his ancestors and was buried in Samaria. His son Jehoahaz became king in his place.|Keep burial place and succession.
10:36|Jehu reigned over Israel in Samaria for twenty-eight years.|Retain the full reign length and capital.
11:1|When Athaliah, Ahaziah’s mother, saw that her son was dead, she set out to destroy the entire royal line.|Retain the mother’s agency and dynastic scope of the killing.
11:2|But Jehosheba, King Joram’s daughter and Ahaziah’s sister, took Joash son of Ahaziah and stole him away from the royal sons being killed. She put him and his nurse in a bedroom. They hid him from Athaliah, and he was not killed.|Preserve the rescue, relationships, nurse, and change to plural protectors.
11:3|He remained hidden with her in the LORD’s house for six years, while Athaliah ruled the land.|Keep the simultaneous concealment and reign.
11:4|In the seventh year Jehoiada sent for the commanders of hundreds of the Carites and the guards and brought them to him in the LORD’s house. He made a covenant with them, put them under oath there, and showed them the king’s son.|Retain the named guard group and covenant before revealing the heir.
11:5|He commanded them, “This is what you must do: One third of you coming on duty on the Sabbath will guard the palace,|Keep the first division and Sabbath change of duty.
11:6|one third will be at the Sur Gate, and one third at the gate behind the guards. Keep a close watch over the palace.|Preserve the three posts and leave the difficult final term to a note.
11:7|The other two divisions of you, all those going off duty on the Sabbath, must guard the LORD’s house around the king.|Distinguish off-duty divisions from the preceding incoming guards.
11:8|Surround the king, each man with his weapons in hand. Anyone who breaks through the ranks must be killed. Stay with the king wherever he goes.”|Retain the lethal perimeter instruction and continuous protection.
11:9|The commanders of hundreds did everything Jehoiada the priest commanded. Each brought his men, those coming on duty on the Sabbath and those going off duty, to Jehoiada the priest.|Repeat both shifts in the execution of the order.
11:10|The priest gave the commanders of hundreds the spear and shields that had belonged to King David and were kept in the LORD’s house.|Keep the singular spear and Davidic provenance.
11:11|The guards stood, each with his weapons in hand, from the south side of the house to its north side, around the altar and the house, surrounding the king.|Render right and left by the temple’s orientation while retaining the protective arrangement.
11:12|Jehoiada brought out the king’s son, placed the crown on him, and gave him the covenant testimony. They made him king and anointed him, clapping their hands and calling, “Long live the king!”|Preserve testimony as a distinct coronation object without specifying an unsupported document.
11:13|Athaliah heard the noise of the guards and the people and came to the people at the LORD’s house.|Keep the sound that draws her into the scene.
11:14|She looked, and there was the king standing by the pillar, as was customary. The commanders and trumpeters were beside him, and all the people of the land were rejoicing and blowing trumpets. Athaliah tore her clothes and cried, “Conspiracy! Conspiracy!”|Retain the customary pillar location and doubled cry.
11:15|Jehoiada the priest ordered the commanders of hundreds in charge of the army, “Bring her out between the ranks. Kill anyone who follows her with the sword.” For the priest had said, “She must not be killed in the LORD’s house.”|Keep both the killing order and the restriction on its location.
11:16|They seized her and took her by the horses’ entrance to the palace, and she was killed there.|Keep the route and execution place without importing another account.
11:17|Jehoiada made a covenant between the LORD, the king, and the people, that they would be the LORD’s people. He also made a covenant between the king and the people.|Make the two covenant relationships understandable.
11:18|All the people of the land went to Baal’s temple and tore it down. They smashed its altars and images to pieces and killed Mattan, Baal’s priest, in front of the altars. Then the priest appointed guards over the LORD’s house.|Preserve destruction and killing alongside the new guard arrangements.
11:19|He took the commanders of hundreds, the Carites, the guards, and all the people of the land, and they brought the king down from the LORD’s house. They entered the palace through the Guards’ Gate, and he sat on the royal throne.|Retain all participating groups and the route to enthronement.
11:20|All the people of the land rejoiced, and the city was quiet. Athaliah had been put to death by the sword at the palace.|Keep the concluding contrast without moralizing the quiet.
11:21|Joash was seven years old when he became king.|Bind public 11:21 to original Hebrew 12:1.
12:1|Joash became king in Jehu’s seventh year and reigned in Jerusalem for forty years. His mother’s name was Zibiah, from Beer-sheba.|Retain accession, duration, mother, and origin under public numbering.
12:2|Joash did what was right in the LORD’s eyes throughout the time Jehoiada the priest instructed him.|Preserve the relationship between instruction and conduct without importing later Chronicles events.
12:3|Yet the high places were not removed. The people still sacrificed and burned offerings there.|Keep the qualification to the favorable judgment.
12:4|Joash said to the priests, “All the money brought into the LORD’s house as sacred gifts—the money collected from those counted, the money from personal assessments, and all the money anyone’s heart prompts them to bring to the LORD’s house—|Retain three revenue categories while noting uncertainty in the first expression.
12:5|the priests are to receive, each from his acquaintances. They must repair the house wherever damage is found.”|Keep the personal collection arrangement and comprehensive repairs.
12:6|But by King Joash’s twenty-third year, the priests had still not repaired the damage to the house.|Retain the long delay without alleging unspoken theft.
12:7|So King Joash called Jehoiada the priest and the other priests and asked, “Why aren’t you repairing the damage to the house? From now on, stop taking money from your acquaintances. Hand it over for the repairs.”|Keep the rebuke and change in financial arrangements.
12:8|The priests agreed not to take any more money from the people and not to be responsible for repairing the house.|Preserve both parts of the agreement.
12:9|Jehoiada the priest took a chest, bored a hole in its lid, and placed it beside the altar, on the right as one entered the LORD’s house. The priests guarding the threshold put into it all the money brought to the LORD’s house.|Retain the chest’s construction, position, and collecting officials.
12:10|Whenever they saw that there was a great deal of money in the chest, the king’s secretary and the high priest came up, bagged it, and counted the money found in the LORD’s house.|Keep the joint oversight and the source’s sequence of actions.
12:11|They gave the weighed money to those supervising the work on the LORD’s house. These paid it out to the carpenters and builders working on the house,|Retain weighed money rather than modern coinage or accounting totals.
12:12|to the masons and stonecutters, and for timber and dressed stone to repair the LORD’s house, as well as every other expense of the repairs.|Preserve trades, materials, and other repair costs.
12:13|But none of the money brought into the LORD’s house was used to make silver basins, snuffers, bowls, trumpets, or any gold or silver utensils for the house.|Keep the full excluded utensil list.
12:14|Instead, they gave it to the workers and used it to repair the LORD’s house.|Retain the repeated priority of repairs.
12:15|No accounting was required from the men entrusted with paying the workers, because they acted faithfully.|Keep the stated reason without making it a general financial rule.
12:16|Money from guilt offerings and sin offerings was not brought into the LORD’s house; it belonged to the priests.|Distinguish the two offering revenues from the repair funds.
12:17|Then Hazael king of Aram came up, fought against Gath, and captured it. He turned his attention toward attacking Jerusalem.|Keep Gath’s capture before the threat to Jerusalem.
12:18|Joash king of Judah took all the sacred gifts dedicated by his ancestors Jehoshaphat, Jehoram, and Ahaziah, kings of Judah, along with his own sacred gifts and all the gold found in the treasuries of the LORD’s house and the palace. He sent them to Hazael king of Aram, who withdrew from Jerusalem.|Preserve all named predecessors and both treasuries.
12:19|The rest of Joash’s acts and everything he did are written in the annals of the kings of Judah.|Retain the royal source notice.
12:20|His servants rose up, formed a conspiracy, and struck Joash down at Beth-millo, on the way down to Silla.|Keep the place names and avoid substituting Chronicles’ account.
12:21|His servants Jozabad son of Shimeath and Jehozabad son of Shomer struck him, and he died. They buried him with his ancestors in the City of David. His son Amaziah became king in his place.|Follow the pinned name Jozabad rather than silently importing Jozacar.
13:1|In the twenty-third year of Joash son of Ahaziah, king of Judah, Jehoahaz son of Jehu became king over Israel in Samaria. He reigned for seventeen years.|Keep both kingdoms’ rulers distinct and retain both year counts.
13:2|He did what was evil in the LORD’s eyes and followed the sins of Jeroboam son of Nebat, which he had caused Israel to commit. He did not turn away from them.|Preserve the repeated pattern of inherited royal sin.
13:3|The LORD’s anger burned against Israel, and he kept giving them into the hands of Hazael king of Aram and Ben-hadad son of Hazael.|Retain divine agency and successive Aramean rulers.
13:4|Then Jehoahaz sought the LORD’s favor, and the LORD listened to him, for he saw how the king of Aram was oppressing Israel.|Keep seeing oppression as the stated reason for listening.
13:5|The LORD gave Israel a deliverer, and they escaped Aram’s power. The Israelites lived in their tents as they had before.|Leave the deliverer unnamed and preserve tents rather than modernizing the image away.
13:6|Yet they did not turn away from the sins of Jeroboam’s house, which he had caused Israel to commit. They continued in them, and the Asherah also remained standing in Samaria.|Retain ongoing sin beside rescue and the singular cult object.
13:7|Jehoahaz was left with only fifty horsemen, ten chariots, and ten thousand foot soldiers. The king of Aram had destroyed the rest, making them like dust at threshing.|Preserve all force totals and the threshing image.
13:8|The rest of Jehoahaz’s acts, everything he did, and his might are written in the annals of the kings of Israel.|Keep all categories in the source notice.
13:9|Jehoahaz rested with his ancestors, and they buried him in Samaria. His son Joash became king in his place.|Retain burial and succession.
13:10|In the thirty-seventh year of Joash king of Judah, Jehoash son of Jehoahaz became king over Israel in Samaria. He reigned for sixteen years.|Keep the source’s longer name form and both chronological figures.
13:11|He did what was evil in the LORD’s eyes. He did not turn away from any of the sins of Jeroboam son of Nebat, which he had caused Israel to commit, but continued in them.|Retain the comprehensive negative judgment.
13:12|The rest of Joash’s acts, everything he did, and his might in fighting Amaziah king of Judah are written in the annals of the kings of Israel.|Keep the specific opponent in the source notice.
13:13|Joash rested with his ancestors, and Jeroboam sat on his throne. Joash was buried in Samaria with the kings of Israel.|Retain succession before burial as narrated.
13:14|When Elisha was suffering from the illness that would kill him, Joash king of Israel came down to him and wept over him. “My father, my father!” he said. “Israel’s chariot and its horsemen!”|Repeat the chariot cry linking Elisha’s death to Elijah’s departure.
13:15|Elisha said to him, “Take a bow and arrows.” So he took a bow and arrows.|Preserve instruction and response.
13:16|He told the king of Israel, “Put your hand on the bow.” When he did, Elisha laid his hands on the king’s hands.|Keep the hands-on-hands action without explaining its mechanism.
13:17|“Open the window toward the east,” he said, and the king opened it. Elisha said, “Shoot!” He shot. Then Elisha said, “The LORD’s arrow of victory, an arrow of victory over Aram! You will strike Aram at Aphek until you have finished them.”|Retain direction, place, and doubled victory interpretation.
13:18|Then he said, “Take the arrows.” He took them. Elisha told the king of Israel, “Strike the ground.” He struck three times and stopped.|Preserve the three strikes without deciding whether arrows were shot or struck by hand.
13:19|The man of God was angry with him. “You should have struck five or six times!” he said. “Then you would have struck Aram until you had finished them. Now you will strike Aram only three times.”|Keep the unannounced numerical expectation and limited outcome.
13:20|Elisha died, and they buried him. Moabite raiding bands used to enter the land at the turn of the year.|Retain the seasonal expression without supplying an exact month.
13:21|Once, while people were burying a man, they saw a raiding band. They threw the man into Elisha’s tomb. When his body touched Elisha’s bones, he came to life and stood on his feet.|Preserve the accidental contact and bodily restoration without doctrinal additions.
13:22|Hazael king of Aram oppressed Israel throughout Jehoahaz’s reign.|Keep the full duration of oppression.
13:23|But the LORD was gracious to them, had compassion on them, and turned toward them because of his covenant with Abraham, Isaac, and Jacob. He was unwilling to destroy them, and until then he had not cast them out of his presence.|Preserve the three patriarchs and the temporal qualification until then.
13:24|Hazael king of Aram died, and his son Ben-hadad became king in his place.|Keep the Aramean succession.
13:25|Jehoash son of Jehoahaz took back from Ben-hadad son of Hazael the towns Hazael had taken from his father Jehoahaz in war. Joash defeated him three times and recovered Israel’s towns.|Keep the three victories as fulfillment of the arrow sign.
14:1|In the second year of Joash son of Joahaz, king of Israel, Amaziah son of Joash became king of Judah.|Keep the source’s shortened Joahaz and distinguish the two Joashes.
14:2|He was twenty-five years old when he became king, and he reigned in Jerusalem for twenty-nine years. His mother’s name was Jehoaddan, from Jerusalem.|Follow the read form of the mother’s name and retain both ages.
14:3|He did what was right in the LORD’s eyes, though not like his ancestor David. He did everything as his father Joash had done.|Distinguish David as ancestor from the immediate father.
14:4|Yet the high places were not removed. The people still sacrificed and burned offerings there.|Repeat the recurring qualification consistently.
14:5|Once the kingdom was secure in his hands, he struck down the servants who had killed his father the king.|Retain the timing of the executions.
14:6|But he did not put the killers’ sons to death, in keeping with what is written in the Book of Moses’ Instruction, where the LORD commanded: “Fathers must not be put to death for their children, nor children for their fathers. Each must be put to death for their own sin.”|Preserve the quoted individual-liability rule and its Torah attribution.
14:7|He struck down ten thousand Edomites in the Valley of Salt and captured Sela in battle. He named it Joktheel, the name it bears to this day.|Keep the casualty count and renamed place.
14:8|Then Amaziah sent messengers to Jehoash son of Jehoahaz, son of Jehu, king of Israel: “Come, let us meet face to face.”|Retain the face-to-face challenge and full lineage.
14:9|Jehoash king of Israel sent this reply to Amaziah king of Judah: “A thistle in Lebanon sent word to a cedar in Lebanon, ‘Give your daughter to my son as his wife.’ Then a wild animal in Lebanon passed by and trampled the thistle.|Preserve the entire fable and repeated Lebanon setting.
14:10|You have indeed defeated Edom, and your heart has lifted you up. Enjoy your glory and stay home. Why stir up trouble and bring yourself down, and Judah with you?”|Keep the heart image and threat to the wider kingdom.
14:11|But Amaziah would not listen. Jehoash king of Israel advanced, and he and Amaziah king of Judah met face to face at Beth-shemesh in Judah.|Repeat face to face as the challenge becomes battle.
14:12|Judah was defeated by Israel, and everyone fled to his tents.|Retain the tents idiom.
14:13|At Beth-shemesh, Jehoash king of Israel captured Amaziah king of Judah, son of Jehoash, son of Ahaziah. He came to Jerusalem and broke down four hundred cubits of its wall, from the Ephraim Gate to the Corner Gate.|Retain the lineage, gates, and ancient measurement.
14:14|He took all the gold and silver, all the utensils found in the LORD’s house and in the palace treasuries, and hostages. Then he returned to Samaria.|Keep hostages distinct from the plunder.
14:15|The rest of Jehoash’s acts, his might, and his war with Amaziah king of Judah are written in the annals of the kings of Israel.|Preserve the specific war in the source notice.
14:16|Jehoash rested with his ancestors and was buried in Samaria with the kings of Israel. His son Jeroboam became king in his place.|Keep burial and succession.
14:17|Amaziah son of Joash, king of Judah, lived fifteen years after the death of Jehoash son of Jehoahaz, king of Israel.|Retain the relative chronology without calculating an unsupported date.
14:18|The rest of Amaziah’s acts are written in the annals of the kings of Judah.|Keep the shorter source notice.
14:19|A conspiracy formed against him in Jerusalem, and he fled to Lachish. They sent men after him to Lachish and killed him there.|Keep the pursuit and repeated refuge location.
14:20|They brought him back on horses, and he was buried in Jerusalem with his ancestors in the City of David.|Retain transport by horses and burial location.
14:21|All the people of Judah took Azariah, who was sixteen years old, and made him king in place of his father Amaziah.|Preserve the people’s agency and the young king’s age.
14:22|He rebuilt Elath and restored it to Judah after the king had rested with his ancestors.|Retain the temporal notice without inserting a regnal calculation.
14:23|In the fifteenth year of Amaziah son of Joash, king of Judah, Jeroboam son of Joash became king of Israel in Samaria. He reigned for forty-one years.|Keep the accession year and lengthy reign.
14:24|He did what was evil in the LORD’s eyes. He did not turn away from any of the sins of Jeroboam son of Nebat, which he had caused Israel to commit.|Distinguish this Jeroboam from his earlier namesake by patronymic.
14:25|He restored Israel’s border from Lebo-hamath to the Sea of the Arabah, according to the word of the LORD, the God of Israel, spoken through his servant Jonah son of Amittai, the prophet from Gath-hepher.|Preserve the borders and Jonah’s full identification.
14:26|For the LORD saw that Israel’s suffering was very bitter. There was no one left, bound or free, and no one to help Israel.|Keep the paired social expression and absence of help.
14:27|The LORD had not said that he would blot out Israel’s name from under heaven. So he saved them through Jeroboam son of Joash.|Preserve rescue through a negatively evaluated king.
14:28|The rest of Jeroboam’s acts, everything he did, his military might, and how he recovered for Israel Damascus and Hamath, which had belonged to Judah, are written in the annals of the kings of Israel.|Keep the difficult Judah/Israel clause and its uncertainty noted; place the relative clause next to Damascus and Hamath to avoid assigning it to Israel.
14:29|Jeroboam rested with his ancestors, with the kings of Israel. His son Zechariah became king in his place.|Keep the dynastic succession without adding a burial location.
15:1|In the twenty-seventh year of Jeroboam king of Israel, Azariah son of Amaziah became king of Judah.|Retain the source’s synchronism.
15:2|He was sixteen years old when he became king, and he reigned in Jerusalem for fifty-two years. His mother’s name was Jecoliah, from Jerusalem.|Keep age, duration, and maternal identity.
15:3|He did what was right in the LORD’s eyes, just as his father Amaziah had done.|Retain the limited ancestral comparison.
15:4|Yet the high places were not removed. The people still sacrificed and burned offerings there.|Maintain the recurring high-place refrain.
15:5|The LORD struck the king with a skin disease that lasted until his death. He lived in a separate house, while Jotham the king’s son managed the palace and governed the people of the land.|Preserve divine agency without importing Chronicles’ explanation.
15:6|The rest of Azariah’s acts and everything he did are written in the annals of the kings of Judah.|Keep the source notice.
15:7|Azariah rested with his ancestors, and they buried him with them in the City of David. His son Jotham became king in his place.|Retain the burial account as Kings gives it.
15:8|In the thirty-eighth year of Azariah king of Judah, Zechariah son of Jeroboam became king over Israel in Samaria. He reigned for six months.|Keep the short reign and accession year.
15:9|He did what was evil in the LORD’s eyes, as his ancestors had done. He did not turn away from the sins of Jeroboam son of Nebat, which he had caused Israel to commit.|Preserve the recurring judgment.
15:10|Shallum son of Jabesh conspired against him, struck him down in front of the people, killed him, and became king in his place.|Render the difficult public-location phrase without inventing a place name.
15:11|The rest of Zechariah’s acts are written in the annals of the kings of Israel.|Keep the concise record notice.
15:12|This fulfilled the LORD’s word to Jehu: “Your sons will sit on Israel’s throne to the fourth generation.” And so it happened.|Repeat the exact generation promise from 10:30.
15:13|Shallum son of Jabesh became king in the thirty-ninth year of Uzziah king of Judah. He reigned in Samaria for one month.|Retain the source’s alternate name Uzziah and one-month reign.
15:14|Menahem son of Gadi came up from Tirzah to Samaria, struck down Shallum son of Jabesh there, killed him, and became king in his place.|Keep the origin and sequence of the coup.
15:15|The rest of Shallum’s acts and the conspiracy he formed are written in the annals of the kings of Israel.|Retain the conspiracy in the notice.
15:16|Then Menahem attacked Tiphsah, everyone in it, and its surrounding territory, setting out from Tirzah. Because it had not opened its gates to him, he struck it and ripped open all its pregnant women.|Preserve Tiphsah and the atrocity without emendation or euphemism.
15:17|In the thirty-ninth year of Azariah king of Judah, Menahem son of Gadi became king over Israel. He reigned in Samaria for ten years.|Retain both chronological figures.
15:18|He did what was evil in the LORD’s eyes. Throughout his life he did not turn away from the sins of Jeroboam son of Nebat, which he had caused Israel to commit.|Keep the lifetime qualification.
15:19|Pul king of Assyria invaded the land. Menahem gave Pul a thousand talents of silver to gain his support and secure the kingdom in his own hands.|Retain the source’s royal name and payment amount.
15:20|Menahem raised the money from Israel, requiring each wealthy man to pay fifty shekels of silver for the king of Assyria. Then Assyria’s king withdrew and did not stay in the land.|Preserve the individual levy and withdrawal.
15:21|The rest of Menahem’s acts and everything he did are written in the annals of the kings of Israel.|Keep the source notice.
15:22|Menahem rested with his ancestors. His son Pekahiah became king in his place.|Retain succession without adding a burial place.
15:23|In the fiftieth year of Azariah king of Judah, Pekahiah son of Menahem became king over Israel in Samaria. He reigned for two years.|Keep the synchronism and two-year reign.
15:24|He did what was evil in the LORD’s eyes. He did not turn away from the sins of Jeroboam son of Nebat, which he had caused Israel to commit.|Maintain the repeated evaluation.
15:25|His officer Pekah son of Remaliah conspired against him. With fifty men of Gilead, he struck him down in the citadel of the palace in Samaria, along with Argob and Arieh. He killed him and became king in his place.|Retain both otherwise unexplained names and the fifty supporters.
15:26|The rest of Pekahiah’s acts and everything he did are written in the annals of the kings of Israel.|Keep the record notice.
15:27|In the fifty-second year of Azariah king of Judah, Pekah son of Remaliah became king over Israel in Samaria. He reigned for twenty years.|Retain the source’s twenty-year duration.
15:28|He did what was evil in the LORD’s eyes. He did not turn away from the sins of Jeroboam son of Nebat, which he had caused Israel to commit.|Keep the familiar judgment language.
15:29|In the days of Pekah king of Israel, Tiglath-pileser king of Assyria came and captured Ijon, Abel-beth-maacah, Janoah, Kedesh, Hazor, Gilead, and Galilee—all the land of Naphtali. He deported the people to Assyria.|Preserve every conquered place and forced displacement.
15:30|Hoshea son of Elah formed a conspiracy against Pekah son of Remaliah, struck him down, killed him, and became king in his place, in the twentieth year of Jotham son of Uzziah.|Keep twentieth year despite Jotham’s sixteen-year reign notice.
15:31|The rest of Pekah’s acts and everything he did are written in the annals of the kings of Israel.|Retain the source notice.
15:32|In the second year of Pekah son of Remaliah, king of Israel, Jotham son of Uzziah became king of Judah.|Keep both kings and the accession year.
15:33|He was twenty-five years old when he became king, and he reigned in Jerusalem for sixteen years. His mother’s name was Jerusha, daughter of Zadok.|Retain age, duration, and maternal grandfather.
15:34|He did what was right in the LORD’s eyes, doing everything as his father Uzziah had done.|Keep the father comparison without generalizing it.
15:35|Yet the high places were not removed. The people still sacrificed and burned offerings there. He built the Upper Gate of the LORD’s house.|Retain both cultic qualification and building achievement.
15:36|The rest of Jotham’s acts are written in the annals of the kings of Judah.|Keep the source notice.
15:37|In those days the LORD began sending Rezin king of Aram and Pekah son of Remaliah against Judah.|Preserve divine agency in the approaching invasion.
15:38|Jotham rested with his ancestors and was buried with them in the City of David his ancestor. His son Ahaz became king in his place.|Clarify David’s ancestral relationship.
16:1|In the seventeenth year of Pekah son of Remaliah, Ahaz son of Jotham became king of Judah.|Retain the regnal synchronism.
16:2|Ahaz was twenty years old when he became king, and he reigned in Jerusalem for sixteen years. He did not do what was right in the eyes of the LORD his God, as his ancestor David had done.|Keep age and duration beside the adverse comparison.
16:3|He followed the way of Israel’s kings. He even made his son pass through the fire, following the abhorrent practices of the nations the LORD had driven out before the Israelites.|Preserve the fire rite and its seriousness; explain sacrificial context in a note.
16:4|He sacrificed and burned offerings at the high places, on the hills, and under every leafy tree.|Keep all three settings.
16:5|Then Rezin king of Aram and Pekah son of Remaliah, king of Israel, came up to wage war on Jerusalem. They besieged Ahaz but could not overcome him.|Retain the unsuccessful joint siege.
16:6|At that time Rezin king of Aram recovered Elath for Aram and drove the Judeans out of Elath. Edomites came to Elath and have lived there to this day.|Keep Aram in the main text and Edomites from the read variant without harmonizing them.
16:7|Ahaz sent messengers to Tiglath-pileser king of Assyria: “I am your servant and your son. Come up and save me from the king of Aram and the king of Israel, who are attacking me.”|Preserve the submissive servant-and-son address.
16:8|Ahaz took the silver and gold found in the LORD’s house and the palace treasuries and sent them as a bribe to the king of Assyria.|Retain the source’s morally charged bribe term.
16:9|The king of Assyria listened to him. He marched against Damascus, captured it, deported its people to Kir, and killed Rezin.|Keep the destination of deportation and royal killing.
16:10|King Ahaz went to Damascus to meet Tiglath-pileser king of Assyria. When he saw the altar in Damascus, he sent Uriah the priest a likeness of the altar and detailed plans for its construction.|Retain both visual likeness and construction pattern.
16:11|Uriah the priest built the altar according to everything King Ahaz had sent from Damascus. He finished it before King Ahaz returned.|Keep the priest’s compliance and deadline.
16:12|When the king returned from Damascus and saw the altar, he approached it and offered on it.|Retain royal participation without specifying an unmentioned offering here.
16:13|He burned his burnt offering and grain offering, poured out his drink offering, and dashed the blood of his well-being offerings against the altar.|Preserve all four offering categories and blood action.
16:14|He moved the bronze altar that stood before the LORD from the front of the house, from between the new altar and the LORD’s house, and put it on the north side of the new altar.|Make the two altars distinguishable while retaining the layout change.
16:15|King Ahaz commanded Uriah the priest, “On the large altar burn the morning burnt offering, the evening grain offering, the king’s burnt offering and grain offering, and the burnt offerings, grain offerings, and drink offerings of all the people of the land. Dash against it all the blood from burnt offerings and sacrifices. The bronze altar will be for me to inquire by.”|Retain the full schedule and the consequential ambiguous purpose of the old altar.
16:16|Uriah the priest did everything King Ahaz commanded.|Preserve the unqualified compliance statement.
16:17|King Ahaz cut away the side panels of the stands and removed the basins from them. He took the Sea down from the bronze oxen beneath it and set it on a stone pavement.|Retain the temple furnishings’ concrete dismantling.
16:18|Because of the king of Assyria, he altered the covered Sabbath passage built at the house and the king’s outer entrance to the LORD’s house.|Keep the stated political cause while noting uncertainty in the architectural wording.
16:19|The rest of Ahaz’s acts are written in the annals of the kings of Judah.|Retain the source notice.
16:20|Ahaz rested with his ancestors and was buried with them in the City of David. His son Hezekiah became king in his place.|Keep the burial and succession as Kings reports them.
17:1|In the twelfth year of Ahaz king of Judah, Hoshea son of Elah became king over Israel in Samaria. He reigned for nine years.|Keep the accession year and final northern reign’s duration.
17:2|He did what was evil in the LORD’s eyes, though not like the kings of Israel before him.|Preserve the unusual qualification of the adverse judgment.
17:3|Shalmaneser king of Assyria marched against him. Hoshea became his servant and paid him tribute.|Retain the vassal relationship and payment.
17:4|But Assyria’s king discovered a conspiracy in Hoshea: he had sent messengers to So king of Egypt and had stopped paying his yearly tribute to Assyria. So Assyria’s king arrested him and confined him in prison.|Keep So without unsupported historical identification and retain both grounds for arrest.
17:5|The king of Assyria invaded the whole land, advanced on Samaria, and besieged it for three years.|Retain the extent and duration of the attack.
17:6|In Hoshea’s ninth year, the king of Assyria captured Samaria and deported Israel to Assyria. He settled them in Halah, along the Habor, the river of Gozan, and in the cities of Media.|Keep the king unnamed here and preserve all exile destinations.
17:7|This happened because the Israelites had sinned against the LORD their God, who had brought them up from Egypt, out from under the power of Pharaoh king of Egypt. They had feared other gods|Retain the narrator’s causal explanation and exodus foundation.
17:8|and followed the practices of the nations the LORD had driven out before them, as well as those introduced by Israel’s kings.|Keep both foreign and royal sources of the practices.
17:9|The Israelites secretly did things against the LORD their God that were not right. They built high places in all their settlements, from watchtower to fortified city.|Preserve the secrecy reading and the settlement-range image.
17:10|They set up sacred pillars and Asherah poles on every high hill and under every leafy tree.|Keep the recurring cult objects and locations.
17:11|At every high place they burned offerings, like the nations the LORD had driven away before them. They did evil things that provoked the LORD to anger.|Preserve the comparison and provocation.
17:12|They served idols, though the LORD had told them, “You must not do this.”|Retain the direct prohibition.
17:13|The LORD warned Israel and Judah through every prophet and seer: “Turn from your evil ways. Keep my commandments and decrees, following all the instruction I commanded your ancestors and sent to you through my servants the prophets.”|Keep both kingdoms, prophetic titles, and the repeated transmission of instruction.
17:14|But they would not listen. They stiffened their necks like their ancestors, who had not trusted the LORD their God.|Preserve the bodily image and link to trust.
17:15|They rejected his decrees, the covenant he had made with their ancestors, and the warnings he had given them. They followed what was empty and became empty themselves. They followed the surrounding nations, though the LORD had commanded them not to act as those nations did.|Retain the emptiness wordplay and all rejected obligations.
17:16|They abandoned all the commandments of the LORD their God. They made two cast-metal calves and an Asherah, bowed to all the army of heaven, and served Baal.|Keep the count, material, and heavenly-army image.
17:17|They made their sons and daughters pass through the fire, practiced divination and read omens, and sold themselves to do what was evil in the LORD’s eyes, provoking him to anger.|Preserve both genders and the self-sale image.
17:18|The LORD was very angry with Israel and removed them from his presence. Only the tribe of Judah remained.|Keep the narrator’s totalizing statement without historical correction.
17:19|But Judah too failed to keep the commandments of the LORD their God. They followed the practices Israel had introduced.|Retain the immediate qualification concerning Judah.
17:20|The LORD rejected all Israel’s descendants, afflicted them, and handed them over to plunderers until he cast them out of his presence.|Preserve the sequence and repeated presence language.
17:21|When he tore Israel away from David’s house, they made Jeroboam son of Nebat king. Jeroboam drove Israel away from following the LORD and led them into great sin.|Keep divine tearing and Jeroboam’s subsequent agency distinct.
17:22|The Israelites followed all the sins Jeroboam committed and did not turn away from them,|Retain continuation into the next verse.
17:23|until the LORD removed Israel from his presence, as he had said through all his servants the prophets. Israel was deported from its own land to Assyria, where they remain to this day.|Keep the prophetic warning’s fulfillment and narrator’s time horizon.
17:24|The king of Assyria brought people from Babylon, Cuthah, Avva, Hamath, and Sepharvaim and settled them in Samaria’s towns in place of the Israelites. They took possession of Samaria and lived in its towns.|Preserve all five origins and the imposed resettlement.
17:25|When they first settled there, they did not fear the LORD. So the LORD sent lions among them, and the lions killed some of them.|Retain divine agency and actual deaths.
17:26|The king of Assyria was told, “The nations you deported and settled in Samaria’s towns do not know the requirements of the god of the land. He has sent lions among them, and the lions are killing them because they do not know the requirements of the god of the land.”|Keep the repeated explanation inside the reported speech.
17:27|The king of Assyria commanded, “Send back one of the priests you deported from there. Let them go and settle there, and let him teach them the requirements of the god of the land.”|Preserve the source’s plural departure with singular teaching priest.
17:28|So one of the priests deported from Samaria came and settled in Bethel. He taught them how to fear the LORD.|Keep Bethel as the teaching location without editorial correction.
17:29|Yet each nation made its own gods and put them in the shrines at the high places the people of Samaria had built, each nation in the towns where it lived.|Retain the repeated nation-by-nation arrangement.
17:30|The people of Babylon made Succoth-benoth; the people of Cuth made Nergal; the people of Hamath made Ashima.|Preserve all three people-deity pairings.
17:31|The Avvites made Nibhaz and Tartak. The Sepharvites burned their children in the fire to Adrammelech and Anammelech, the gods of Sepharvaim.|Keep the named gods and explicit child burning.
17:32|They also feared the LORD and appointed people from among themselves as priests of the high places, who served for them in those shrines.|Keep the mixed worship description without inserting truly or supposedly.
17:33|They feared the LORD, yet served their own gods according to the customs of the nations from which they had been deported.|Preserve both predicates despite the next verse’s contrasting assessment.
17:34|To this day they continue their former practices. They do not fear the LORD or follow the decrees, judgments, instruction, and commandment the LORD gave the descendants of Jacob, whom he named Israel.|Retain the shift in evaluation rather than smoothing away the tension.
17:35|The LORD made a covenant with them and commanded them, “You must not fear other gods, bow to them, serve them, or sacrifice to them.|Preserve the four prohibited acts.
17:36|You must fear the LORD, who brought you up from Egypt with great power and an outstretched arm. Bow to him and sacrifice to him.|Keep the exodus and bodily image.
17:37|Always be careful to carry out the decrees, judgments, instruction, and commandment he wrote for you. Do not fear other gods.|Retain the full instruction list and repeated prohibition.
17:38|Do not forget the covenant I made with you. Do not fear other gods.|Keep the first-person shift and repetition.
17:39|Fear the LORD your God, and he will rescue you from the hands of all your enemies.”|Retain the promise’s scope.
17:40|But they would not listen. They continued their former practices.|Keep the refusal and ongoing behavior.
17:41|So these nations feared the LORD while also serving their carved images. Their children and grandchildren still do as their ancestors did, to this day.|Preserve the closing mixed-worship description and generational continuity.
18:1|In the third year of Hoshea son of Elah, king of Israel, Hezekiah son of Ahaz became king of Judah.|Retain the synchronism.
18:2|He was twenty-five years old when he became king, and he reigned in Jerusalem for twenty-nine years. His mother’s name was Abi, daughter of Zechariah.|Keep the source’s shorter maternal name and both numerical notices.
18:3|He did what was right in the LORD’s eyes, just as his ancestor David had done.|Retain the unqualified David comparison.
18:4|He removed the high places, smashed the sacred pillars, and cut down the Asherah. He broke up the bronze serpent Moses had made, because until then the Israelites had been burning offerings to it. It was called Nehushtan.|Keep the Mosaic object’s destruction and its stated cause; note the naming subject’s ambiguity.
18:5|He trusted in the LORD, the God of Israel. None of Judah’s kings after him was like him, nor any of those before him.|Preserve the exceptional claim in its trust context.
18:6|He held fast to the LORD and did not stop following him. He kept the commandments the LORD had given Moses.|Retain holding fast and Mosaic instruction.
18:7|The LORD was with him, and he succeeded wherever he went. He rebelled against the king of Assyria and refused to serve him.|Keep success and rebellion together without adding an endorsement formula.
18:8|He struck the Philistines as far as Gaza and its territory, from watchtower to fortified city.|Repeat the territorial range image.
18:9|In King Hezekiah’s fourth year, which was the seventh year of Hoshea son of Elah, king of Israel, Shalmaneser king of Assyria advanced on Samaria and besieged it.|Keep both synchronized year counts.
18:10|They captured it at the end of three years. Samaria fell in Hezekiah’s sixth year, which was Hoshea king of Israel’s ninth year.|Retain inclusive chronology as stated.
18:11|The king of Assyria deported Israel to Assyria and settled them in Halah, along the Habor, the river of Gozan, and in the cities of Media.|Repeat the exile destinations consistently with 17:6.
18:12|This was because they had not listened to the LORD their God but had broken his covenant—everything Moses the LORD’s servant commanded. They neither listened nor acted.|Preserve the doubled failure to hear and do.
18:13|In King Hezekiah’s fourteenth year, Sennacherib king of Assyria attacked all Judah’s fortified cities and captured them.|Keep the named invading king and scope.
18:14|Hezekiah king of Judah sent word to the king of Assyria at Lachish: “I have done wrong. Withdraw from me, and I will bear whatever you impose.” Assyria’s king imposed on Hezekiah king of Judah three hundred talents of silver and thirty talents of gold.|Retain the submission and both tribute amounts.
18:15|Hezekiah gave him all the silver found in the LORD’s house and the palace treasuries.|Keep both sources of silver.
18:16|At that time Hezekiah stripped the doors of the LORD’s temple and the doorposts he had overlaid with gold, and gave the gold to the king of Assyria.|Make the removed overlay intelligible without suggesting the doors themselves were shipped.
18:17|The king of Assyria sent the Tartan, the Rab-saris, and the Rab-shakeh from Lachish with a large army to King Hezekiah at Jerusalem. They came up to Jerusalem and took their stand by the channel of the upper pool, on the road to the Washer’s Field.|Retain the three official titles with vocabulary support and the precise setting.
18:18|They called for the king. Eliakim son of Hilkiah, the palace administrator, Shebnah the secretary, and Joah son of Asaph, the recorder, came out to them.|Keep the three Judean officials and roles.
18:19|The Rab-shakeh said to them, “Tell Hezekiah: ‘This is what the great king, the king of Assyria, says: What is this confidence you have?|Preserve the imperial title and recurring confidence theme.
18:20|You say you have strategy and strength for war—but that is only talk. On whom are you relying, that you have rebelled against me?|Keep the challenge as the Assyrian king’s speech.
18:21|Look! You are relying on Egypt, that splintered reed of a staff. If anyone leans on it, it pierces his hand. That is what Pharaoh king of Egypt is like for everyone who relies on him.|Preserve the full injury image.
18:22|But if you tell me, “We rely on the LORD our God,” isn’t he the one whose high places and altars Hezekiah removed, telling Judah and Jerusalem, “You must bow before this altar in Jerusalem”?|Keep the envoy’s interpretation of the reform distinct from the narrator’s.
18:23|Now make a wager with my master, the king of Assyria. I will give you two thousand horses—if you can find riders for them!|Retain the numerical taunt and condition.
18:24|How could you turn back even one governor, one of my master’s least servants, when you rely on Egypt for chariots and horsemen?|Keep the comparison of military weakness.
18:25|And have I come to destroy this place without the LORD? The LORD told me, “Go up against this land and destroy it.”’”|Preserve the claimed divine commission as speech without confirming it.
18:26|Eliakim son of Hilkiah, Shebnah, and Joah said to the Rab-shakeh, “Please speak to your servants in Aramaic; we understand it. Don’t speak to us in Judean within hearing of the people on the wall.”|Retain the two language names and reason for the request.
18:27|But the Rab-shakeh answered, “Did my master send me to say these things only to your master and you? Didn’t he send me to the men sitting on the wall, who will have to eat their own excrement and drink their own urine along with you?”|Keep the bodily siege threat without euphemizing its substance.
18:28|Then the Rab-shakeh stood and shouted in Judean, “Hear the word of the great king, the king of Assyria!|Retain the deliberate public-language choice.
18:29|This is what the king says: Don’t let Hezekiah deceive you. He cannot rescue you from the king’s hand.|Clarify the third-person royal referent without changing the threat.
18:30|Don’t let Hezekiah make you rely on the LORD by saying, ‘The LORD will certainly rescue us. This city will not be handed over to the king of Assyria.’|Preserve the repeated trust-and-rescue challenge.
18:31|Don’t listen to Hezekiah. This is what the king of Assyria says: Make peace with me and come out to me. Then each of you can eat from your own vine and fig tree and drink water from your own cistern,|Keep the concrete promise of familiar prosperity.
18:32|until I come and take you to a land like your own—a land of grain and new wine, bread and vineyards, olive oil and honey. Live, and do not die! Don’t listen to Hezekiah when he misleads you by saying, ‘The LORD will rescue us.’|Retain deportation beneath the appealing land description and all produce categories.
18:33|Have any of the nations’ gods rescued their lands from the king of Assyria’s hand?|Keep the rhetorical comparison.
18:34|Where are the gods of Hamath and Arpad? Where are the gods of Sepharvaim, Hena, and Ivvah? Have they rescued Samaria from my hand?|Retain every place without replacing the difficult last comparison.
18:35|Which of all the gods of these lands has rescued its land from my hand? How, then, could the LORD rescue Jerusalem from my hand?”|Repeat hand and rescue to preserve the speech’s climax.
18:36|The people were silent and did not answer him a word, for the king had commanded, “Do not answer him.”|Keep silence as obedience to the king’s order.
18:37|Eliakim son of Hilkiah, the palace administrator, Shebna the secretary, and Joah son of Asaph, the recorder, came to Hezekiah with their clothes torn and reported the Rab-shakeh’s words.|Retain the grief gesture and full reporting delegation.
19:1|When King Hezekiah heard this, he tore his clothes, covered himself with sackcloth, and went into the LORD’s house.|Keep the three grief-and-petition actions.
19:2|He sent Eliakim the palace administrator, Shebna the secretary, and the senior priests, all covered with sackcloth, to the prophet Isaiah son of Amoz.|Preserve the delegation and full prophetic identity.
19:3|They said to him, “This is what Hezekiah says: Today is a day of distress, rebuke, and disgrace. Children have reached the opening of the womb, but there is no strength to give birth.|Retain the dangerous childbirth image without replacing it with a general crisis.
19:4|Perhaps the LORD your God will hear all the words of the Rab-shakeh, whom his master the king of Assyria sent to mock the living God, and will rebuke him for the words the LORD your God has heard. Lift up a prayer for the remnant still here.”|Keep perhaps, living God, and the request for the remnant.
19:5|When King Hezekiah’s servants came to Isaiah,|Keep the narrative resumption.
19:6|Isaiah said to them, “Tell your master: This is what the LORD says: Do not be afraid of the words you have heard, with which the king of Assyria’s servants have insulted me.|Retain the direct divine response to the insult.
19:7|I am going to put a spirit in him, so that he will hear a report and return to his own land. There I will make him fall by the sword.”|Keep spirit without specifying psychology or an angelic being.
19:8|The Rab-shakeh returned and found the king of Assyria fighting against Libnah, for he had heard that the king had left Lachish.|Preserve the change of siege location.
19:9|The king heard this report about Tirhakah king of Cush: “He has come out to fight you.” So he again sent messengers to Hezekiah, saying,|Retain the report and renewed message without harmonizing royal chronology.
19:10|“Tell Hezekiah king of Judah: Do not let the God you trust deceive you by saying, ‘Jerusalem will not be handed over to the king of Assyria.’|Keep the accusation against God within the king’s speech.
19:11|You have heard what the kings of Assyria have done to all the lands, devoting them to destruction. Will you be rescued?|Retain the destruction term and pointed question.
19:12|Did the gods of the nations my ancestors destroyed rescue them—Gozan, Haran, Rezeph, and the people of Eden in Telassar?|Keep every named example.
19:13|Where are the king of Hamath, the king of Arpad, and the king of the city of Sepharvaim, Hena, and Ivvah?”|Retain the source’s grouping of the final places.
19:14|Hezekiah took the letters from the messengers and read them. Then he went up to the LORD’s house and spread the message out before the LORD.|Render plural letters and singular spread object naturally.
19:15|Hezekiah prayed before the LORD: “LORD, God of Israel, enthroned above the cherubim, you alone are God over all the kingdoms of the earth. You made heaven and earth.|Keep cherubim, worldwide scope, and creation claim.
19:16|Bend your ear, LORD, and hear. Open your eyes, LORD, and see. Hear Sennacherib’s words, which he has sent to mock the living God.|Preserve paired bodily appeals and living God.
19:17|It is true, LORD, that the kings of Assyria have devastated the nations and their lands.|Keep the concession in the prayer.
19:18|They threw their gods into the fire, for those were not gods but the work of human hands, wood and stone. So they destroyed them.|Retain materials and the prayer’s explanation.
19:19|Now, LORD our God, please save us from his hand, so that all the kingdoms of the earth may know that you alone, LORD, are God.”|Preserve the stated purpose beyond immediate rescue.
19:20|Isaiah son of Amoz sent word to Hezekiah: “This is what the LORD, the God of Israel, says: I have heard your prayer to me about Sennacherib king of Assyria.|Keep the named prayer subject and answered-hearing motif.
19:21|This is the word the LORD has spoken against him:\n‘Virgin daughter Zion despises you and mocks you.\nDaughter Jerusalem shakes her head behind you.|Preserve personified daughters and place poetry inside its verse paragraph.
19:22|Whom have you mocked and insulted?\nAgainst whom have you raised your voice\nand lifted your eyes in pride?\nAgainst the Holy One of Israel!|Keep the questions and climactic divine title in poetic lines.
19:23|Through your messengers you have mocked the Lord.\nYou have said, “With my many chariots\nI climbed the mountain heights, the far reaches of Lebanon.\nI cut down its tallest cedars, its finest cypresses.\nI reached its remotest lodging, its luxuriant forest.|Follow the read many and retain the boast’s trees and remote lodging.
19:24|I dug wells and drank foreign waters.\nWith the soles of my feet I dried up all the streams of Egypt.”|Preserve the exaggerated water boast.
19:25|Have you not heard? Long ago I made this happen;\nin ancient days I shaped it.\nNow I have brought it about:\nyou have turned fortified cities into heaps of ruins.|Keep the shift from Assyrian boasting to divine planning.
19:26|Their people, powerless, were dismayed and ashamed.\nThey became like plants in the field, like tender grass,\nlike grass on rooftops, scorched before it grows tall.|Retain the full sequence of vulnerable plant images.
19:27|But I know your sitting down, your going out and coming in,\nand your raging against me.|Preserve the movement sequence and divine knowledge.
19:28|Because you rage against me,\nand your arrogance has reached my ears,\nI will put my hook in your nose and my bridle in your lips.\nI will turn you back by the road you came.’|Keep the humiliating restraint images without abstraction.
19:29|“This will be the sign for you: This year you will eat what grows by itself, and in the second year what springs from that. In the third year, sow and reap, plant vineyards and eat their fruit.|Mark the address returning to Hezekiah and preserve three agricultural years.
19:30|The survivors left of Judah’s house\nwill again take root below and bear fruit above.|Keep the balanced plant image as poetry.
19:31|For a remnant will go out from Jerusalem,\nand survivors from Mount Zion.\nThe zeal of the LORD of Armies will do this.|Include Armies from the source’s read addition.
19:32|“Therefore this is what the LORD says about the king of Assyria: He will not enter this city, shoot an arrow here, advance against it with a shield, or build a siege ramp against it.|Retain all four denied siege actions.
19:33|He will return by the road he came. He will not enter this city, declares the LORD.|Repeat the road and city assurances.
19:34|I will defend this city and save it, for my own sake and for the sake of David my servant.”|Keep both stated grounds for rescue.
19:35|That night the LORD’s angel went out and struck down a hundred and eighty-five thousand in the Assyrian camp. When people rose early in the morning, there they were—all dead bodies.|Retain the exact count and avoid inventing a natural mechanism.
19:36|Sennacherib king of Assyria broke camp, left, and returned to Nineveh, where he stayed.|Preserve the withdrawal’s repeated verbs.
19:37|While he was bowing in the temple of his god Nisroch, his sons Adrammelech and Sharezer struck him down with the sword. They escaped to the land of Ararat, and his son Esar-haddon became king in his place.|Include his sons from the read addition and preserve all names.
20:1|In those days Hezekiah became mortally ill. The prophet Isaiah son of Amoz came to him and said, “This is what the LORD says: Put your household in order, for you are going to die. You will not live.”|Keep the unequivocal first oracle without retrospective qualification.
20:2|Hezekiah turned his face to the wall and prayed to the LORD:|Retain the bodily turn.
20:3|“Please, LORD, remember how I have walked before you faithfully and with a whole heart, and have done what is good in your eyes.” Hezekiah wept bitterly.|Keep the king’s own assessment and intense weeping.
20:4|Before Isaiah had left the middle courtyard, the LORD’s word came to him:|Follow courtyard in the read tradition, noting written city.
20:5|“Go back and tell Hezekiah, the leader of my people: This is what the LORD, the God of your ancestor David, says: I have heard your prayer and seen your tears. I am healing you. On the third day you will go up to the LORD’s house.|Retain heard/seen, David, and third-day promise.
20:6|I will add fifteen years to your life. I will rescue you and this city from the king of Assyria’s hand. I will defend this city for my own sake and for the sake of David my servant.”|Keep the exact extension and repeated defense formula.
20:7|Isaiah said, “Bring a cake of figs.” They brought it, applied it to the boil, and he recovered.|Retain the treatment without making modern medical claims.
20:8|Hezekiah asked Isaiah, “What is the sign that the LORD will heal me and that I will go up to the LORD’s house on the third day?”|Preserve the narrative’s return to the sign request after the recovery notice.
20:9|Isaiah answered, “This is your sign from the LORD that he will do what he has promised: Shall the shadow move forward ten steps, or go back ten steps?”|Keep steps rather than imposing a sundial mechanism.
20:10|Hezekiah said, “It is easy for the shadow to move forward ten steps. No—let it go back ten steps.”|Retain the chosen direction and repeated ten.
20:11|Isaiah the prophet called to the LORD, and he brought the shadow back ten steps on the steps of Ahaz, down which it had gone.|Keep the phenomenon’s description without astronomical explanation.
20:12|At that time Berodach-baladan son of Baladan, king of Babylon, sent letters and a gift to Hezekiah, because he had heard that Hezekiah was ill.|Retain the pinned Berodach name rather than harmonizing Isaiah.
20:13|Hezekiah listened to them and showed them his entire treasure house—the silver, gold, spices, fine oil, his armory, and everything found in his treasuries. There was nothing in his house or in all his domain that Hezekiah did not show them.|Follow listened in Kings and preserve the full inventory.
20:14|Then Isaiah the prophet came to King Hezekiah and asked, “What did these men say, and where did they come from?” Hezekiah answered, “They came from a distant land—from Babylon.”|Keep both questions and the partial answer.
20:15|Isaiah asked, “What did they see in your house?” Hezekiah said, “They saw everything in my house. There was nothing in my treasuries that I did not show them.”|Repeat the comprehensive disclosure.
20:16|Isaiah said to Hezekiah, “Hear the LORD’s word:|Retain the oracle introduction.
20:17|The days are coming when everything in your house, and everything your ancestors have stored up until today, will be carried to Babylon. Nothing will be left, says the LORD.|Keep the total loss and destination.
20:18|Some of your own sons, born from you, will be taken away and become eunuchs in the palace of the king of Babylon.”|Preserve bodily and dynastic implications; note broader official sense of saris.
20:19|Hezekiah said to Isaiah, “The LORD’s word you have spoken is good.” He added, “Will there not be peace and stability in my days?”|Keep his response without declaring its motive selfish or faithful.
20:20|The rest of Hezekiah’s acts, all his might, and how he built the pool and channel and brought water into the city are written in the annals of the kings of Judah.|Retain the water works in the source notice.
20:21|Hezekiah rested with his ancestors. His son Manasseh became king in his place.|Keep the succession without adding burial details.
21:1|Manasseh was twelve years old when he became king, and he reigned in Jerusalem for fifty-five years. His mother’s name was Hephzibah.|Retain the young accession and long reign.
21:2|He did what was evil in the LORD’s eyes, following the abhorrent practices of the nations the LORD had driven out before the Israelites.|Keep the narrator’s comparison.
21:3|He rebuilt the high places his father Hezekiah had destroyed, erected altars for Baal, and made an Asherah as Ahab king of Israel had done. He bowed to all the army of heaven and served them.|Preserve reversal of reform and all worship objects.
21:4|He built altars in the LORD’s house, of which the LORD had said, “In Jerusalem I will place my name.”|Keep the name promise beside the contrary action.
21:5|He built altars to all the army of heaven in both courtyards of the LORD’s house.|Retain both courts and heavenly army.
21:6|He made his son pass through the fire, practiced soothsaying and read omens, and dealt with mediums and spiritists. He did much that was evil in the LORD’s eyes, provoking him to anger.|Preserve the distinct practices and the son’s fire rite.
21:7|He placed the carved Asherah image he had made in the house about which the LORD had told David and his son Solomon, “In this house and in Jerusalem, which I chose from all Israel’s tribes, I will place my name forever.|Retain the carved image and full promise setting.
21:8|I will no longer make Israel’s feet wander from the land I gave their ancestors, if only they carefully do everything I commanded them, following all the instruction my servant Moses gave them.”|Keep the feet image and explicit condition.
21:9|But they would not listen. Manasseh led them astray to do more evil than the nations the LORD had destroyed before the Israelites.|Preserve the comparative judgment rather than moderating it.
21:10|The LORD spoke through his servants the prophets:|Keep the plural unnamed prophets.
21:11|“Because Manasseh king of Judah has committed these abhorrent acts, doing more evil than all the Amorites before him and also leading Judah into sin with his idols,|Retain both personal action and influence on Judah.
21:12|this is what the LORD, the God of Israel, says: I am bringing such disaster on Jerusalem and Judah that both ears of everyone who hears of it will ring.|Preserve the bodily shock image.
21:13|I will stretch over Jerusalem the measuring line used on Samaria and the plumb line used on Ahab’s house. I will wipe Jerusalem as someone wipes a dish, wiping it and turning it upside down.|Keep both building instruments and every part of the dish image.
21:14|I will abandon the remnant of my inheritance and hand them over to their enemies. They will become plunder and spoil for all their enemies,|Preserve inheritance and paired plunder language.
21:15|because they have done what is evil in my eyes and have provoked me from the day their ancestors came out of Egypt until today.”|Retain the full historical span.
21:16|Manasseh also shed so much innocent blood that he filled Jerusalem from end to end, besides the sin he led Judah to commit by doing what was evil in the LORD’s eyes.|Keep bloodshed as an additional wrong, not merely an idol metaphor.
21:17|The rest of Manasseh’s acts, everything he did, and the sin he committed are written in the annals of the kings of Judah.|Preserve sin in the record notice.
21:18|Manasseh rested with his ancestors and was buried in the garden of his house, the Garden of Uzza. His son Amon became king in his place.|Keep the distinct burial site.
21:19|Amon was twenty-two years old when he became king, and he reigned in Jerusalem for two years. His mother’s name was Meshullemeth, daughter of Haruz, from Jotbah.|Preserve all numerical and maternal details.
21:20|He did what was evil in the LORD’s eyes, as his father Manasseh had done.|Keep the immediate father comparison.
21:21|He followed his father’s whole way of life, serving the idols his father had served and bowing to them.|Retain the repeated father and service language.
21:22|He abandoned the LORD, the God of his ancestors, and did not walk in the LORD’s way.|Keep the walking image alongside abandonment.
21:23|Amon’s servants conspired against him and killed the king in his own house.|Preserve the killers’ relationship and location.
21:24|The people of the land struck down everyone who had conspired against King Amon. Then they made his son Josiah king in his place.|Keep popular intervention and succession.
21:25|The rest of Amon’s acts are written in the annals of the kings of Judah.|Retain the record notice.
21:26|He was buried in his tomb in the Garden of Uzza. His son Josiah became king in his place.|Preserve the repeated succession notice.
22:1|Josiah was eight years old when he became king, and he reigned in Jerusalem for thirty-one years. His mother’s name was Jedidah, daughter of Adaiah, from Bozkath.|Keep all accession and maternal details.
22:2|He did what was right in the LORD’s eyes and walked in all the ways of his ancestor David, turning aside neither to the right nor to the left.|Preserve the directional image of obedience.
22:3|In King Josiah’s eighteenth year, the king sent Shaphan the secretary, son of Azaliah, son of Meshullam, to the LORD’s house with this command:|Keep the date and three-generation identification.
22:4|“Go up to Hilkiah the high priest and have him total the money brought into the LORD’s house, which the threshold guards have collected from the people.|Preserve the accounting instruction and collection chain.
22:5|Let them put it into the hands of those supervising the work on the LORD’s house, who are to pay the workers repairing the damage to the house—|Keep supervisors distinct from workers.
22:6|the carpenters, builders, and masons—and buy timber and dressed stone to repair the house.|Retain trades and materials.
22:7|But no accounting is to be required from them for the money entrusted to them, because they act faithfully.”|Echo the earlier repair account without turning it into general advice.
22:8|Hilkiah the high priest told Shaphan the secretary, “I have found the Book of the Instruction in the LORD’s house.” Hilkiah gave the book to Shaphan, and he read it.|Retain Torah’s book title without identifying an exact modern extent.
22:9|Shaphan the secretary came to the king and reported, “Your servants have emptied out the money found in the house and given it to those supervising the work on the LORD’s house.”|Keep the financial report before the book report.
22:10|Then Shaphan the secretary told the king, “Hilkiah the priest has given me a book.” And Shaphan read it aloud before the king.|Preserve the understated report and oral reading.
22:11|When the king heard the words of the Book of the Instruction, he tore his clothes.|Keep hearing as the trigger of the grief gesture.
22:12|The king commanded Hilkiah the priest, Ahikam son of Shaphan, Achbor son of Micaiah, Shaphan the secretary, and Asaiah the king’s servant:|Retain the five named delegates.
22:13|“Go and inquire of the LORD for me, for the people, and for all Judah concerning the words of this book that has been found. Great is the LORD’s wrath kindled against us, because our ancestors did not listen to this book’s words and do everything written for us.”|Preserve all beneficiaries and the hearing/doing link.
22:14|Hilkiah the priest, Ahikam, Achbor, Shaphan, and Asaiah went to Huldah the prophetess, wife of Shallum son of Tikvah, son of Harhas, keeper of the wardrobe. She lived in Jerusalem’s Second Quarter. They spoke with her,|Retain Huldah’s prophetic title and her husband’s lineage and occupation.
22:15|and she said to them, “This is what the LORD, the God of Israel, says: Tell the man who sent you to me:|Keep the woman as authoritative oracle speaker and the unnamed man address.
22:16|This is what the LORD says: I am bringing disaster on this place and its inhabitants—all the words of the book the king of Judah has read.|Preserve the oracle’s scope.
22:17|Because they abandoned me and burned offerings to other gods, provoking me with all the work of their hands, my wrath is kindled against this place and will not be quenched.|Keep the fire image and unquenched judgment.
22:18|But tell the king of Judah, who sent you to inquire of the LORD: This is what the LORD, the God of Israel, says concerning the words you heard:|Distinguish the personal royal response from the preceding public judgment.
22:19|Because your heart was tender and you humbled yourself before the LORD when you heard what I said against this place and its inhabitants—that they would become a desolation and a curse—and because you tore your clothes and wept before me, I too have heard you, declares the LORD.|Keep the reciprocal hearing and every response listed.
22:20|Therefore I will gather you to your ancestors, and you will be gathered to your grave in peace. Your eyes will not see all the disaster I am bringing on this place.” They took the reply back to the king.|Preserve in peace despite the later violent death; do not harmonize it away.
23:1|The king sent word, and all the elders of Judah and Jerusalem gathered to him.|Keep both constituencies.
23:2|The king went up to the LORD’s house with all the men of Judah, all Jerusalem’s inhabitants, the priests, the prophets, and all the people, from the least to the greatest. He read aloud to them all the words of the Book of the Covenant found in the LORD’s house.|Retain every audience group and full public reading.
23:3|The king stood by the pillar and made a covenant before the LORD: to follow the LORD and keep his commandments, testimonies, and decrees with all his heart and all his being, carrying out the words of this covenant written in the book. All the people joined in the covenant.|Preserve the pillar, full commitment, and people’s participation.
23:4|The king commanded Hilkiah the high priest, the second-ranking priests, and the threshold guards to remove from the LORD’s temple all the utensils made for Baal, Asherah, and all the army of heaven. He burned them outside Jerusalem in the fields of the Kidron and carried their ashes to Bethel.|Retain ranks, worship objects, and both disposal locations.
23:5|He removed the cult priests Judah’s kings had appointed to burn offerings at the high places in Judah’s towns and around Jerusalem, and those who burned offerings to Baal, the sun, the moon, the constellations, and all the army of heaven.|Keep the distinct priest designation and full celestial list.
23:6|He brought the Asherah out of the LORD’s house to the Kidron Valley outside Jerusalem, burned it there, ground it to dust, and scattered its dust over the graves of the common people.|Preserve the sequence of destruction and grave contamination.
23:7|He tore down the quarters of the male shrine attendants in the LORD’s house, where women wove coverings for Asherah.|Keep the gendered groups and flag uncertain roles and woven objects in notes.
23:8|He brought all the priests from Judah’s towns and defiled the high places where they had burned offerings, from Geba to Beer-sheba. He demolished the high places at the gates, at the entrance to the gate of Joshua the city governor, on the left as one entered the city gate.|Retain the geographic extent and difficult gate location.
23:9|The priests of the high places did not go up to the LORD’s altar in Jerusalem, though they ate unleavened bread among their fellow priests.|Keep exclusion from altar service distinct from shared food.
23:10|He defiled Topheth in the Valley of Ben-hinnom, so that no one could make a son or daughter pass through the fire to Molech.|Preserve both genders, rite, and location.
23:11|He removed the horses Judah’s kings had dedicated to the sun at the entrance to the LORD’s house, near the chamber of Nathan-melech the court official in the precincts. He burned the sun’s chariots.|Keep horses and chariots distinct without saying the horses were burned.
23:12|The king demolished the altars Judah’s kings had made on the roof of Ahaz’s upper room and the altars Manasseh had made in both courtyards of the LORD’s house. He removed them from there and threw their dust into the Kidron Valley.|Retain the roof and both courtyards; avoid overstating the difficult removal verb.
23:13|The king defiled the high places east of Jerusalem, south of the Mount of Destruction, which Solomon king of Israel had built for Ashtoreth, the Sidonians’ detestable god, Chemosh, Moab’s detestable god, and Milcom, the Ammonites’ abhorrent god.|Preserve Solomon’s responsibility and all three national deities.
23:14|He smashed the sacred pillars, cut down the Asherah poles, and filled their sites with human bones.|Keep the deliberate use of human remains.
23:15|He also demolished the altar at Bethel and the high place Jeroboam son of Nebat had made, leading Israel into sin. He demolished that altar and high place, burned the high place, ground it to dust, and burned the Asherah.|Preserve the repeated demolition and distinct burning actions.
23:16|Josiah turned and saw the tombs there on the hill. He had the bones taken from the tombs and burned on the altar, defiling it, according to the LORD’s word proclaimed by the man of God who had announced these things.|Keep the fulfillment connection with the earlier unnamed prophet.
23:17|He asked, “What is that monument I see?” The men of the city told him, “It is the tomb of the man of God who came from Judah and announced these things you have done to Bethel’s altar.”|Retain the question and identifying report.
23:18|He said, “Leave it alone. Let no one disturb his bones.” So they spared his bones, along with those of the prophet who had come from Samaria.|Keep both prophets’ remains protected.
23:19|Josiah also removed all the high-place shrines in Samaria’s towns, which Israel’s kings had made and so provoked anger. He did to them everything he had done at Bethel.|Retain the extension into northern towns.
23:20|He slaughtered all the priests of the high places there on their altars and burned human bones on them. Then he returned to Jerusalem.|Preserve the killing’s sacrificial diction and the return.
23:21|The king commanded all the people, “Celebrate Passover to the LORD your God, as written in this Book of the Covenant.”|Keep the festival and written authority.
23:22|No Passover like this had been celebrated since the days of the judges who judged Israel, or throughout the days of the kings of Israel and Judah.|Retain like this rather than claiming no Passover at all.
23:23|It was in King Josiah’s eighteenth year that this Passover was celebrated to the LORD in Jerusalem.|Preserve date and location.
23:24|Josiah also cleared away the mediums, spiritists, household gods, idols, and all the detestable things seen in Judah and Jerusalem. He did this to carry out the words of the Instruction written in the book Hilkiah the priest had found in the LORD’s house.|Keep the full removal list and stated purpose.
23:25|No king before him had turned to the LORD as he did, with all his heart, all his being, and all his strength, following all Moses’ Instruction. Nor did anyone like him arise afterward.|Preserve the exceptional claim and threefold total commitment.
23:26|Yet the LORD did not turn from his great, burning anger against Judah because of everything Manasseh had done to provoke him.|Keep the failure of reform to reverse the stated judgment.
23:27|The LORD said, “I will remove Judah from my presence too, just as I removed Israel. I will reject Jerusalem, this city I chose, and the house of which I said, ‘My name will be there.’”|Retain both rejected chosen places and repeated removal language.
23:28|The rest of Josiah’s acts and everything he did are written in the annals of the kings of Judah.|Keep the source notice.
23:29|In his days Pharaoh Neco king of Egypt went up to the king of Assyria at the Euphrates River. King Josiah went out to meet him, and Neco killed him at Megiddo when he saw him.|Leave the ambiguous relation to Assyria open and preserve Kings’ death location.
23:30|His servants carried him dead from Megiddo to Jerusalem in a chariot and buried him in his tomb. The people of the land took Josiah’s son Jehoahaz, anointed him, and made him king in his father’s place.|Keep dead on transport rather than harmonizing Chronicles.
23:31|Jehoahaz was twenty-three years old when he became king, and he reigned in Jerusalem for three months. His mother’s name was Hamutal, daughter of Jeremiah, from Libnah.|Preserve age, short reign, and maternal lineage.
23:32|He did what was evil in the LORD’s eyes, just as his ancestors had done.|Keep the adverse judgment after Josiah.
23:33|Pharaoh Neco imprisoned him at Riblah in the land of Hamath, preventing him from reigning in Jerusalem. He imposed on the land a levy of a hundred talents of silver and one talent of gold.|Follow the read preventing and retain both tribute amounts.
23:34|Pharaoh Neco made Eliakim son of Josiah king in place of his father Josiah and changed his name to Jehoiakim. He took Jehoahaz away to Egypt, where he died.|Preserve the imposed name change and exile death.
23:35|Jehoiakim gave Pharaoh the silver and gold, but he taxed the land to meet Pharaoh’s demand. He exacted silver and gold from the people of the land, each according to his assessment, to pay Pharaoh Neco.|Keep the burden’s transfer to the population.
23:36|Jehoiakim was twenty-five years old when he became king, and he reigned in Jerusalem for eleven years. His mother’s name was Zebudah, daughter of Pedaiah, from Rumah.|Follow the read maternal name and preserve all figures.
23:37|He did what was evil in the LORD’s eyes, just as his ancestors had done.|Retain the closing judgment.
24:1|In Jehoiakim’s days Nebuchadnezzar king of Babylon invaded. Jehoiakim became his servant for three years, then turned and rebelled against him.|Retain the three-year submission before rebellion.
24:2|The LORD sent raiding bands of Chaldeans, Arameans, Moabites, and Ammonites against him. He sent them against Judah to destroy it, according to the LORD’s word spoken through his servants the prophets.|Preserve divine agency and all four groups.
24:3|This came upon Judah at the LORD’s command, to remove them from his presence because of Manasseh’s sins and everything he had done,|Keep the stated cause and sentence continuation.
24:4|including the innocent blood he had shed. He had filled Jerusalem with innocent blood, and the LORD was unwilling to forgive.|Retain repeated innocent blood and refusal to forgive.
24:5|The rest of Jehoiakim’s acts and everything he did are written in the annals of the kings of Judah.|Keep the source notice.
24:6|Jehoiakim rested with his ancestors. His son Jehoiachin became king in his place.|Distinguish the similar royal names.
24:7|The king of Egypt no longer came out of his land, because the king of Babylon had taken everything that had belonged to him, from the Wadi of Egypt to the Euphrates River.|Retain the two boundaries and changed imperial control.
24:8|Jehoiachin was eighteen years old when he became king, and he reigned in Jerusalem for three months. His mother’s name was Nehushta, daughter of Elnathan, from Jerusalem.|Keep eighteen rather than importing another book’s age.
24:9|He did what was evil in the LORD’s eyes, just as his father had done.|Retain the paternal comparison.
24:10|At that time the servants of Nebuchadnezzar king of Babylon advanced on Jerusalem, and the city came under siege.|Follow plural servants in the read text.
24:11|Nebuchadnezzar king of Babylon came to the city while his servants were besieging it.|Preserve the king’s subsequent personal arrival.
24:12|Jehoiachin king of Judah went out to the king of Babylon with his mother, servants, commanders, and court officials. The king of Babylon took him prisoner in the eighth year of his reign.|Retain the full surrender party and Babylonian regnal year.
24:13|He carried off all the treasures of the LORD’s house and the palace and cut apart all the gold utensils Solomon king of Israel had made for the LORD’s temple, just as the LORD had said.|Preserve the destruction of Solomon’s utensils and both treasuries.
24:14|He deported all Jerusalem—all the leaders and capable fighting men, ten thousand exiles, along with all the craftsmen and metalworkers. Only the poorest people of the land remained.|Retain the totalizing statement with its explicit exception and ten-thousand count.
24:15|He deported Jehoiachin to Babylon. He also took the king’s mother, his wives, his court officials, and the leading men of the land into exile from Jerusalem to Babylon.|Keep the women and officials in the expanded list.
24:16|The king of Babylon took to Babylon all the fighting men, seven thousand, and the craftsmen and metalworkers, a thousand—all strong men fit for war.|Preserve the separate subtotals without forcing a new grand total.
24:17|The king of Babylon made Jehoiachin’s uncle Mattaniah king in his place and changed his name to Zedekiah.|Keep the uncle relationship and imposed name change.
24:18|Zedekiah was twenty-one years old when he became king, and he reigned in Jerusalem for eleven years. His mother’s name was Hamutal, daughter of Jeremiah, from Libnah.|Follow read Hamutal and retain all chronological details.
24:19|He did what was evil in the LORD’s eyes, just as Jehoiakim had done.|Keep the named comparison.
24:20|Because of the LORD’s anger, these things happened in Jerusalem and Judah until he cast them out of his presence. Then Zedekiah rebelled against the king of Babylon.|Retain the theological summary before the rebellion narrative.
25:1|In the ninth year of Zedekiah’s reign, on the tenth day of the tenth month, Nebuchadnezzar king of Babylon came against Jerusalem with his whole army. He camped against it, and they built siegeworks all around it.|Keep the complete date and encirclement.
25:2|The city remained under siege until King Zedekiah’s eleventh year.|Retain the ending regnal year.
25:3|By the ninth day of the month, the famine in the city was severe, and there was no bread for the people of the land.|Do not insert the fourth month from Jeremiah into Kings’ shorter date.
25:4|The city wall was breached. That night all the fighting men fled through the gate between the two walls beside the king’s garden, while the Chaldeans surrounded the city. The king went toward the Arabah.|Supply the implied flight and identify the king from the next verse.
25:5|The Chaldean army pursued the king and overtook him in the plains of Jericho. His whole army had scattered from him.|Retain the capture location and abandonment.
25:6|They seized the king and brought him to the king of Babylon at Riblah, where judgment was pronounced against him.|Keep the judicial scene before the punishment.
25:7|They slaughtered Zedekiah’s sons before his eyes. Then the king of Babylon put out Zedekiah’s eyes, bound him in bronze shackles, and took him to Babylon.|Preserve the cruel sequence and concrete shackles.
25:8|On the seventh day of the fifth month, in the nineteenth year of Nebuchadnezzar king of Babylon, Nebuzaradan, commander of the guard and servant of Babylon’s king, came to Jerusalem.|Retain seventh day rather than harmonizing Jeremiah’s tenth.
25:9|He burned the LORD’s house, the palace, and all Jerusalem’s houses. Every great house he burned down.|Preserve the comprehensive burning and repeated emphasis.
25:10|The whole Chaldean army with the commander of the guard tore down the walls around Jerusalem.|Keep the army’s action distinct from the commander’s burning.
25:11|Nebuzaradan, commander of the guard, deported the people left in the city, those who had deserted to the king of Babylon, and the rest of the population.|Retain deserters among those deported.
25:12|But the commander of the guard left some of the poorest people of the land to tend vineyards and fields.|Keep the exception and agricultural roles.
25:13|The Chaldeans broke up the bronze pillars, the stands, and the bronze Sea in the LORD’s house, and carried their bronze to Babylon.|Preserve the named furnishings and destination.
25:14|They took the pots, shovels, snuffers, dishes, and all the bronze utensils used in the service.|Keep the complete utensil list.
25:15|The commander of the guard also took the firepans and bowls—whatever was gold as gold, and whatever was silver as silver.|Retain the material-by-material phrasing.
25:16|The bronze of the two pillars, the one Sea, and the stands Solomon had made for the LORD’s house—all these objects—was beyond weighing.|Keep the counts and unweighed abundance.
25:17|Each pillar was eighteen cubits high and had a bronze capital three cubits high, with bronze latticework and pomegranates all around it. The second pillar, with its latticework, was the same.|Retain three-cubit capitals here rather than harmonizing the earlier five.
25:18|The commander of the guard took Seraiah the chief priest, Zephaniah the second priest, and the three threshold guards.|Keep ranks, names, and number of guards.
25:19|From the city he took one official in charge of the fighting men, five of the king’s close advisers who were found there, the army secretary responsible for mustering the people of the land, and sixty men of the land found in the city.|Retain five advisers rather than Jeremiah’s seven and the other distinct counts.
25:20|Nebuzaradan, commander of the guard, took them and brought them to the king of Babylon at Riblah.|Preserve the transfer for judgment.
25:21|The king of Babylon struck them down and put them to death at Riblah in the land of Hamath. So Judah went into exile from its land.|Keep execution before the exile summary.
25:22|Nebuchadnezzar king of Babylon appointed Gedaliah son of Ahikam, son of Shaphan, over the people he had left in the land of Judah.|Retain the three-generation connection to earlier officials.
25:23|When all the army commanders and their men heard that Babylon’s king had appointed Gedaliah, they came to him at Mizpah: Ishmael son of Nethaniah, Johanan son of Kareah, Seraiah son of Tanhumeth the Netophathite, and Jaazaniah son of the Maacathite, with their men.|Preserve all named commanders and origins.
25:24|Gedaliah swore an oath to them and their men: “Do not be afraid of the Chaldean officials. Stay in the land and serve the king of Babylon, and things will go well for you.”|Retain the oath and practical assurance.
25:25|In the seventh month Ishmael son of Nethaniah, son of Elishama, a member of the royal line, came with ten men. They struck Gedaliah dead, along with the Judeans and Chaldeans who were with him at Mizpah.|Keep the royal lineage, ten companions, and both victim groups.
25:26|Then all the people, from the least to the greatest, and the army commanders left for Egypt because they were afraid of the Chaldeans.|Preserve fear as the stated reason for flight.
25:27|In the thirty-seventh year of the exile of Jehoiachin king of Judah, on the twenty-seventh day of the twelfth month, Evil-merodach king of Babylon, in the year he became king, lifted Jehoiachin’s head and released him from prison.|Retain the complete date and lifted-head image.
25:28|He spoke kindly to him and gave him a seat above the seats of the other kings with him in Babylon.|Keep the comparative honor without claiming restoration to Judah’s throne.
25:29|Jehoiachin changed out of his prison clothes and regularly ate at the king’s table for the rest of his life.|Retain the clothing change and ongoing meals.
25:30|The king gave him a regular allowance, a daily portion every day, for the rest of his life.|Preserve the repeated daily and lifelong provision that closes the book.
