path,source_path,current_vocab,source_vocab,restored,conflicts,skipped_text_changed,status
books/NT/1corinthians/1Corinthians_01.md,books/NT/1corinthians/1Corinthians_01.md,4,14,12,0,0,RESTORED
books/NT/1corinthians/1Corinthians_02.md,books/NT/1corinthians/1Corinthians_02.md,4,26,26,0,0,RESTORED
books/NT/1corinthians/1Corinthians_03.md,books/NT/1corinthians/1Corinthians_03.md,4,30,30,0,0,RESTORED
books/NT/1corinthians/1Corinthians_04.md,books/NT/1corinthians/1Corinthians_04.md,4,34,34,0,0,RESTORED
books/NT/1corinthians/1Corinthians_05.md,books/NT/1corinthians/1Corinthians_05.md,4,28,28,0,0,RESTORED
books/NT/1corinthians/1Corinthians_06.md,books/NT/1corinthians/1Corinthians_06.md,4,36,36,0,0,RESTORED
books/NT/1corinthians/1Corinthians_07.md,books/NT/1corinthians/1Corinthians_07.md,5,30,30,0,0,RESTORED
books/NT/1corinthians/1Corinthians_08.md,books/NT/1corinthians/1Corinthians_08.md,4,28,28,0,0,RESTORED
books/NT/1corinthians/1Corinthians_09.md,books/NT/1corinthians/1Corinthians_09.md,4,36,36,0,0,RESTORED
books/NT/1corinthians/1Corinthians_10.md,books/NT/1corinthians/1Corinthians_10.md,4,34,34,0,0,RESTORED
books/NT/1corinthians/1Corinthians_11.md,books/NT/1corinthians/1Corinthians_11.md,4,24,23,1,0,RESTORED
books/NT/1corinthians/1Corinthians_12.md,books/NT/1corinthians/1Corinthians_12.md,4,21,21,0,0,RESTORED
books/NT/1corinthians/1Corinthians_13.md,books/NT/1corinthians/1Corinthians_13.md,4,9,8,1,0,RESTORED
books/NT/1corinthians/1Corinthians_14.md,books/NT/1corinthians/1Corinthians_14.md,5,34,34,0,0,RESTORED
books/NT/1corinthians/1Corinthians_15.md,books/NT/1corinthians/1Corinthians_15.md,5,36,35,0,0,RESTORED
books/NT/1corinthians/1Corinthians_16.md,books/NT/1corinthians/1Corinthians_16.md,4,36,36,0,0,RESTORED
books/NT/1john/1John_01.md,books/NT/1john/1John_01.md,4,20,20,0,0,RESTORED
books/NT/1john/1John_02.md,books/NT/1john/1John_02.md,4,24,24,0,0,RESTORED
books/NT/1john/1John_03.md,books/NT/1john/1John_03.md,4,13,9,0,0,RESTORED
books/NT/1john/1John_04.md,books/NT/1john/1John_04.md,4,16,15,0,0,RESTORED
books/NT/1john/1John_05.md,books/NT/1john/1John_05.md,4,17,16,0,0,RESTORED
books/NT/1peter/1Peter_01.md,books/NT/1peter/1Peter_01.md,4,26,26,0,0,RESTORED
books/NT/1peter/1Peter_02.md,books/NT/1peter/1Peter_02.md,4,11,10,0,0,RESTORED
books/NT/1peter/1Peter_03.md,books/NT/1peter/1Peter_03.md,4,15,13,0,0,RESTORED
books/NT/1peter/1Peter_04.md,books/NT/1peter/1Peter_04.md,4,31,29,2,0,RESTORED
books/NT/1peter/1Peter_05.md,books/NT/1peter/1Peter_05.md,4,24,24,0,0,RESTORED
books/NT/1thessalonians/1Thessalonians_01.md,books/NT/1thessalonians/1Thessalonians_01.md,4,18,18,0,0,RESTORED
books/NT/1thessalonians/1Thessalonians_02.md,books/NT/1thessalonians/1Thessalonians_02.md,4,20,20,0,0,RESTORED
books/NT/1thessalonians/1Thessalonians_03.md,books/NT/1thessalonians/1Thessalonians_03.md,4,20,20,0,0,RESTORED
books/NT/1thessalonians/1Thessalonians_04.md,books/NT/1thessalonians/1Thessalonians_04.md,4,20,20,0,0,RESTORED
books/NT/1thessalonians/1Thessalonians_05.md,books/NT/1thessalonians/1Thessalonians_05.md,4,22,22,0,0,RESTORED
books/NT/1timothy/1Timothy_01.md,books/NT/1timothy/1Timothy_01.md,4,20,20,0,0,RESTORED
books/NT/1timothy/1Timothy_02.md,books/NT/1timothy/1Timothy_02.md,4,20,20,0,0,RESTORED
books/NT/1timothy/1Timothy_03.md,books/NT/1timothy/1Timothy_03.md,4,20,20,0,0,RESTORED
books/NT/1timothy/1Timothy_04.md,books/NT/1timothy/1Timothy_04.md,4,20,20,0,0,RESTORED
books/NT/1timothy/1Timothy_05.md,books/NT/1timothy/1Timothy_05.md,4,22,21,0,0,RESTORED
books/NT/1timothy/1Timothy_06.md,books/NT/1timothy/1Timothy_06.md,4,20,20,0,0,RESTORED
books/NT/2corinthians/2Corinthians_01.md,books/NT/2corinthians/2Corinthians_01.md,4,16,16,0,0,RESTORED
books/NT/2corinthians/2Corinthians_02.md,books/NT/2corinthians/2Corinthians_02.md,4,7,6,0,0,RESTORED
books/NT/2corinthians/2Corinthians_03.md,books/NT/2corinthians/2Corinthians_03.md,4,16,16,0,0,RESTORED
books/NT/2corinthians/2Corinthians_04.md,books/NT/2corinthians/2Corinthians_04.md,4,18,18,0,0,RESTORED
books/NT/2corinthians/2Corinthians_05.md,books/NT/2corinthians/2Corinthians_05.md,4,20,20,0,0,RESTORED
books/NT/2corinthians/2Corinthians_06.md,books/NT/2corinthians/2Corinthians_06.md,4,10,9,0,0,RESTORED
books/NT/2corinthians/2Corinthians_07.md,books/NT/2corinthians/2Corinthians_07.md,4,20,20,0,0,RESTORED
books/NT/2corinthians/2Corinthians_08.md,books/NT/2corinthians/2Corinthians_08.md,4,20,20,0,0,RESTORED
books/NT/2corinthians/2Corinthians_09.md,books/NT/2corinthians/2Corinthians_09.md,4,20,20,0,0,RESTORED
books/NT/2corinthians/2Corinthians_10.md,books/NT/2corinthians/2Corinthians_10.md,4,20,20,0,0,RESTORED
books/NT/2corinthians/2Corinthians_11.md,books/NT/2corinthians/2Corinthians_11.md,4,18,18,0,0,RESTORED
books/NT/2corinthians/2Corinthians_12.md,books/NT/2corinthians/2Corinthians_12.md,4,20,20,0,0,RESTORED
books/NT/2corinthians/2Corinthians_13.md,books/NT/2corinthians/2Corinthians_13.md,4,15,14,0,0,RESTORED
books/NT/2john/2John_01.md,books/NT/2john/2John_01.md,4,24,24,0,0,RESTORED
books/NT/2peter/2Peter_01.md,books/NT/2peter/2Peter_01.md,4,12,12,0,0,RESTORED
books/NT/2peter/2Peter_02.md,books/NT/2peter/2Peter_02.md,4,26,26,0,0,RESTORED
books/NT/2peter/2Peter_03.md,books/NT/2peter/2Peter_03.md,4,26,26,0,0,RESTORED
books/NT/2thessalonians/2Thessalonians_01.md,books/NT/2thessalonians/2Thessalonians_01.md,4,18,18,0,0,RESTORED
books/NT/2thessalonians/2Thessalonians_02.md,books/NT/2thessalonians/2Thessalonians_02.md,4,18,18,0,0,RESTORED
books/NT/2thessalonians/2Thessalonians_03.md,books/NT/2thessalonians/2Thessalonians_03.md,4,20,20,0,0,RESTORED
books/NT/2timothy/2Timothy_01.md,books/NT/2timothy/2Timothy_01.md,4,20,20,0,0,RESTORED
books/NT/2timothy/2Timothy_02.md,books/NT/2timothy/2Timothy_02.md,4,20,20,0,0,RESTORED
books/NT/2timothy/2Timothy_03.md,books/NT/2timothy/2Timothy_03.md,4,20,20,0,0,RESTORED
books/NT/2timothy/2Timothy_04.md,books/NT/2timothy/2Timothy_04.md,4,20,20,0,0,RESTORED
books/NT/3john/3John_01.md,books/NT/3john/3John_01.md,4,24,24,0,0,RESTORED
books/NT/acts/Acts_01.md,books/NT/acts/Acts_01.md,4,13,13,0,0,RESTORED
books/NT/acts/Acts_02.md,books/NT/acts/Acts_02.md,5,11,9,0,0,RESTORED
books/NT/acts/Acts_03.md,books/NT/acts/Acts_03.md,4,26,25,0,0,RESTORED
books/NT/acts/Acts_04.md,books/NT/acts/Acts_04.md,5,20,15,0,0,RESTORED
books/NT/acts/Acts_05.md,books/NT/acts/Acts_05.md,5,36,35,0,0,RESTORED
books/NT/acts/Acts_06.md,books/NT/acts/Acts_06.md,4,30,30,0,0,RESTORED
books/NT/acts/Acts_07.md,books/NT/acts/Acts_07.md,5,11,9,0,0,RESTORED
books/NT/acts/Acts_08.md,books/NT/acts/Acts_08.md,5,38,38,0,0,RESTORED
books/NT/acts/Acts_09.md,books/NT/acts/Acts_09.md,5,17,16,0,0,RESTORED
books/NT/acts/Acts_10.md,books/NT/acts/Acts_10.md,5,35,30,4,1,RESTORED
books/NT/acts/Acts_11.md,books/NT/acts/Acts_11.md,4,32,32,0,0,RESTORED
books/NT/acts/Acts_12.md,books/NT/acts/Acts_12.md,4,32,32,0,0,RESTORED
books/NT/acts/Acts_13.md,books/NT/acts/Acts_13.md,5,32,31,0,0,RESTORED
books/NT/acts/Acts_14.md,books/NT/acts/Acts_14.md,4,32,32,0,0,RESTORED
books/NT/acts/Acts_15.md,books/NT/acts/Acts_15.md,5,28,26,0,0,RESTORED
books/NT/acts/Acts_16.md,books/NT/acts/Acts_16.md,5,38,38,0,0,RESTORED
books/NT/acts/Acts_17.md,books/NT/acts/Acts_17.md,4,14,13,0,0,RESTORED
books/NT/acts/Acts_18.md,books/NT/acts/Acts_18.md,4,34,34,0,0,RESTORED
books/NT/acts/Acts_19.md,books/NT/acts/Acts_19.md,5,19,19,0,0,RESTORED
books/NT/acts/Acts_20.md,books/NT/acts/Acts_20.md,5,38,37,0,0,RESTORED
books/NT/acts/Acts_21.md,books/NT/acts/Acts_21.md,5,12,9,0,0,RESTORED
books/NT/acts/Acts_22.md,books/NT/acts/Acts_22.md,4,36,36,0,0,RESTORED
books/NT/acts/Acts_23.md,books/NT/acts/Acts_23.md,4,32,32,0,0,RESTORED
books/NT/acts/Acts_24.md,books/NT/acts/Acts_24.md,4,32,32,0,0,RESTORED
books/NT/acts/Acts_25.md,books/NT/acts/Acts_25.md,4,30,29,0,0,RESTORED
books/NT/acts/Acts_26.md,books/NT/acts/Acts_26.md,4,30,29,0,0,RESTORED
books/NT/acts/Acts_27.md,books/NT/acts/Acts_27.md,5,34,32,0,0,RESTORED
books/NT/acts/Acts_28.md,books/NT/acts/Acts_28.md,4,32,32,0,0,RESTORED
books/NT/colossians/Colossians_01.md,books/NT/colossians/Colossians_01.md,4,18,16,0,0,RESTORED
books/NT/colossians/Colossians_02.md,books/NT/colossians/Colossians_02.md,4,11,11,0,0,RESTORED
books/NT/colossians/Colossians_03.md,books/NT/colossians/Colossians_03.md,4,51,49,2,0,RESTORED
books/NT/colossians/Colossians_04.md,books/NT/colossians/Colossians_04.md,4,20,20,0,0,RESTORED
books/NT/ephesians/Ephesians_01.md,books/NT/ephesians/Ephesians_01.md,4,20,20,0,0,RESTORED
books/NT/ephesians/Ephesians_02.md,books/NT/ephesians/Ephesians_02.md,4,10,10,0,0,RESTORED
books/NT/ephesians/Ephesians_03.md,books/NT/ephesians/Ephesians_03.md,4,22,22,0,0,RESTORED
books/NT/ephesians/Ephesians_04.md,books/NT/ephesians/Ephesians_04.md,4,22,22,0,0,RESTORED
books/NT/ephesians/Ephesians_05.md,books/NT/ephesians/Ephesians_05.md,4,15,15,0,0,RESTORED
books/NT/ephesians/Ephesians_06.md,books/NT/ephesians/Ephesians_06.md,4,9,7,2,0,RESTORED
books/NT/galatians/Galatians_01.md,books/NT/galatians/Galatians_01.md,4,18,18,0,0,RESTORED
books/NT/galatians/Galatians_02.md,books/NT/galatians/Galatians_02.md,4,24,24,0,0,RESTORED
books/NT/galatians/Galatians_03.md,books/NT/galatians/Galatians_03.md,4,24,24,0,0,RESTORED
books/NT/galatians/Galatians_04.md,books/NT/galatians/Galatians_04.md,4,31,31,0,0,RESTORED
books/NT/galatians/Galatians_05.md,books/NT/galatians/Galatians_05.md,4,10,9,1,0,RESTORED
books/NT/galatians/Galatians_06.md,books/NT/galatians/Galatians_06.md,4,22,22,0,0,RESTORED
books/NT/hebrews/Hebrews_01.md,books/NT/hebrews/Hebrews_01.md,4,26,26,0,0,RESTORED
books/NT/hebrews/Hebrews_02.md,books/NT/hebrews/Hebrews_02.md,4,28,28,0,0,RESTORED
books/NT/hebrews/Hebrews_03.md,books/NT/hebrews/Hebrews_03.md,4,24,24,0,0,RESTORED
books/NT/hebrews/Hebrews_04.md,books/NT/hebrews/Hebrews_04.md,4,24,22,2,0,RESTORED
books/NT/hebrews/Hebrews_05.md,books/NT/hebrews/Hebrews_05.md,4,26,26,0,0,RESTORED
books/NT/hebrews/Hebrews_06.md,books/NT/hebrews/Hebrews_06.md,4,26,26,0,0,RESTORED
books/NT/hebrews/Hebrews_07.md,books/NT/hebrews/Hebrews_07.md,4,26,26,0,0,RESTORED
books/NT/hebrews/Hebrews_08.md,books/NT/hebrews/Hebrews_08.md,4,24,24,0,0,RESTORED
books/NT/hebrews/Hebrews_09.md,books/NT/hebrews/Hebrews_09.md,4,30,30,0,0,RESTORED
books/NT/hebrews/Hebrews_10.md,books/NT/hebrews/Hebrews_10.md,5,25,22,3,0,RESTORED
books/NT/hebrews/Hebrews_11.md,books/NT/hebrews/Hebrews_11.md,5,9,8,1,0,RESTORED
books/NT/hebrews/Hebrews_12.md,books/NT/hebrews/Hebrews_12.md,4,30,30,0,0,RESTORED
books/NT/hebrews/Hebrews_13.md,books/NT/hebrews/Hebrews_13.md,4,20,16,0,0,RESTORED
books/NT/james/James_01.md,books/NT/james/James_01.md,4,9,9,0,0,RESTORED
books/NT/james/James_02.md,books/NT/james/James_02.md,4,24,24,0,0,RESTORED
books/NT/james/James_03.md,books/NT/james/James_03.md,4,24,24,0,0,RESTORED
books/NT/james/James_04.md,books/NT/james/James_04.md,4,24,24,0,0,RESTORED
books/NT/james/James_05.md,books/NT/james/James_05.md,4,26,26,0,0,RESTORED
books/NT/john/John_01.md,books/NT/john/John_01.md,5,9,6,3,0,RESTORED
books/NT/john/John_02.md,books/NT/john/John_02.md,4,12,11,0,0,RESTORED
books/NT/john/John_03.md,books/NT/john/John_03.md,5,10,7,3,0,RESTORED
books/NT/john/John_04.md,books/NT/john/John_04.md,5,10,8,2,0,RESTORED
books/NT/john/John_05.md,books/NT/john/John_05.md,5,17,15,0,0,RESTORED
books/NT/john/John_06.md,books/NT/john/John_06.md,6,18,14,0,0,RESTORED
books/NT/john/John_07.md,books/NT/john/John_07.md,5,17,14,0,0,RESTORED
books/NT/john/John_08.md,books/NT/john/John_08.md,5,16,14,0,0,RESTORED
books/NT/john/John_09.md,books/NT/john/John_09.md,5,13,11,2,0,RESTORED
books/NT/john/John_10.md,books/NT/john/John_10.md,5,10,8,0,0,RESTORED
books/NT/john/John_11.md,books/NT/john/John_11.md,5,20,17,3,0,RESTORED
books/NT/john/John_12.md,books/NT/john/John_12.md,5,19,17,0,0,RESTORED
books/NT/john/John_13.md,books/NT/john/John_13.md,5,27,25,2,0,RESTORED
books/NT/john/John_14.md,books/NT/john/John_14.md,4,10,8,0,0,RESTORED
books/NT/john/John_15.md,books/NT/john/John_15.md,4,17,17,0,0,RESTORED
books/NT/john/John_16.md,books/NT/john/John_16.md,4,18,17,0,0,RESTORED
books/NT/john/John_17.md,books/NT/john/John_17.md,4,18,16,0,0,RESTORED
books/NT/john/John_18.md,books/NT/john/John_18.md,5,26,22,4,0,RESTORED
books/NT/john/John_19.md,books/NT/john/John_19.md,5,8,5,2,0,RESTORED
books/NT/john/John_20.md,books/NT/john/John_20.md,4,26,24,2,0,RESTORED
books/NT/john/John_21.md,books/NT/john/John_21.md,4,16,15,1,0,RESTORED
books/NT/jude/Jude_01.md,books/NT/jude/Jude_01.md,4,12,12,0,0,RESTORED
books/NT/luke/Luke_01.md,books/NT/luke/Luke_01.md,6,23,18,5,0,RESTORED
books/NT/luke/Luke_02.md,books/NT/luke/Luke_02.md,5,19,14,0,0,RESTORED
books/NT/luke/Luke_03.md,books/NT/luke/Luke_03.md,5,27,23,0,0,RESTORED
books/NT/luke/Luke_04.md,books/NT/luke/Luke_04.md,5,8,4,0,0,RESTORED
books/NT/luke/Luke_05.md,books/NT/luke/Luke_05.md,5,35,32,0,0,RESTORED
books/NT/luke/Luke_06.md,books/NT/luke/Luke_06.md,5,23,23,0,0,RESTORED
books/NT/luke/Luke_07.md,books/NT/luke/Luke_07.md,5,20,16,0,0,RESTORED
books/NT/luke/Luke_08.md,books/NT/luke/Luke_08.md,5,12,8,0,0,RESTORED
books/NT/luke/Luke_09.md,books/NT/luke/Luke_09.md,5,16,14,0,0,RESTORED
books/NT/luke/Luke_10.md,books/NT/luke/Luke_10.md,5,21,19,2,0,RESTORED
books/NT/luke/Luke_11.md,books/NT/luke/Luke_11.md,5,19,18,0,0,RESTORED
books/NT/luke/Luke_12.md,books/NT/luke/Luke_12.md,5,20,19,0,0,RESTORED
books/NT/luke/Luke_13.md,books/NT/luke/Luke_13.md,4,19,18,0,0,RESTORED
books/NT/luke/Luke_14.md,books/NT/luke/Luke_14.md,4,11,8,0,0,RESTORED
books/NT/luke/Luke_15.md,books/NT/luke/Luke_15.md,0,10,5,0,5,RESTORED
books/NT/luke/Luke_16.md,books/NT/luke/Luke_16.md,4,18,14,0,0,RESTORED
books/NT/luke/Luke_17.md,books/NT/luke/Luke_17.md,5,21,21,0,0,RESTORED
books/NT/luke/Luke_18.md,books/NT/luke/Luke_18.md,5,20,19,0,0,RESTORED
books/NT/luke/Luke_19.md,books/NT/luke/Luke_19.md,5,14,13,0,0,RESTORED
books/NT/luke/Luke_20.md,books/NT/luke/Luke_20.md,5,14,12,0,0,RESTORED
books/NT/luke/Luke_21.md,books/NT/luke/Luke_21.md,5,18,15,0,0,RESTORED
books/NT/luke/Luke_22.md,books/NT/luke/Luke_22.md,6,16,12,0,0,RESTORED
books/NT/luke/Luke_23.md,books/NT/luke/Luke_23.md,5,18,15,0,0,RESTORED
books/NT/luke/Luke_24.md,books/NT/luke/Luke_24.md,5,19,15,4,0,RESTORED
books/NT/mark/Mark_01.md,books/NT/mark/Mark_01.md,5,21,19,2,0,RESTORED
books/NT/mark/Mark_02.md,books/NT/mark/Mark_02.md,4,4,1,3,0,RESTORED
books/NT/mark/Mark_03.md,books/NT/mark/Mark_03.md,4,5,2,3,0,RESTORED
books/NT/mark/Mark_04.md,books/NT/mark/Mark_04.md,5,20,20,0,0,RESTORED
books/NT/mark/Mark_05.md,books/NT/mark/Mark_05.md,5,5,2,3,0,RESTORED
books/NT/mark/Mark_06.md,books/NT/mark/Mark_06.md,5,37,33,3,1,RESTORED
books/NT/mark/Mark_07.md,books/NT/mark/Mark_07.md,4,4,2,2,0,RESTORED
books/NT/mark/Mark_08.md,books/NT/mark/Mark_08.md,5,5,1,4,0,RESTORED
books/NT/mark/Mark_09.md,books/NT/mark/Mark_09.md,5,12,7,0,0,RESTORED
books/NT/mark/Mark_10.md,books/NT/mark/Mark_10.md,5,14,11,0,0,RESTORED
books/NT/mark/Mark_11.md,books/NT/mark/Mark_11.md,4,14,11,0,0,RESTORED
books/NT/mark/Mark_12.md,books/NT/mark/Mark_12.md,5,17,15,0,0,RESTORED
books/NT/mark/Mark_13.md,books/NT/mark/Mark_13.md,5,18,15,0,0,RESTORED
books/NT/mark/Mark_14.md,books/NT/mark/Mark_14.md,6,20,18,0,0,RESTORED
books/NT/mark/Mark_15.md,books/NT/mark/Mark_15.md,5,21,21,0,0,RESTORED
books/NT/mark/Mark_16.md,books/NT/mark/Mark_16.md,4,21,19,0,0,RESTORED
books/NT/matthew/Matthew_01.md,books/NT/matthew/Matthew_01.md,5,0,0,0,0,SOURCE_HAS_NO_VOCABULARY
books/NT/matthew/Matthew_02.md,books/NT/matthew/Matthew_02.md,5,0,0,0,0,SOURCE_HAS_NO_VOCABULARY
books/NT/matthew/Matthew_03.md,books/NT/matthew/Matthew_03.md,5,0,0,0,0,SOURCE_HAS_NO_VOCABULARY
books/NT/matthew/Matthew_04.md,books/NT/matthew/Matthew_04.md,4,17,14,3,0,RESTORED
books/NT/matthew/Matthew_05.md,books/NT/matthew/Matthew_05.md,5,8,7,0,0,RESTORED
books/NT/matthew/Matthew_06.md,books/NT/matthew/Matthew_06.md,4,10,8,2,0,RESTORED
books/NT/matthew/Matthew_07.md,books/NT/matthew/Matthew_07.md,4,5,3,2,0,RESTORED
books/NT/matthew/Matthew_08.md,books/NT/matthew/Matthew_08.md,4,12,9,3,0,RESTORED
books/NT/matthew/Matthew_09.md,books/NT/matthew/Matthew_09.md,5,14,12,2,0,RESTORED
books/NT/matthew/Matthew_10.md,books/NT/matthew/Matthew_10.md,5,16,13,3,0,RESTORED
books/NT/matthew/Matthew_11.md,books/NT/matthew/Matthew_11.md,4,15,13,2,0,RESTORED
books/NT/matthew/Matthew_12.md,books/NT/matthew/Matthew_12.md,5,15,12,3,0,RESTORED
books/NT/matthew/Matthew_13.md,books/NT/matthew/Matthew_13.md,5,17,13,4,0,RESTORED
books/NT/matthew/Matthew_14.md,books/NT/matthew/Matthew_14.md,5,13,11,2,0,RESTORED
books/NT/matthew/Matthew_15.md,books/NT/matthew/Matthew_15.md,5,13,10,3,0,RESTORED
books/NT/matthew/Matthew_16.md,books/NT/matthew/Matthew_16.md,4,15,14,1,0,RESTORED
books/NT/matthew/Matthew_17.md,books/NT/matthew/Matthew_17.md,4,9,8,1,0,RESTORED
books/NT/matthew/Matthew_18.md,books/NT/matthew/Matthew_18.md,4,16,15,1,0,RESTORED
books/NT/matthew/Matthew_19.md,books/NT/matthew/Matthew_19.md,4,16,15,1,0,RESTORED
books/NT/matthew/Matthew_20.md,books/NT/matthew/Matthew_20.md,4,12,10,2,0,RESTORED
books/NT/matthew/Matthew_21.md,books/NT/matthew/Matthew_21.md,5,27,25,2,0,RESTORED
books/NT/matthew/Matthew_22.md,books/NT/matthew/Matthew_22.md,5,14,11,3,0,RESTORED
books/NT/matthew/Matthew_23.md,books/NT/matthew/Matthew_23.md,5,17,14,3,0,RESTORED
books/NT/matthew/Matthew_24.md,books/NT/matthew/Matthew_24.md,5,17,15,2,0,RESTORED
books/NT/matthew/Matthew_25.md,books/NT/matthew/Matthew_25.md,5,20,18,2,0,RESTORED
books/NT/matthew/Matthew_26.md,books/NT/matthew/Matthew_26.md,6,47,43,4,0,RESTORED
books/NT/matthew/Matthew_27.md,books/NT/matthew/Matthew_27.md,5,37,36,1,0,RESTORED
books/NT/matthew/Matthew_28.md,books/NT/matthew/Matthew_28.md,4,27,26,1,0,RESTORED
books/NT/philemon/Philemon_01.md,books/NT/philemon/Philemon_01.md,4,13,12,0,0,RESTORED
books/NT/philippians/Philippians_01.md,books/NT/philippians/Philippians_01.md,4,12,11,0,0,RESTORED
books/NT/philippians/Philippians_02.md,books/NT/philippians/Philippians_02.md,0,13,3,0,10,RESTORED
books/NT/philippians/Philippians_03.md,books/NT/philippians/Philippians_03.md,4,12,12,0,0,RESTORED
books/NT/philippians/Philippians_04.md,books/NT/philippians/Philippians_04.md,4,13,11,0,0,RESTORED
books/NT/revelation/Revelation_01.md,books/NT/revelation/Revelation_01.md,4,10,9,0,0,RESTORED
books/NT/revelation/Revelation_02.md,books/NT/revelation/Revelation_02.md,4,10,10,0,0,RESTORED
books/NT/revelation/Revelation_03.md,books/NT/revelation/Revelation_03.md,4,10,10,0,0,RESTORED
books/NT/revelation/Revelation_04.md,books/NT/revelation/Revelation_04.md,4,9,9,0,0,RESTORED
books/NT/revelation/Revelation_05.md,books/NT/revelation/Revelation_05.md,4,10,10,0,0,RESTORED
books/NT/revelation/Revelation_06.md,books/NT/revelation/Revelation_06.md,4,10,10,0,0,RESTORED
books/NT/revelation/Revelation_07.md,books/NT/revelation/Revelation_07.md,4,10,9,0,0,RESTORED
books/NT/revelation/Revelation_08.md,books/NT/revelation/Revelation_08.md,4,10,10,0,0,RESTORED
books/NT/revelation/Revelation_09.md,books/NT/revelation/Revelation_09.md,4,10,10,0,0,RESTORED
books/NT/revelation/Revelation_10.md,books/NT/revelation/Revelation_10.md,4,8,8,0,0,RESTORED
books/NT/revelation/Revelation_11.md,books/NT/revelation/Revelation_11.md,4,10,9,0,0,RESTORED
books/NT/revelation/Revelation_12.md,books/NT/revelation/Revelation_12.md,4,11,10,0,0,RESTORED
books/NT/revelation/Revelation_13.md,books/NT/revelation/Revelation_13.md,4,12,12,0,0,RESTORED
books/NT/revelation/Revelation_14.md,books/NT/revelation/Revelation_14.md,4,11,11,0,0,RESTORED
books/NT/revelation/Revelation_15.md,books/NT/revelation/Revelation_15.md,4,10,10,0,0,RESTORED
books/NT/revelation/Revelation_16.md,books/NT/revelation/Revelation_16.md,4,11,10,0,0,RESTORED
books/NT/revelation/Revelation_17.md,books/NT/revelation/Revelation_17.md,4,12,12,0,0,RESTORED
books/NT/revelation/Revelation_18.md,books/NT/revelation/Revelation_18.md,4,11,11,0,0,RESTORED
books/NT/revelation/Revelation_19.md,books/NT/revelation/Revelation_19.md,4,11,7,0,0,RESTORED
books/NT/revelation/Revelation_20.md,books/NT/revelation/Revelation_20.md,4,11,11,0,0,RESTORED
books/NT/revelation/Revelation_21.md,books/NT/revelation/Revelation_21.md,4,11,11,0,0,RESTORED
books/NT/revelation/Revelation_22.md,books/NT/revelation/Revelation_22.md,4,13,9,0,0,RESTORED
books/NT/romans/Romans_01.md,books/NT/romans/Romans_01.md,4,16,15,0,0,RESTORED
books/NT/romans/Romans_02.md,books/NT/romans/Romans_02.md,4,16,15,0,0,RESTORED
books/NT/romans/Romans_03.md,books/NT/romans/Romans_03.md,4,8,6,0,0,RESTORED
books/NT/romans/Romans_04.md,books/NT/romans/Romans_04.md,4,6,4,0,0,RESTORED
books/NT/romans/Romans_05.md,books/NT/romans/Romans_05.md,4,15,12,0,0,RESTORED
books/NT/romans/Romans_06.md,books/NT/romans/Romans_06.md,4,10,9,0,0,RESTORED
books/NT/romans/Romans_07.md,books/NT/romans/Romans_07.md,4,17,14,0,0,RESTORED
books/NT/romans/Romans_08.md,books/NT/romans/Romans_08.md,5,12,10,0,0,RESTORED
books/NT/romans/Romans_09.md,books/NT/romans/Romans_09.md,4,17,15,0,0,RESTORED
books/NT/romans/Romans_10.md,books/NT/romans/Romans_10.md,4,15,14,0,0,RESTORED
books/NT/romans/Romans_11.md,books/NT/romans/Romans_11.md,5,15,14,0,0,RESTORED
books/NT/romans/Romans_12.md,books/NT/romans/Romans_12.md,4,19,17,0,0,RESTORED
books/NT/romans/Romans_13.md,books/NT/romans/Romans_13.md,4,14,14,0,0,RESTORED
books/NT/romans/Romans_14.md,books/NT/romans/Romans_14.md,4,16,14,0,0,RESTORED
books/NT/romans/Romans_15.md,books/NT/romans/Romans_15.md,4,17,16,0,0,RESTORED
books/NT/romans/Romans_16.md,books/NT/romans/Romans_16.md,4,19,19,0,0,RESTORED
books/NT/titus/Titus_01.md,books/NT/titus/Titus_01.md,4,13,12,0,0,RESTORED
books/NT/titus/Titus_02.md,books/NT/titus/Titus_02.md,4,5,1,0,0,RESTORED
books/NT/titus/Titus_03.md,books/NT/titus/Titus_03.md,4,10,8,0,0,RESTORED
books/OT/1chronicles/1Chronicles_01.md,books/OT/1chronicles/1Chronicles_01.md,5,16,12,0,0,RESTORED
books/OT/1chronicles/1Chronicles_02.md,books/OT/1chronicles/1Chronicles_02.md,3,3,3,0,0,RESTORED
books/OT/1chronicles/1Chronicles_03.md,books/OT/1chronicles/1Chronicles_03.md,1,4,4,0,0,RESTORED
books/OT/1chronicles/1Chronicles_04.md,books/OT/1chronicles/1Chronicles_04.md,2,3,3,0,0,RESTORED
books/OT/1chronicles/1Chronicles_05.md,books/OT/1chronicles/1Chronicles_05.md,0,3,3,0,0,RESTORED
books/OT/1chronicles/1Chronicles_06.md,books/OT/1chronicles/1Chronicles_06.md,0,7,0,0,7,TEXT_CHANGED_SKIPS
books/OT/1chronicles/1Chronicles_07.md,books/OT/1chronicles/1Chronicles_07.md,5,5,0,2,3,CONFLICTS_ONLY
books/OT/1chronicles/1Chronicles_08.md,books/OT/1chronicles/1Chronicles_08.md,4,4,0,2,2,CONFLICTS_ONLY
books/OT/1chronicles/1Chronicles_09.md,books/OT/1chronicles/1Chronicles_09.md,5,0,0,0,0,SOURCE_HAS_NO_VOCABULARY
books/OT/1chronicles/1Chronicles_10.md,books/OT/1chronicles/1Chronicles_10.md,4,4,0,3,1,CONFLICTS_ONLY
books/OT/1chronicles/1Chronicles_11.md,books/OT/1chronicles/1Chronicles_11.md,5,0,0,0,0,SOURCE_HAS_NO_VOCABULARY
books/OT/1chronicles/1Chronicles_12.md,books/OT/1chronicles/1Chronicles_12.md,0,7,0,0,7,TEXT_CHANGED_SKIPS
books/OT/1chronicles/1Chronicles_13.md,books/OT/1chronicles/1Chronicles_13.md,4,4,0,1,3,CONFLICTS_ONLY
books/OT/1chronicles/1Chronicles_14.md,books/OT/1chronicles/1Chronicles_14.md,4,5,0,2,3,CONFLICTS_ONLY
books/OT/1chronicles/1Chronicles_15.md,books/OT/1chronicles/1Chronicles_15.md,4,6,3,3,0,RESTORED
books/OT/1chronicles/1Chronicles_16.md,books/OT/1chronicles/1Chronicles_16.md,5,7,3,4,0,RESTORED
books/OT/1chronicles/1Chronicles_17.md,books/OT/1chronicles/1Chronicles_17.md,4,8,5,3,0,RESTORED
books/OT/1chronicles/1Chronicles_18.md,books/OT/1chronicles/1Chronicles_18.md,4,0,0,0,0,SOURCE_HAS_NO_VOCABULARY
books/OT/1chronicles/1Chronicles_19.md,books/OT/1chronicles/1Chronicles_19.md,4,5,3,2,0,RESTORED
books/OT/1chronicles/1Chronicles_20.md,books/OT/1chronicles/1Chronicles_20.md,4,4,4,0,0,RESTORED
books/OT/1chronicles/1Chronicles_21.md,books/OT/1chronicles/1Chronicles_21.md,4,10,0,2,8,CONFLICTS_ONLY
books/OT/1chronicles/1Chronicles_22.md,books/OT/1chronicles/1Chronicles_22.md,4,7,0,2,5,CONFLICTS_ONLY
books/OT/1chronicles/1Chronicles_23.md,books/OT/1chronicles/1Chronicles_23.md,4,0,0,0,0,SOURCE_HAS_NO_VOCABULARY
books/OT/1chronicles/1Chronicles_24.md,books/OT/1chronicles/1Chronicles_24.md,4,5,4,1,0,RESTORED
books/OT/1chronicles/1Chronicles_25.md,books/OT/1chronicles/1Chronicles_25.md,4,6,0,0,6,TEXT_CHANGED_SKIPS
books/OT/1chronicles/1Chronicles_26.md,books/OT/1chronicles/1Chronicles_26.md,4,8,0,3,5,CONFLICTS_ONLY
books/OT/1chronicles/1Chronicles_27.md,books/OT/1chronicles/1Chronicles_27.md,4,5,0,2,3,CONFLICTS_ONLY
books/OT/1chronicles/1Chronicles_28.md,books/OT/1chronicles/1Chronicles_28.md,4,6,5,1,0,RESTORED
books/OT/1chronicles/1Chronicles_29.md,books/OT/1chronicles/1Chronicles_29.md,4,0,0,0,0,SOURCE_HAS_NO_VOCABULARY
books/OT/1kings/1Kings_01.md,books/OT/1kings/1Kings_01.md,5,0,0,0,0,SOURCE_HAS_NO_VOCABULARY
books/OT/1kings/1Kings_02.md,books/OT/1kings/1Kings_02.md,5,0,0,0,0,SOURCE_HAS_NO_VOCABULARY
books/OT/1kings/1Kings_03.md,books/OT/1kings/1Kings_03.md,4,0,0,0,0,SOURCE_HAS_NO_VOCABULARY
books/OT/1kings/1Kings_04.md,books/OT/1kings/1Kings_04.md,0,4,0,0,4,TEXT_CHANGED_SKIPS
books/OT/1kings/1Kings_05.md,books/OT/1kings/1Kings_05.md,0,6,0,0,6,TEXT_CHANGED_SKIPS
books/OT/1kings/1Kings_06.md,books/OT/1kings/1Kings_06.md,5,0,0,0,0,SOURCE_HAS_NO_VOCABULARY
books/OT/1kings/1Kings_07.md,books/OT/1kings/1Kings_07.md,5,8,0,0,8,TEXT_CHANGED_SKIPS
books/OT/1kings/1Kings_08.md,books/OT/1kings/1Kings_08.md,5,0,0,0,0,SOURCE_HAS_NO_VOCABULARY
books/OT/1kings/1Kings_09.md,books/OT/1kings/1Kings_09.md,4,7,0,1,6,CONFLICTS_ONLY
books/OT/1kings/1Kings_10.md,books/OT/1kings/1Kings_10.md,4,6,6,0,0,RESTORED
books/OT/1kings/1Kings_11.md,books/OT/1kings/1Kings_11.md,5,7,0,2,5,CONFLICTS_ONLY
books/OT/1kings/1Kings_12.md,books/OT/1kings/1Kings_12.md,4,9,0,1,8,CONFLICTS_ONLY
books/OT/1kings/1Kings_13.md,books/OT/1kings/1Kings_13.md,4,6,0,1,5,CONFLICTS_ONLY
books/OT/1kings/1Kings_14.md,books/OT/1kings/1Kings_14.md,4,0,0,0,0,SOURCE_HAS_NO_VOCABULARY
books/OT/1kings/1Kings_15.md,books/OT/1kings/1Kings_15.md,4,0,0,0,0,SOURCE_HAS_NO_VOCABULARY
books/OT/1kings/1Kings_16.md,books/OT/1kings/1Kings_16.md,4,6,0,3,3,CONFLICTS_ONLY
books/OT/1kings/1Kings_17.md,books/OT/1kings/1Kings_17.md,4,7,0,2,5,CONFLICTS_ONLY
books/OT/1kings/1Kings_18.md,books/OT/1kings/1Kings_18.md,5,0,0,0,0,SOURCE_HAS_NO_VOCABULARY
books/OT/1kings/1Kings_19.md,books/OT/1kings/1Kings_19.md,4,5,0,1,4,CONFLICTS_ONLY
books/OT/1kings/1Kings_20.md,books/OT/1kings/1Kings_20.md,5,0,0,0,0,SOURCE_HAS_NO_VOCABULARY
books/OT/1kings/1Kings_21.md,books/OT/1kings/1Kings_21.md,4,5,0,0,5,TEXT_CHANGED_SKIPS
books/OT/1kings/1Kings_22.md,books/OT/1kings/1Kings_22.md,0,0,0,0,0,SOURCE_HAS_NO_VOCABULARY
books/OT/1samuel/1Samuel_01.md,books/OT/1samuel/1Samuel_01.md,3,3,1,2,0,RESTORED
books/OT/1samuel/1Samuel_02.md,books/OT/1samuel/1Samuel_02.md,5,18,16,0,0,RESTORED
books/OT/1samuel/1Samuel_03.md,books/OT/1samuel/1Samuel_03.md,4,7,3,0,0,RESTORED
books/OT/1samuel/1Samuel_04.md,books/OT/1samuel/1Samuel_04.md,4,7,3,0,0,RESTORED
books/OT/1samuel/1Samuel_05.md,books/OT/1samuel/1Samuel_05.md,4,7,3,0,0,RESTORED
books/OT/1samuel/1Samuel_06.md,books/OT/1samuel/1Samuel_06.md,4,8,4,0,0,RESTORED
books/OT/1samuel/1Samuel_07.md,books/OT/1samuel/1Samuel_07.md,4,8,4,0,0,RESTORED
books/OT/1samuel/1Samuel_08.md,books/OT/1samuel/1Samuel_08.md,4,7,3,0,0,RESTORED
books/OT/1samuel/1Samuel_09.md,books/OT/1samuel/1Samuel_09.md,4,8,4,0,0,RESTORED
books/OT/1samuel/1Samuel_10.md,books/OT/1samuel/1Samuel_10.md,4,9,5,0,0,RESTORED
books/OT/1samuel/1Samuel_11.md,books/OT/1samuel/1Samuel_11.md,4,8,4,0,0,RESTORED
books/OT/1samuel/1Samuel_12.md,books/OT/1samuel/1Samuel_12.md,4,12,9,0,0,RESTORED
books/OT/1samuel/1Samuel_13.md,books/OT/1samuel/1Samuel_13.md,4,9,5,0,0,RESTORED
books/OT/1samuel/1Samuel_14.md,books/OT/1samuel/1Samuel_14.md,5,10,5,0,0,RESTORED
books/OT/1samuel/1Samuel_15.md,books/OT/1samuel/1Samuel_15.md,4,10,6,0,0,RESTORED
books/OT/1samuel/1Samuel_16.md,books/OT/1samuel/1Samuel_16.md,4,10,8,2,0,RESTORED
books/OT/1samuel/1Samuel_17.md,books/OT/1samuel/1Samuel_17.md,5,10,5,0,0,RESTORED
books/OT/1samuel/1Samuel_18.md,books/OT/1samuel/1Samuel_18.md,4,15,14,0,0,RESTORED
books/OT/1samuel/1Samuel_19.md,books/OT/1samuel/1Samuel_19.md,4,8,4,0,0,RESTORED
books/OT/1samuel/1Samuel_20.md,books/OT/1samuel/1Samuel_20.md,5,8,3,0,0,RESTORED
books/OT/1samuel/1Samuel_21.md,books/OT/1samuel/1Samuel_21.md,4,8,4,0,0,RESTORED
books/OT/1samuel/1Samuel_22.md,books/OT/1samuel/1Samuel_22.md,4,8,4,0,0,RESTORED
books/OT/1samuel/1Samuel_23.md,books/OT/1samuel/1Samuel_23.md,4,8,4,0,0,RESTORED
books/OT/1samuel/1Samuel_24.md,books/OT/1samuel/1Samuel_24.md,4,8,4,0,0,RESTORED
books/OT/1samuel/1Samuel_25.md,books/OT/1samuel/1Samuel_25.md,5,9,4,0,0,RESTORED
books/OT/1samuel/1Samuel_26.md,books/OT/1samuel/1Samuel_26.md,4,9,5,0,0,RESTORED
books/OT/1samuel/1Samuel_27.md,books/OT/1samuel/1Samuel_27.md,4,8,4,0,0,RESTORED
books/OT/1samuel/1Samuel_28.md,books/OT/1samuel/1Samuel_28.md,4,9,5,0,0,RESTORED
books/OT/1samuel/1Samuel_29.md,books/OT/1samuel/1Samuel_29.md,4,8,4,0,0,RESTORED
books/OT/1samuel/1Samuel_30.md,books/OT/1samuel/1Samuel_30.md,4,10,6,0,0,RESTORED
books/OT/1samuel/1Samuel_31.md,books/OT/1samuel/1Samuel_31.md,4,9,5,0,0,RESTORED
books/OT/2chronicles/2Chronicles_01.md,books/OT/2chronicles/2Chronicles_01.md,4,4,0,0,0,NO_LOST_VOCABULARY
books/OT/2chronicles/2Chronicles_02.md,books/OT/2chronicles/2Chronicles_02.md,4,4,0,0,0,NO_LOST_VOCABULARY
books/OT/2chronicles/2Chronicles_03.md,books/OT/2chronicles/2Chronicles_03.md,4,5,1,0,0,RESTORED
books/OT/2chronicles/2Chronicles_04.md,books/OT/2chronicles/2Chronicles_04.md,4,5,1,0,0,RESTORED
books/OT/2chronicles/2Chronicles_05.md,books/OT/2chronicles/2Chronicles_05.md,4,5,1,0,0,RESTORED
books/OT/2chronicles/2Chronicles_06.md,books/OT/2chronicles/2Chronicles_06.md,5,6,1,0,0,RESTORED
books/OT/2chronicles/2Chronicles_07.md,books/OT/2chronicles/2Chronicles_07.md,4,6,2,0,0,RESTORED
books/OT/2chronicles/2Chronicles_08.md,books/OT/2chronicles/2Chronicles_08.md,4,5,1,0,0,RESTORED
books/OT/2chronicles/2Chronicles_09.md,books/OT/2chronicles/2Chronicles_09.md,4,6,2,0,0,RESTORED
books/OT/2chronicles/2Chronicles_10.md,books/OT/2chronicles/2Chronicles_10.md,4,6,2,0,0,RESTORED
books/OT/2chronicles/2Chronicles_11.md,books/OT/2chronicles/2Chronicles_11.md,4,6,2,0,0,RESTORED
books/OT/2chronicles/2Chronicles_12.md,books/OT/2chronicles/2Chronicles_12.md,4,6,2,0,0,RESTORED
books/OT/2chronicles/2Chronicles_13.md,books/OT/2chronicles/2Chronicles_13.md,4,5,1,0,0,RESTORED
books/OT/2chronicles/2Chronicles_14.md,books/OT/2chronicles/2Chronicles_14.md,4,6,2,0,0,RESTORED
books/OT/2chronicles/2Chronicles_15.md,books/OT/2chronicles/2Chronicles_15.md,4,6,2,0,0,RESTORED
books/OT/2chronicles/2Chronicles_16.md,books/OT/2chronicles/2Chronicles_16.md,4,6,2,0,0,RESTORED
books/OT/2chronicles/2Chronicles_17.md,books/OT/2chronicles/2Chronicles_17.md,4,6,2,0,0,RESTORED
books/OT/2chronicles/2Chronicles_18.md,books/OT/2chronicles/2Chronicles_18.md,4,6,2,0,0,RESTORED
books/OT/2chronicles/2Chronicles_19.md,books/OT/2chronicles/2Chronicles_19.md,4,6,2,0,0,RESTORED
books/OT/2chronicles/2Chronicles_20.md,books/OT/2chronicles/2Chronicles_20.md,5,6,1,0,0,RESTORED
books/OT/2chronicles/2Chronicles_21.md,books/OT/2chronicles/2Chronicles_21.md,4,6,2,0,0,RESTORED
books/OT/2chronicles/2Chronicles_22.md,books/OT/2chronicles/2Chronicles_22.md,4,6,2,0,0,RESTORED
books/OT/2chronicles/2Chronicles_23.md,books/OT/2chronicles/2Chronicles_23.md,4,6,2,0,0,RESTORED
books/OT/2chronicles/2Chronicles_24.md,books/OT/2chronicles/2Chronicles_24.md,4,6,2,0,0,RESTORED
books/OT/2chronicles/2Chronicles_25.md,books/OT/2chronicles/2Chronicles_25.md,4,6,2,0,0,RESTORED
books/OT/2chronicles/2Chronicles_26.md,books/OT/2chronicles/2Chronicles_26.md,4,6,2,0,0,RESTORED
books/OT/2chronicles/2Chronicles_27.md,books/OT/2chronicles/2Chronicles_27.md,4,5,1,0,0,RESTORED
books/OT/2chronicles/2Chronicles_28.md,books/OT/2chronicles/2Chronicles_28.md,4,6,2,0,0,RESTORED
books/OT/2chronicles/2Chronicles_29.md,books/OT/2chronicles/2Chronicles_29.md,5,6,1,0,0,RESTORED
books/OT/2chronicles/2Chronicles_30.md,books/OT/2chronicles/2Chronicles_30.md,4,6,2,0,0,RESTORED
books/OT/2chronicles/2Chronicles_31.md,books/OT/2chronicles/2Chronicles_31.md,4,6,2,0,0,RESTORED
books/OT/2chronicles/2Chronicles_32.md,books/OT/2chronicles/2Chronicles_32.md,4,6,2,0,0,RESTORED
books/OT/2chronicles/2Chronicles_33.md,books/OT/2chronicles/2Chronicles_33.md,4,6,2,0,0,RESTORED
books/OT/2chronicles/2Chronicles_34.md,books/OT/2chronicles/2Chronicles_34.md,4,6,2,0,0,RESTORED
books/OT/2chronicles/2Chronicles_35.md,books/OT/2chronicles/2Chronicles_35.md,4,6,2,0,0,RESTORED
books/OT/2chronicles/2Chronicles_36.md,books/OT/2chronicles/2Chronicles_36.md,4,9,5,0,0,RESTORED
books/OT/2kings/2Kings_01.md,books/OT/2kings/2Kings_01.md,4,8,4,0,0,RESTORED
books/OT/2kings/2Kings_02.md,books/OT/2kings/2Kings_02.md,4,10,6,0,0,RESTORED
books/OT/2kings/2Kings_03.md,books/OT/2kings/2Kings_03.md,4,10,7,0,0,RESTORED
books/OT/2kings/2Kings_04.md,books/OT/2kings/2Kings_04.md,5,10,5,0,0,RESTORED
books/OT/2kings/2Kings_05.md,books/OT/2kings/2Kings_05.md,4,10,6,0,0,RESTORED
books/OT/2kings/2Kings_06.md,books/OT/2kings/2Kings_06.md,4,10,7,0,0,RESTORED
books/OT/2kings/2Kings_07.md,books/OT/2kings/2Kings_07.md,4,10,6,0,0,RESTORED
books/OT/2kings/2Kings_08.md,books/OT/2kings/2Kings_08.md,4,10,6,0,0,RESTORED
books/OT/2kings/2Kings_09.md,books/OT/2kings/2Kings_09.md,5,10,5,0,0,RESTORED
books/OT/2kings/2Kings_10.md,books/OT/2kings/2Kings_10.md,5,10,5,0,0,RESTORED
books/OT/2kings/2Kings_11.md,books/OT/2kings/2Kings_11.md,4,10,6,0,0,RESTORED
books/OT/2kings/2Kings_12.md,books/OT/2kings/2Kings_12.md,4,10,6,0,0,RESTORED
books/OT/2kings/2Kings_13.md,books/OT/2kings/2Kings_13.md,4,10,6,0,0,RESTORED
books/OT/2kings/2Kings_14.md,books/OT/2kings/2Kings_14.md,4,10,6,0,0,RESTORED
books/OT/2kings/2Kings_15.md,books/OT/2kings/2Kings_15.md,5,10,5,0,0,RESTORED
books/OT/2kings/2Kings_16.md,books/OT/2kings/2Kings_16.md,4,10,6,0,0,RESTORED
books/OT/2kings/2Kings_17.md,books/OT/2kings/2Kings_17.md,5,11,6,0,0,RESTORED
books/OT/2kings/2Kings_18.md,books/OT/2kings/2Kings_18.md,5,10,5,0,0,RESTORED
books/OT/2kings/2Kings_19.md,books/OT/2kings/2Kings_19.md,5,10,5,0,0,RESTORED
books/OT/2kings/2Kings_20.md,books/OT/2kings/2Kings_20.md,4,10,6,0,0,RESTORED
books/OT/2kings/2Kings_21.md,books/OT/2kings/2Kings_21.md,4,10,6,0,0,RESTORED
books/OT/2kings/2Kings_22.md,books/OT/2kings/2Kings_22.md,4,10,6,0,0,RESTORED
books/OT/2kings/2Kings_23.md,books/OT/2kings/2Kings_23.md,5,10,5,0,0,RESTORED
books/OT/2kings/2Kings_24.md,books/OT/2kings/2Kings_24.md,4,10,6,0,0,RESTORED
books/OT/2kings/2Kings_25.md,books/OT/2kings/2Kings_25.md,4,11,7,0,0,RESTORED
books/OT/2samuel/2Samuel_01.md,books/OT/2samuel/2samuel_01.md,4,9,5,0,0,RESTORED
books/OT/2samuel/2Samuel_02.md,books/OT/2samuel/2samuel_02.md,4,10,6,0,0,RESTORED
books/OT/2samuel/2Samuel_03.md,books/OT/2samuel/2samuel_03.md,5,10,5,0,0,RESTORED
books/OT/2samuel/2Samuel_04.md,books/OT/2samuel/2samuel_04.md,4,10,6,0,0,RESTORED
books/OT/2samuel/2Samuel_05.md,books/OT/2samuel/2samuel_05.md,4,10,6,0,0,RESTORED
books/OT/2samuel/2Samuel_06.md,books/OT/2samuel/2samuel_06.md,4,10,6,0,0,RESTORED
books/OT/2samuel/2Samuel_07.md,books/OT/2samuel/2samuel_07.md,4,10,6,0,0,RESTORED
books/OT/2samuel/2Samuel_08.md,books/OT/2samuel/2samuel_08.md,4,10,6,0,0,RESTORED
books/OT/2samuel/2Samuel_09.md,books/OT/2samuel/2samuel_09.md,4,8,4,0,0,RESTORED
books/OT/2samuel/2Samuel_10.md,books/OT/2samuel/2samuel_10.md,4,10,6,0,0,RESTORED
books/OT/2samuel/2Samuel_11.md,books/OT/2samuel/2samuel_11.md,4,10,6,0,0,RESTORED
books/OT/2samuel/2Samuel_12.md,books/OT/2samuel/2samuel_12.md,4,11,7,0,0,RESTORED
books/OT/2samuel/2Samuel_13.md,books/OT/2samuel/2samuel_13.md,5,10,5,1,0,RESTORED
books/OT/2samuel/2Samuel_14.md,books/OT/2samuel/2samuel_14.md,4,10,6,0,0,RESTORED
books/OT/2samuel/2Samuel_15.md,books/OT/2samuel/2samuel_15.md,5,10,5,0,0,RESTORED
books/OT/2samuel/2Samuel_16.md,books/OT/2samuel/2samuel_16.md,4,10,6,0,0,RESTORED
books/OT/2samuel/2Samuel_17.md,books/OT/2samuel/2samuel_17.md,4,10,6,0,0,RESTORED
books/OT/2samuel/2Samuel_18.md,books/OT/2samuel/2samuel_18.md,4,10,6,0,0,RESTORED
books/OT/2samuel/2Samuel_19.md,books/OT/2samuel/2samuel_19.md,5,10,5,0,0,RESTORED
books/OT/2samuel/2Samuel_20.md,books/OT/2samuel/2samuel_20.md,4,10,6,0,0,RESTORED
books/OT/2samuel/2Samuel_21.md,books/OT/2samuel/2samuel_21.md,4,10,6,0,0,RESTORED
books/OT/2samuel/2Samuel_22.md,books/OT/2samuel/2samuel_22.md,5,12,7,0,0,RESTORED
books/OT/2samuel/2Samuel_23.md,books/OT/2samuel/2samuel_23.md,5,11,6,0,0,RESTORED
books/OT/2samuel/2Samuel_24.md,books/OT/2samuel/2samuel_24.md,4,11,7,0,0,RESTORED
books/OT/amos/Amos_01.md,books/OT/amos/Amos_01.md,4,9,5,0,0,RESTORED
books/OT/amos/Amos_02.md,books/OT/amos/Amos_02.md,4,10,6,0,0,RESTORED
books/OT/amos/Amos_03.md,books/OT/amos/Amos_03.md,4,10,6,0,0,RESTORED
books/OT/amos/Amos_04.md,books/OT/amos/Amos_04.md,4,10,6,0,0,RESTORED
books/OT/amos/Amos_05.md,books/OT/amos/Amos_05.md,4,11,7,1,0,RESTORED
books/OT/amos/Amos_06.md,books/OT/amos/Amos_06.md,4,11,7,0,0,RESTORED
books/OT/amos/Amos_07.md,books/OT/amos/Amos_07.md,4,10,6,0,0,RESTORED
books/OT/amos/Amos_08.md,books/OT/amos/Amos_08.md,4,10,6,1,0,RESTORED
books/OT/amos/Amos_09.md,books/OT/amos/Amos_09.md,4,12,8,0,0,RESTORED
books/OT/daniel/Daniel_01.md,books/OT/daniel/Daniel_01.md,4,10,6,0,0,RESTORED
books/OT/daniel/Daniel_02.md,books/OT/daniel/Daniel_02.md,5,10,5,0,0,RESTORED
books/OT/daniel/Daniel_03.md,books/OT/daniel/Daniel_03.md,4,10,6,0,0,RESTORED
books/OT/daniel/Daniel_04.md,books/OT/daniel/Daniel_04.md,5,10,5,0,0,RESTORED
books/OT/daniel/Daniel_05.md,books/OT/daniel/Daniel_05.md,4,10,6,0,0,RESTORED
books/OT/daniel/Daniel_06.md,books/OT/daniel/Daniel_06.md,4,10,6,0,0,RESTORED
books/OT/daniel/Daniel_07.md,books/OT/daniel/Daniel_07.md,4,10,6,0,0,RESTORED
books/OT/daniel/Daniel_08.md,books/OT/daniel/Daniel_08.md,4,10,6,0,0,RESTORED
books/OT/daniel/Daniel_09.md,books/OT/daniel/Daniel_09.md,4,12,8,0,0,RESTORED
books/OT/daniel/Daniel_10.md,books/OT/daniel/Daniel_10.md,4,10,6,0,0,RESTORED
books/OT/daniel/Daniel_11.md,books/OT/daniel/Daniel_11.md,5,15,10,0,0,RESTORED
books/OT/daniel/Daniel_12.md,books/OT/daniel/Daniel_12.md,4,14,10,0,0,RESTORED
books/OT/deuteronomy/Deuteronomy_01.md,books/OT/deuteronomy/Deuteronomy_01.md,5,9,4,0,0,RESTORED
books/OT/deuteronomy/Deuteronomy_02.md,books/OT/deuteronomy/Deuteronomy_02.md,5,8,3,0,0,RESTORED
books/OT/deuteronomy/Deuteronomy_03.md,books/OT/deuteronomy/Deuteronomy_03.md,4,8,4,0,0,RESTORED
books/OT/deuteronomy/Deuteronomy_04.md,books/OT/deuteronomy/Deuteronomy_04.md,5,12,7,0,0,RESTORED
books/OT/deuteronomy/Deuteronomy_05.md,books/OT/deuteronomy/Deuteronomy_05.md,4,10,6,0,0,RESTORED
books/OT/deuteronomy/Deuteronomy_06.md,books/OT/deuteronomy/Deuteronomy_06.md,4,10,6,0,0,RESTORED
books/OT/deuteronomy/Deuteronomy_07.md,books/OT/deuteronomy/Deuteronomy_07.md,4,10,6,0,0,RESTORED
books/OT/deuteronomy/Deuteronomy_08.md,books/OT/deuteronomy/Deuteronomy_08.md,4,32,32,0,0,RESTORED
books/OT/deuteronomy/Deuteronomy_09.md,books/OT/deuteronomy/Deuteronomy_09.md,4,10,6,0,0,RESTORED
books/OT/deuteronomy/Deuteronomy_10.md,books/OT/deuteronomy/Deuteronomy_10.md,4,10,6,0,0,RESTORED
books/OT/deuteronomy/Deuteronomy_11.md,books/OT/deuteronomy/Deuteronomy_11.md,4,9,5,0,0,RESTORED
books/OT/deuteronomy/Deuteronomy_12.md,books/OT/deuteronomy/Deuteronomy_12.md,4,10,6,0,0,RESTORED
books/OT/deuteronomy/Deuteronomy_13.md,books/OT/deuteronomy/Deuteronomy_13.md,4,10,6,0,0,RESTORED
books/OT/deuteronomy/Deuteronomy_14.md,books/OT/deuteronomy/Deuteronomy_14.md,4,10,6,0,0,RESTORED
books/OT/deuteronomy/Deuteronomy_15.md,books/OT/deuteronomy/Deuteronomy_15.md,4,10,6,0,0,RESTORED
books/OT/deuteronomy/Deuteronomy_16.md,books/OT/deuteronomy/Deuteronomy_16.md,4,10,7,0,0,RESTORED
books/OT/deuteronomy/Deuteronomy_17.md,books/OT/deuteronomy/Deuteronomy_17.md,4,10,6,0,0,RESTORED
books/OT/deuteronomy/Deuteronomy_18.md,books/OT/deuteronomy/Deuteronomy_18.md,4,9,5,0,0,RESTORED
books/OT/deuteronomy/Deuteronomy_19.md,books/OT/deuteronomy/Deuteronomy_19.md,4,9,5,0,0,RESTORED
books/OT/deuteronomy/Deuteronomy_20.md,books/OT/deuteronomy/Deuteronomy_20.md,4,10,6,0,0,RESTORED
books/OT/deuteronomy/Deuteronomy_21.md,books/OT/deuteronomy/Deuteronomy_21.md,4,9,5,0,0,RESTORED
books/OT/deuteronomy/Deuteronomy_22.md,books/OT/deuteronomy/Deuteronomy_22.md,4,10,6,0,0,RESTORED
books/OT/deuteronomy/Deuteronomy_23.md,books/OT/deuteronomy/Deuteronomy_23.md,4,9,5,0,0,RESTORED
books/OT/deuteronomy/Deuteronomy_24.md,books/OT/deuteronomy/Deuteronomy_24.md,4,11,7,0,0,RESTORED
books/OT/deuteronomy/Deuteronomy_25.md,books/OT/deuteronomy/Deuteronomy_25.md,4,10,6,0,0,RESTORED
books/OT/deuteronomy/Deuteronomy_26.md,books/OT/deuteronomy/Deuteronomy_26.md,4,9,5,0,0,RESTORED
books/OT/deuteronomy/Deuteronomy_27.md,books/OT/deuteronomy/Deuteronomy_27.md,4,10,6,0,0,RESTORED
books/OT/deuteronomy/Deuteronomy_28.md,books/OT/deuteronomy/Deuteronomy_28.md,5,13,8,0,0,RESTORED
books/OT/deuteronomy/Deuteronomy_29.md,books/OT/deuteronomy/Deuteronomy_29.md,4,10,6,0,0,RESTORED
books/OT/deuteronomy/Deuteronomy_30.md,books/OT/deuteronomy/Deuteronomy_30.md,4,10,6,0,0,RESTORED
books/OT/deuteronomy/Deuteronomy_31.md,books/OT/deuteronomy/Deuteronomy_31.md,4,11,7,0,0,RESTORED
books/OT/deuteronomy/Deuteronomy_32.md,books/OT/deuteronomy/Deuteronomy_32.md,5,12,9,0,0,RESTORED
books/OT/deuteronomy/Deuteronomy_33.md,books/OT/deuteronomy/Deuteronomy_33.md,4,12,8,0,0,RESTORED
books/OT/deuteronomy/Deuteronomy_34.md,books/OT/deuteronomy/Deuteronomy_34.md,4,36,36,0,0,RESTORED
books/OT/ecclesiastes/Ecclesiastes_01.md,books/OT/ecclesiastes/Ecclesiastes_01.md,4,0,0,0,0,SOURCE_HAS_NO_VOCABULARY
books/OT/ecclesiastes/Ecclesiastes_02.md,books/OT/ecclesiastes/Ecclesiastes_02.md,4,0,0,0,0,SOURCE_HAS_NO_VOCABULARY
books/OT/ecclesiastes/Ecclesiastes_03.md,books/OT/ecclesiastes/Ecclesiastes_03.md,4,6,0,2,4,CONFLICTS_ONLY
books/OT/ecclesiastes/Ecclesiastes_04.md,books/OT/ecclesiastes/Ecclesiastes_04.md,4,0,0,0,0,SOURCE_HAS_NO_VOCABULARY
books/OT/ecclesiastes/Ecclesiastes_05.md,books/OT/ecclesiastes/Ecclesiastes_05.md,4,7,0,0,7,TEXT_CHANGED_SKIPS
books/OT/ecclesiastes/Ecclesiastes_06.md,books/OT/ecclesiastes/Ecclesiastes_06.md,4,4,0,1,3,CONFLICTS_ONLY
books/OT/ecclesiastes/Ecclesiastes_07.md,books/OT/ecclesiastes/Ecclesiastes_07.md,4,0,0,0,0,SOURCE_HAS_NO_VOCABULARY
books/OT/ecclesiastes/Ecclesiastes_08.md,books/OT/ecclesiastes/Ecclesiastes_08.md,4,0,0,0,0,SOURCE_HAS_NO_VOCABULARY
books/OT/ecclesiastes/Ecclesiastes_09.md,books/OT/ecclesiastes/Ecclesiastes_09.md,4,0,0,0,0,SOURCE_HAS_NO_VOCABULARY
books/OT/ecclesiastes/Ecclesiastes_10.md,books/OT/ecclesiastes/Ecclesiastes_10.md,4,0,0,0,0,SOURCE_HAS_NO_VOCABULARY
books/OT/ecclesiastes/Ecclesiastes_11.md,books/OT/ecclesiastes/Ecclesiastes_11.md,4,0,0,0,0,SOURCE_HAS_NO_VOCABULARY
books/OT/ecclesiastes/Ecclesiastes_12.md,books/OT/ecclesiastes/Ecclesiastes_12.md,5,0,0,0,0,SOURCE_HAS_NO_VOCABULARY
books/OT/esther/Esther_01.md,books/OT/esther/Esther_01.md,4,9,5,0,0,RESTORED
books/OT/esther/Esther_02.md,books/OT/esther/Esther_02.md,4,8,4,0,0,RESTORED
books/OT/esther/Esther_03.md,books/OT/esther/Esther_03.md,4,10,6,0,0,RESTORED
books/OT/esther/Esther_04.md,books/OT/esther/Esther_04.md,4,9,5,0,0,RESTORED
books/OT/esther/Esther_05.md,books/OT/esther/Esther_05.md,4,8,4,0,0,RESTORED
books/OT/esther/Esther_06.md,books/OT/esther/Esther_06.md,4,8,4,0,0,RESTORED
books/OT/esther/Esther_07.md,books/OT/esther/Esther_07.md,4,8,4,0,0,RESTORED
books/OT/esther/Esther_08.md,books/OT/esther/Esther_08.md,4,10,6,0,0,RESTORED
books/OT/esther/Esther_09.md,books/OT/esther/Esther_09.md,4,11,7,0,0,RESTORED
books/OT/esther/Esther_10.md,books/OT/esther/Esther_10.md,4,7,3,0,0,RESTORED
books/OT/exodus/Exodus_01.md,books/OT/exodus/Exodus_01.md,4,28,27,0,0,RESTORED
books/OT/exodus/Exodus_02.md,books/OT/exodus/Exodus_02.md,1,1,1,0,0,RESTORED
books/OT/exodus/Exodus_03.md,books/OT/exodus/Exodus_03.md,4,30,30,0,0,RESTORED
books/OT/exodus/Exodus_04.md,books/OT/exodus/Exodus_04.md,3,3,3,0,0,RESTORED
books/OT/exodus/Exodus_05.md,books/OT/exodus/Exodus_05.md,4,0,0,0,0,SOURCE_HAS_NO_VOCABULARY
books/OT/exodus/Exodus_06.md,books/OT/exodus/Exodus_06.md,4,0,0,0,0,SOURCE_HAS_NO_VOCABULARY
books/OT/exodus/Exodus_07.md,books/OT/exodus/Exodus_07.md,0,0,0,0,0,SOURCE_HAS_NO_VOCABULARY
books/OT/exodus/Exodus_08.md,books/OT/exodus/Exodus_08.md,0,5,0,0,5,TEXT_CHANGED_SKIPS
books/OT/exodus/Exodus_09.md,books/OT/exodus/Exodus_09.md,4,7,0,3,4,CONFLICTS_ONLY
books/OT/exodus/Exodus_10.md,books/OT/exodus/Exodus_10.md,4,0,0,0,0,SOURCE_HAS_NO_VOCABULARY
books/OT/exodus/Exodus_11.md,books/OT/exodus/Exodus_11.md,4,5,5,0,0,RESTORED
books/OT/exodus/Exodus_12.md,books/OT/exodus/Exodus_12.md,5,25,23,2,0,RESTORED
books/OT/exodus/Exodus_13.md,books/OT/exodus/Exodus_13.md,4,8,4,0,0,RESTORED
books/OT/exodus/Exodus_14.md,books/OT/exodus/Exodus_14.md,4,14,10,0,0,RESTORED
books/OT/exodus/Exodus_15.md,books/OT/exodus/Exodus_15.md,4,9,5,0,0,RESTORED
books/OT/exodus/Exodus_16.md,books/OT/exodus/Exodus_16.md,5,28,27,0,0,RESTORED
books/OT/exodus/Exodus_17.md,books/OT/exodus/Exodus_17.md,4,10,10,0,0,RESTORED
books/OT/exodus/Exodus_18.md,books/OT/exodus/Exodus_18.md,4,8,4,0,0,RESTORED
books/OT/exodus/Exodus_19.md,books/OT/exodus/Exodus_19.md,4,8,4,0,0,RESTORED
books/OT/exodus/Exodus_20.md,books/OT/exodus/Exodus_20.md,4,32,32,0,0,RESTORED
books/OT/exodus/Exodus_21.md,books/OT/exodus/Exodus_21.md,5,10,5,0,0,RESTORED
books/OT/exodus/Exodus_22.md,books/OT/exodus/Exodus_22.md,4,10,6,0,0,RESTORED
books/OT/exodus/Exodus_23.md,books/OT/exodus/Exodus_23.md,4,11,7,0,0,RESTORED
books/OT/exodus/Exodus_24.md,books/OT/exodus/Exodus_24.md,4,11,7,0,4,RESTORED
books/OT/exodus/Exodus_25.md,books/OT/exodus/Exodus_25.md,5,10,5,0,0,RESTORED
books/OT/exodus/Exodus_26.md,books/OT/exodus/Exodus_26.md,5,9,4,0,0,RESTORED
books/OT/exodus/Exodus_27.md,books/OT/exodus/Exodus_27.md,4,8,4,0,0,RESTORED
books/OT/exodus/Exodus_28.md,books/OT/exodus/Exodus_28.md,5,9,4,0,0,RESTORED
books/OT/exodus/Exodus_29.md,books/OT/exodus/Exodus_29.md,5,10,5,0,0,RESTORED
books/OT/exodus/Exodus_30.md,books/OT/exodus/Exodus_30.md,5,10,5,0,0,RESTORED
books/OT/exodus/Exodus_31.md,books/OT/exodus/Exodus_31.md,4,8,4,0,0,RESTORED
books/OT/exodus/Exodus_32.md,books/OT/exodus/Exodus_32.md,4,10,6,0,0,RESTORED
books/OT/exodus/Exodus_33.md,books/OT/exodus/Exodus_33.md,4,28,24,0,0,RESTORED
books/OT/exodus/Exodus_34.md,books/OT/exodus/Exodus_34.md,4,9,5,0,0,RESTORED
books/OT/exodus/Exodus_35.md,books/OT/exodus/Exodus_35.md,4,9,5,0,0,RESTORED
books/OT/exodus/Exodus_36.md,books/OT/exodus/Exodus_36.md,5,9,4,0,0,RESTORED
books/OT/exodus/Exodus_37.md,books/OT/exodus/Exodus_37.md,4,7,4,0,0,RESTORED
books/OT/exodus/Exodus_38.md,books/OT/exodus/Exodus_38.md,4,7,3,0,0,RESTORED
books/OT/exodus/Exodus_39.md,books/OT/exodus/Exodus_39.md,5,7,2,0,0,RESTORED
books/OT/exodus/Exodus_40.md,books/OT/exodus/Exodus_40.md,5,9,4,0,0,RESTORED
books/OT/ezekiel/Ezekiel_01.md,books/OT/ezekiel/Ezekiel_01.md,3,3,3,0,0,RESTORED
books/OT/ezekiel/Ezekiel_02.md,books/OT/ezekiel/Ezekiel_02.md,3,3,3,0,0,RESTORED
books/OT/ezekiel/Ezekiel_03.md,books/OT/ezekiel/Ezekiel_03.md,3,3,2,1,0,RESTORED
books/OT/ezekiel/Ezekiel_04.md,books/OT/ezekiel/Ezekiel_04.md,2,2,2,0,0,RESTORED
books/OT/ezekiel/Ezekiel_05.md,books/OT/ezekiel/Ezekiel_05.md,3,3,1,2,0,RESTORED
books/OT/ezekiel/Ezekiel_06.md,books/OT/ezekiel/Ezekiel_06.md,3,3,3,0,0,RESTORED
books/OT/ezekiel/Ezekiel_07.md,books/OT/ezekiel/Ezekiel_07.md,3,3,2,0,1,RESTORED
books/OT/ezekiel/Ezekiel_08.md,books/OT/ezekiel/Ezekiel_08.md,4,4,0,0,4,TEXT_CHANGED_SKIPS
books/OT/ezekiel/Ezekiel_09.md,books/OT/ezekiel/Ezekiel_09.md,3,3,3,0,0,RESTORED
books/OT/ezekiel/Ezekiel_10.md,books/OT/ezekiel/Ezekiel_10.md,2,2,1,1,0,RESTORED
books/OT/ezekiel/Ezekiel_11.md,books/OT/ezekiel/Ezekiel_11.md,2,2,2,0,0,RESTORED
books/OT/ezekiel/Ezekiel_12.md,books/OT/ezekiel/Ezekiel_12.md,3,3,0,0,3,TEXT_CHANGED_SKIPS
books/OT/ezekiel/Ezekiel_13.md,books/OT/ezekiel/Ezekiel_13.md,3,7,7,0,0,RESTORED
books/OT/ezekiel/Ezekiel_14.md,books/OT/ezekiel/Ezekiel_14.md,2,2,2,0,0,RESTORED
books/OT/ezekiel/Ezekiel_15.md,books/OT/ezekiel/Ezekiel_15.md,3,3,2,0,1,RESTORED
books/OT/ezekiel/Ezekiel_16.md,books/OT/ezekiel/Ezekiel_16.md,5,7,6,1,0,RESTORED
books/OT/ezekiel/Ezekiel_17.md,books/OT/ezekiel/Ezekiel_17.md,3,0,0,0,0,SOURCE_HAS_NO_VOCABULARY
books/OT/ezekiel/Ezekiel_18.md,books/OT/ezekiel/Ezekiel_18.md,3,3,1,2,0,RESTORED
books/OT/ezekiel/Ezekiel_19.md,books/OT/ezekiel/Ezekiel_19.md,4,4,2,2,0,RESTORED
books/OT/ezekiel/Ezekiel_20.md,books/OT/ezekiel/Ezekiel_20.md,0,0,0,0,0,SOURCE_HAS_NO_VOCABULARY
books/OT/ezekiel/Ezekiel_21.md,books/OT/ezekiel/Ezekiel_21.md,0,3,0,0,3,TEXT_CHANGED_SKIPS
books/OT/ezekiel/Ezekiel_22.md,books/OT/ezekiel/Ezekiel_22.md,3,3,2,1,0,RESTORED
books/OT/ezekiel/Ezekiel_23.md,books/OT/ezekiel/Ezekiel_23.md,2,2,1,1,0,RESTORED
books/OT/ezekiel/Ezekiel_24.md,books/OT/ezekiel/Ezekiel_24.md,3,0,0,0,0,SOURCE_HAS_NO_VOCABULARY
books/OT/ezekiel/Ezekiel_25.md,books/OT/ezekiel/Ezekiel_25.md,0,4,4,0,0,RESTORED
books/OT/ezekiel/Ezekiel_26.md,books/OT/ezekiel/Ezekiel_26.md,2,0,0,0,0,SOURCE_HAS_NO_VOCABULARY
books/OT/ezekiel/Ezekiel_27.md,books/OT/ezekiel/Ezekiel_27.md,3,4,0,0,4,TEXT_CHANGED_SKIPS
books/OT/ezekiel/Ezekiel_28.md,books/OT/ezekiel/Ezekiel_28.md,4,0,0,0,0,SOURCE_HAS_NO_VOCABULARY
books/OT/ezekiel/Ezekiel_29.md,books/OT/ezekiel/Ezekiel_29.md,4,4,4,0,0,RESTORED
books/OT/ezekiel/Ezekiel_30.md,books/OT/ezekiel/Ezekiel_30.md,2,6,0,1,5,CONFLICTS_ONLY
books/OT/ezekiel/Ezekiel_31.md,books/OT/ezekiel/Ezekiel_31.md,4,6,0,1,5,CONFLICTS_ONLY
books/OT/ezekiel/Ezekiel_32.md,books/OT/ezekiel/Ezekiel_32.md,4,0,0,0,0,SOURCE_HAS_NO_VOCABULARY
books/OT/ezekiel/Ezekiel_33.md,books/OT/ezekiel/Ezekiel_33.md,4,9,6,3,0,RESTORED
books/OT/ezekiel/Ezekiel_34.md,books/OT/ezekiel/Ezekiel_34.md,4,0,0,0,0,SOURCE_HAS_NO_VOCABULARY
books/OT/ezekiel/Ezekiel_35.md,books/OT/ezekiel/Ezekiel_35.md,4,5,0,4,1,CONFLICTS_ONLY
books/OT/ezekiel/Ezekiel_36.md,books/OT/ezekiel/Ezekiel_36.md,5,7,0,5,2,CONFLICTS_ONLY
books/OT/ezekiel/Ezekiel_37.md,books/OT/ezekiel/Ezekiel_37.md,4,18,18,0,0,RESTORED
books/OT/ezekiel/Ezekiel_38.md,books/OT/ezekiel/Ezekiel_38.md,4,0,0,0,0,SOURCE_HAS_NO_VOCABULARY
books/OT/ezekiel/Ezekiel_39.md,books/OT/ezekiel/Ezekiel_39.md,4,8,5,3,0,RESTORED
books/OT/ezekiel/Ezekiel_40.md,books/OT/ezekiel/Ezekiel_40.md,5,0,0,0,0,SOURCE_HAS_NO_VOCABULARY
books/OT/ezekiel/Ezekiel_41.md,books/OT/ezekiel/Ezekiel_41.md,4,0,0,0,0,SOURCE_HAS_NO_VOCABULARY
books/OT/ezekiel/Ezekiel_42.md,books/OT/ezekiel/Ezekiel_42.md,4,8,0,3,5,CONFLICTS_ONLY
books/OT/ezekiel/Ezekiel_43.md,books/OT/ezekiel/Ezekiel_43.md,4,0,0,0,0,SOURCE_HAS_NO_VOCABULARY
books/OT/ezekiel/Ezekiel_44.md,books/OT/ezekiel/Ezekiel_44.md,4,0,0,0,0,SOURCE_HAS_NO_VOCABULARY
books/OT/ezekiel/Ezekiel_45.md,books/OT/ezekiel/Ezekiel_45.md,4,5,0,1,4,CONFLICTS_ONLY
books/OT/ezekiel/Ezekiel_46.md,books/OT/ezekiel/Ezekiel_46.md,4,6,4,2,0,RESTORED
books/OT/ezekiel/Ezekiel_47.md,books/OT/ezekiel/Ezekiel_47.md,4,7,0,1,6,CONFLICTS_ONLY
books/OT/ezekiel/Ezekiel_48.md,books/OT/ezekiel/Ezekiel_48.md,4,6,0,3,3,CONFLICTS_ONLY
books/OT/ezra/Ezra_01.md,books/OT/ezra/Ezra_01.md,2,2,2,0,0,RESTORED
books/OT/ezra/Ezra_02.md,books/OT/ezra/Ezra_02.md,5,7,2,0,0,RESTORED
books/OT/ezra/Ezra_03.md,books/OT/ezra/Ezra_03.md,4,7,3,0,0,RESTORED
books/OT/ezra/Ezra_04.md,books/OT/ezra/Ezra_04.md,4,8,4,0,0,RESTORED
books/OT/ezra/Ezra_05.md,books/OT/ezra/Ezra_05.md,4,6,2,0,0,RESTORED
books/OT/ezra/Ezra_06.md,books/OT/ezra/Ezra_06.md,4,8,4,0,0,RESTORED
books/OT/ezra/Ezra_07.md,books/OT/ezra/Ezra_07.md,4,10,6,0,0,RESTORED
books/OT/ezra/Ezra_08.md,books/OT/ezra/Ezra_08.md,5,8,3,0,0,RESTORED
books/OT/ezra/Ezra_09.md,books/OT/ezra/Ezra_09.md,4,8,4,0,0,RESTORED
books/OT/ezra/Ezra_10.md,books/OT/ezra/Ezra_10.md,5,10,5,0,0,RESTORED
books/OT/genesis/Genesis_01.md,books/OT/genesis/Genesis_01.md,4,27,27,0,0,RESTORED
books/OT/genesis/Genesis_02.md,books/OT/genesis/Genesis_02.md,4,25,25,0,0,RESTORED
books/OT/genesis/Genesis_03.md,books/OT/genesis/Genesis_03.md,4,17,17,0,0,RESTORED
books/OT/genesis/Genesis_04.md,books/OT/genesis/Genesis_04.md,4,13,13,0,0,RESTORED
books/OT/genesis/Genesis_05.md,books/OT/genesis/Genesis_05.md,4,10,7,0,0,RESTORED
books/OT/genesis/Genesis_06.md,books/OT/genesis/Genesis_06.md,4,13,12,0,0,RESTORED
books/OT/genesis/Genesis_07.md,books/OT/genesis/Genesis_07.md,4,12,11,0,0,RESTORED
books/OT/genesis/Genesis_08.md,books/OT/genesis/Genesis_08.md,4,12,10,0,0,RESTORED
books/OT/genesis/Genesis_09.md,books/OT/genesis/Genesis_09.md,4,12,10,1,0,RESTORED
books/OT/genesis/Genesis_10.md,books/OT/genesis/Genesis_10.md,4,11,10,0,0,RESTORED
books/OT/genesis/Genesis_11.md,books/OT/genesis/Genesis_11.md,4,12,12,0,0,RESTORED
books/OT/genesis/Genesis_12.md,books/OT/genesis/Genesis_12.md,4,13,13,0,0,RESTORED
books/OT/genesis/Genesis_13.md,books/OT/genesis/Genesis_13.md,4,12,10,0,0,RESTORED
books/OT/genesis/Genesis_14.md,books/OT/genesis/Genesis_14.md,4,12,10,0,0,RESTORED
books/OT/genesis/Genesis_15.md,books/OT/genesis/Genesis_15.md,4,12,11,0,0,RESTORED
books/OT/genesis/Genesis_16.md,books/OT/genesis/Genesis_16.md,4,12,11,0,0,RESTORED
books/OT/genesis/Genesis_17.md,books/OT/genesis/Genesis_17.md,4,12,11,0,0,RESTORED
books/OT/genesis/Genesis_18.md,books/OT/genesis/Genesis_18.md,4,22,21,0,0,RESTORED
books/OT/genesis/Genesis_19.md,books/OT/genesis/Genesis_19.md,5,12,10,0,0,RESTORED
books/OT/genesis/Genesis_20.md,books/OT/genesis/Genesis_20.md,4,12,11,0,0,RESTORED
books/OT/genesis/Genesis_21.md,books/OT/genesis/Genesis_21.md,4,18,16,0,0,RESTORED
books/OT/genesis/Genesis_22.md,books/OT/genesis/Genesis_22.md,4,22,22,0,0,RESTORED
books/OT/genesis/Genesis_23.md,books/OT/genesis/Genesis_23.md,4,12,12,0,0,RESTORED
books/OT/genesis/Genesis_24.md,books/OT/genesis/Genesis_24.md,5,10,6,0,0,RESTORED
books/OT/genesis/Genesis_25.md,books/OT/genesis/Genesis_25.md,4,10,8,0,0,RESTORED
books/OT/genesis/Genesis_26.md,books/OT/genesis/Genesis_26.md,4,13,10,0,0,RESTORED
books/OT/genesis/Genesis_27.md,books/OT/genesis/Genesis_27.md,5,13,9,0,0,RESTORED
books/OT/genesis/Genesis_28.md,books/OT/genesis/Genesis_28.md,4,26,25,0,0,RESTORED
books/OT/genesis/Genesis_29.md,books/OT/genesis/Genesis_29.md,4,26,25,0,0,RESTORED
books/OT/genesis/Genesis_30.md,books/OT/genesis/Genesis_30.md,5,12,11,0,0,RESTORED
books/OT/genesis/Genesis_31.md,books/OT/genesis/Genesis_31.md,5,12,8,0,0,RESTORED
books/OT/genesis/Genesis_32.md,books/OT/genesis/Genesis_32.md,4,9,7,0,0,RESTORED
books/OT/genesis/Genesis_33.md,books/OT/genesis/Genesis_33.md,4,11,9,0,0,RESTORED
books/OT/genesis/Genesis_34.md,books/OT/genesis/Genesis_34.md,4,13,12,0,0,RESTORED
books/OT/genesis/Genesis_35.md,books/OT/genesis/Genesis_35.md,0,12,10,0,2,RESTORED
books/OT/genesis/Genesis_36.md,books/OT/genesis/Genesis_36.md,5,13,11,0,0,RESTORED
books/OT/genesis/Genesis_37.md,books/OT/genesis/Genesis_37.md,5,34,34,0,0,RESTORED
books/OT/genesis/Genesis_38.md,books/OT/genesis/Genesis_38.md,4,13,11,0,0,RESTORED
books/OT/genesis/Genesis_39.md,books/OT/genesis/Genesis_39.md,4,12,11,0,0,RESTORED
books/OT/genesis/Genesis_40.md,books/OT/genesis/Genesis_40.md,4,13,12,0,0,RESTORED
books/OT/genesis/Genesis_41.md,books/OT/genesis/Genesis_41.md,5,13,11,0,0,RESTORED
books/OT/genesis/Genesis_42.md,books/OT/genesis/Genesis_42.md,5,12,10,0,0,RESTORED
books/OT/genesis/Genesis_43.md,books/OT/genesis/Genesis_43.md,4,13,11,0,0,RESTORED
books/OT/genesis/Genesis_44.md,books/OT/genesis/Genesis_44.md,4,12,10,0,0,RESTORED
books/OT/genesis/Genesis_45.md,books/OT/genesis/Genesis_45.md,4,28,28,0,0,RESTORED
books/OT/genesis/Genesis_46.md,books/OT/genesis/Genesis_46.md,4,12,11,0,0,RESTORED
books/OT/genesis/Genesis_47.md,books/OT/genesis/Genesis_47.md,4,14,13,0,0,RESTORED
books/OT/genesis/Genesis_48.md,books/OT/genesis/Genesis_48.md,4,12,10,0,0,RESTORED
books/OT/genesis/Genesis_49.md,books/OT/genesis/Genesis_49.md,4,13,12,0,0,RESTORED
books/OT/genesis/Genesis_50.md,books/OT/genesis/Genesis_50.md,4,14,14,0,0,RESTORED
books/OT/habakkuk/Habakkuk_01.md,books/OT/habakkuk/Habakkuk_01.md,4,10,6,0,0,RESTORED
books/OT/habakkuk/Habakkuk_02.md,books/OT/habakkuk/Habakkuk_02.md,4,11,7,0,0,RESTORED
books/OT/habakkuk/Habakkuk_03.md,books/OT/habakkuk/Habakkuk_03.md,4,14,10,0,0,RESTORED
books/OT/haggai/Haggai_01.md,books/OT/haggai/Haggai_01.md,4,13,12,0,0,RESTORED
books/OT/haggai/Haggai_02.md,books/OT/haggai/Haggai_02.md,4,14,13,0,0,RESTORED
books/OT/hosea/Hosea_01.md,books/OT/hosea/Hosea_01.md,0,0,0,0,0,SOURCE_HAS_NO_VOCABULARY
books/OT/hosea/Hosea_02.md,books/OT/hosea/Hosea_02.md,0,0,0,0,0,SOURCE_HAS_NO_VOCABULARY
books/OT/hosea/Hosea_03.md,books/OT/hosea/Hosea_03.md,4,6,2,0,0,RESTORED
books/OT/hosea/Hosea_04.md,books/OT/hosea/Hosea_04.md,4,8,4,0,0,RESTORED
books/OT/hosea/Hosea_05.md,books/OT/hosea/Hosea_05.md,4,8,4,0,0,RESTORED
books/OT/hosea/Hosea_06.md,books/OT/hosea/Hosea_06.md,4,8,4,0,0,RESTORED
books/OT/hosea/Hosea_07.md,books/OT/hosea/Hosea_07.md,4,8,4,0,0,RESTORED
books/OT/hosea/Hosea_08.md,books/OT/hosea/Hosea_08.md,4,8,4,0,0,RESTORED
books/OT/hosea/Hosea_09.md,books/OT/hosea/Hosea_09.md,4,8,4,0,0,RESTORED
books/OT/hosea/Hosea_10.md,books/OT/hosea/Hosea_10.md,4,8,4,0,0,RESTORED
books/OT/hosea/Hosea_11.md,books/OT/hosea/Hosea_11.md,4,8,4,0,0,RESTORED
books/OT/hosea/Hosea_12.md,books/OT/hosea/Hosea_12.md,4,9,5,0,0,RESTORED
books/OT/hosea/Hosea_13.md,books/OT/hosea/Hosea_13.md,4,9,5,0,0,RESTORED
books/OT/hosea/Hosea_14.md,books/OT/hosea/Hosea_14.md,4,9,5,0,0,RESTORED
books/OT/isaiah/Isaiah_01.md,books/OT/isaiah/Isaiah_01.md,4,4,4,0,0,RESTORED
books/OT/isaiah/Isaiah_02.md,books/OT/isaiah/Isaiah_02.md,4,4,3,0,0,RESTORED
books/OT/isaiah/Isaiah_03.md,books/OT/isaiah/Isaiah_03.md,3,3,2,0,0,RESTORED
books/OT/isaiah/Isaiah_04.md,books/OT/isaiah/Isaiah_04.md,4,4,4,0,0,RESTORED
books/OT/isaiah/Isaiah_05.md,books/OT/isaiah/Isaiah_05.md,3,3,3,0,0,RESTORED
books/OT/isaiah/Isaiah_06.md,books/OT/isaiah/Isaiah_06.md,4,4,4,0,0,RESTORED
books/OT/isaiah/Isaiah_07.md,books/OT/isaiah/Isaiah_07.md,4,18,18,0,0,RESTORED
books/OT/isaiah/Isaiah_08.md,books/OT/isaiah/Isaiah_08.md,4,4,2,0,0,RESTORED
books/OT/isaiah/Isaiah_09.md,books/OT/isaiah/Isaiah_09.md,4,4,1,0,0,RESTORED
books/OT/isaiah/Isaiah_10.md,books/OT/isaiah/Isaiah_10.md,4,4,1,0,0,RESTORED
books/OT/isaiah/Isaiah_11.md,books/OT/isaiah/Isaiah_11.md,4,4,2,0,0,RESTORED
books/OT/isaiah/Isaiah_12.md,books/OT/isaiah/Isaiah_12.md,4,4,4,0,0,RESTORED
books/OT/isaiah/Isaiah_13.md,books/OT/isaiah/Isaiah_13.md,4,4,3,0,0,RESTORED
books/OT/isaiah/Isaiah_14.md,books/OT/isaiah/Isaiah_14.md,4,4,2,0,0,RESTORED
books/OT/isaiah/Isaiah_15.md,books/OT/isaiah/Isaiah_15.md,3,3,3,0,0,RESTORED
books/OT/isaiah/Isaiah_16.md,books/OT/isaiah/Isaiah_16.md,4,4,3,0,0,RESTORED
books/OT/isaiah/Isaiah_17.md,books/OT/isaiah/Isaiah_17.md,4,4,3,0,0,RESTORED
books/OT/isaiah/Isaiah_18.md,books/OT/isaiah/Isaiah_18.md,3,3,3,0,0,RESTORED
books/OT/isaiah/Isaiah_19.md,books/OT/isaiah/Isaiah_19.md,3,3,2,0,0,RESTORED
books/OT/isaiah/Isaiah_20.md,books/OT/isaiah/Isaiah_20.md,3,3,3,0,0,RESTORED
books/OT/isaiah/Isaiah_21.md,books/OT/isaiah/Isaiah_21.md,3,3,1,0,0,RESTORED
books/OT/isaiah/Isaiah_22.md,books/OT/isaiah/Isaiah_22.md,4,4,1,0,0,RESTORED
books/OT/isaiah/Isaiah_23.md,books/OT/isaiah/Isaiah_23.md,3,3,3,0,0,RESTORED
books/OT/isaiah/Isaiah_24.md,books/OT/isaiah/Isaiah_24.md,4,4,4,0,0,RESTORED
books/OT/isaiah/Isaiah_25.md,books/OT/isaiah/Isaiah_25.md,4,4,4,0,0,RESTORED
books/OT/isaiah/Isaiah_26.md,books/OT/isaiah/Isaiah_26.md,4,4,0,0,0,NO_LOST_VOCABULARY
books/OT/isaiah/Isaiah_27.md,books/OT/isaiah/Isaiah_27.md,3,3,0,0,0,NO_LOST_VOCABULARY
books/OT/isaiah/Isaiah_28.md,books/OT/isaiah/Isaiah_28.md,4,4,3,0,0,RESTORED
books/OT/isaiah/Isaiah_29.md,books/OT/isaiah/Isaiah_29.md,4,4,3,0,0,RESTORED
books/OT/isaiah/Isaiah_30.md,books/OT/isaiah/Isaiah_30.md,4,4,2,0,0,RESTORED
books/OT/isaiah/Isaiah_31.md,books/OT/isaiah/Isaiah_31.md,4,4,4,0,0,RESTORED
books/OT/isaiah/Isaiah_32.md,books/OT/isaiah/Isaiah_32.md,4,4,0,0,0,NO_LOST_VOCABULARY
books/OT/isaiah/Isaiah_33.md,books/OT/isaiah/Isaiah_33.md,4,4,4,0,0,RESTORED
books/OT/isaiah/Isaiah_34.md,books/OT/isaiah/Isaiah_34.md,3,3,2,0,0,RESTORED
books/OT/isaiah/Isaiah_35.md,books/OT/isaiah/Isaiah_35.md,3,3,3,0,0,RESTORED
books/OT/isaiah/Isaiah_36.md,books/OT/isaiah/Isaiah_36.md,3,3,0,0,0,NO_LOST_VOCABULARY
books/OT/isaiah/Isaiah_37.md,books/OT/isaiah/Isaiah_37.md,4,4,2,0,0,RESTORED
books/OT/isaiah/Isaiah_38.md,books/OT/isaiah/Isaiah_38.md,3,3,0,0,0,NO_LOST_VOCABULARY
books/OT/isaiah/Isaiah_39.md,books/OT/isaiah/Isaiah_39.md,3,3,1,0,0,RESTORED
books/OT/isaiah/Isaiah_40.md,books/OT/isaiah/Isaiah_40.md,4,10,6,4,0,RESTORED
books/OT/isaiah/Isaiah_41.md,books/OT/isaiah/Isaiah_41.md,4,4,1,0,0,RESTORED
books/OT/isaiah/Isaiah_42.md,books/OT/isaiah/Isaiah_42.md,4,4,4,0,0,RESTORED
books/OT/isaiah/Isaiah_43.md,books/OT/isaiah/Isaiah_43.md,4,0,0,0,0,SOURCE_HAS_NO_VOCABULARY
books/OT/isaiah/Isaiah_44.md,books/OT/isaiah/Isaiah_44.md,4,4,4,0,0,RESTORED
books/OT/isaiah/Isaiah_45.md,books/OT/isaiah/Isaiah_45.md,4,4,3,0,0,RESTORED
books/OT/isaiah/Isaiah_46.md,books/OT/isaiah/Isaiah_46.md,5,4,3,0,0,RESTORED
books/OT/isaiah/Isaiah_47.md,books/OT/isaiah/Isaiah_47.md,4,4,4,0,0,RESTORED
books/OT/isaiah/Isaiah_48.md,books/OT/isaiah/Isaiah_48.md,4,4,1,0,0,RESTORED
books/OT/isaiah/Isaiah_49.md,books/OT/isaiah/Isaiah_49.md,4,4,3,0,0,RESTORED
books/OT/isaiah/Isaiah_50.md,books/OT/isaiah/Isaiah_50.md,3,3,2,0,0,RESTORED
books/OT/isaiah/Isaiah_51.md,books/OT/isaiah/Isaiah_51.md,4,4,4,0,0,RESTORED
books/OT/isaiah/Isaiah_52.md,books/OT/isaiah/Isaiah_52.md,4,24,24,0,0,RESTORED
books/OT/isaiah/Isaiah_53.md,books/OT/isaiah/Isaiah_53.md,2,27,25,0,0,RESTORED
books/OT/isaiah/Isaiah_54.md,books/OT/isaiah/Isaiah_54.md,4,4,2,0,0,RESTORED
books/OT/isaiah/Isaiah_55.md,books/OT/isaiah/Isaiah_55.md,4,4,0,0,0,NO_LOST_VOCABULARY
books/OT/isaiah/Isaiah_56.md,books/OT/isaiah/Isaiah_56.md,4,4,4,0,0,RESTORED
books/OT/isaiah/Isaiah_57.md,books/OT/isaiah/Isaiah_57.md,4,4,0,0,0,NO_LOST_VOCABULARY
books/OT/isaiah/Isaiah_58.md,books/OT/isaiah/Isaiah_58.md,3,3,3,0,0,RESTORED
books/OT/isaiah/Isaiah_59.md,books/OT/isaiah/Isaiah_59.md,4,4,2,0,0,RESTORED
books/OT/isaiah/Isaiah_60.md,books/OT/isaiah/Isaiah_60.md,4,4,3,0,0,RESTORED
books/OT/isaiah/Isaiah_61.md,books/OT/isaiah/Isaiah_61.md,4,4,4,0,0,RESTORED
books/OT/isaiah/Isaiah_62.md,books/OT/isaiah/Isaiah_62.md,4,4,4,0,0,RESTORED
books/OT/isaiah/Isaiah_63.md,books/OT/isaiah/Isaiah_63.md,4,4,2,0,0,RESTORED
books/OT/isaiah/Isaiah_64.md,books/OT/isaiah/Isaiah_64.md,4,4,1,0,0,RESTORED
books/OT/isaiah/Isaiah_65.md,books/OT/isaiah/Isaiah_65.md,3,3,1,0,0,RESTORED
books/OT/isaiah/Isaiah_66.md,books/OT/isaiah/Isaiah_66.md,4,4,1,0,0,RESTORED
books/OT/jeremiah/Jeremiah_01.md,books/OT/jeremiah/Jeremiah_01.md,4,4,2,1,1,RESTORED
books/OT/jeremiah/Jeremiah_02.md,books/OT/jeremiah/Jeremiah_02.md,5,8,0,2,6,CONFLICTS_ONLY
books/OT/jeremiah/Jeremiah_03.md,books/OT/jeremiah/Jeremiah_03.md,4,0,0,0,0,SOURCE_HAS_NO_VOCABULARY
books/OT/jeremiah/Jeremiah_04.md,books/OT/jeremiah/Jeremiah_04.md,4,0,0,0,0,SOURCE_HAS_NO_VOCABULARY
books/OT/jeremiah/Jeremiah_05.md,books/OT/jeremiah/Jeremiah_05.md,4,0,0,0,0,SOURCE_HAS_NO_VOCABULARY
books/OT/jeremiah/Jeremiah_06.md,books/OT/jeremiah/Jeremiah_06.md,4,0,0,0,0,SOURCE_HAS_NO_VOCABULARY
books/OT/jeremiah/Jeremiah_07.md,books/OT/jeremiah/Jeremiah_07.md,4,0,0,0,0,SOURCE_HAS_NO_VOCABULARY
books/OT/jeremiah/Jeremiah_08.md,books/OT/jeremiah/Jeremiah_08.md,4,0,0,0,0,SOURCE_HAS_NO_VOCABULARY
books/OT/jeremiah/Jeremiah_09.md,books/OT/jeremiah/Jeremiah_09.md,4,0,0,0,0,SOURCE_HAS_NO_VOCABULARY
books/OT/jeremiah/Jeremiah_10.md,books/OT/jeremiah/Jeremiah_10.md,4,0,0,0,0,SOURCE_HAS_NO_VOCABULARY
books/OT/jeremiah/Jeremiah_11.md,books/OT/jeremiah/Jeremiah_11.md,4,0,0,0,0,SOURCE_HAS_NO_VOCABULARY
books/OT/jeremiah/Jeremiah_12.md,books/OT/jeremiah/Jeremiah_12.md,4,0,0,0,0,SOURCE_HAS_NO_VOCABULARY
books/OT/jeremiah/Jeremiah_13.md,books/OT/jeremiah/Jeremiah_13.md,4,0,0,0,0,SOURCE_HAS_NO_VOCABULARY
books/OT/jeremiah/Jeremiah_14.md,books/OT/jeremiah/Jeremiah_14.md,4,0,0,0,0,SOURCE_HAS_NO_VOCABULARY
books/OT/jeremiah/Jeremiah_15.md,books/OT/jeremiah/Jeremiah_15.md,4,0,0,0,0,SOURCE_HAS_NO_VOCABULARY
books/OT/jeremiah/Jeremiah_16.md,books/OT/jeremiah/Jeremiah_16.md,4,0,0,0,0,SOURCE_HAS_NO_VOCABULARY
books/OT/jeremiah/Jeremiah_17.md,books/OT/jeremiah/Jeremiah_17.md,4,0,0,0,0,SOURCE_HAS_NO_VOCABULARY
books/OT/jeremiah/Jeremiah_18.md,books/OT/jeremiah/Jeremiah_18.md,4,0,0,0,0,SOURCE_HAS_NO_VOCABULARY
books/OT/jeremiah/Jeremiah_19.md,books/OT/jeremiah/Jeremiah_19.md,4,0,0,0,0,SOURCE_HAS_NO_VOCABULARY
books/OT/jeremiah/Jeremiah_20.md,books/OT/jeremiah/Jeremiah_20.md,4,22,21,0,0,RESTORED
books/OT/jeremiah/Jeremiah_21.md,books/OT/jeremiah/Jeremiah_21.md,4,5,1,0,0,RESTORED
books/OT/jeremiah/Jeremiah_22.md,books/OT/jeremiah/Jeremiah_22.md,4,6,2,0,0,RESTORED
books/OT/jeremiah/Jeremiah_23.md,books/OT/jeremiah/Jeremiah_23.md,5,7,2,0,0,RESTORED
books/OT/jeremiah/Jeremiah_24.md,books/OT/jeremiah/Jeremiah_24.md,4,6,2,0,0,RESTORED
books/OT/jeremiah/Jeremiah_25.md,books/OT/jeremiah/Jeremiah_25.md,5,6,1,0,0,RESTORED
books/OT/jeremiah/Jeremiah_26.md,books/OT/jeremiah/Jeremiah_26.md,4,6,2,0,0,RESTORED
books/OT/jeremiah/Jeremiah_27.md,books/OT/jeremiah/Jeremiah_27.md,4,6,2,0,0,RESTORED
books/OT/jeremiah/Jeremiah_28.md,books/OT/jeremiah/Jeremiah_28.md,4,7,3,0,0,RESTORED
books/OT/jeremiah/Jeremiah_29.md,books/OT/jeremiah/Jeremiah_29.md,4,9,8,1,0,RESTORED
books/OT/jeremiah/Jeremiah_30.md,books/OT/jeremiah/Jeremiah_30.md,4,8,4,0,0,RESTORED
books/OT/jeremiah/Jeremiah_31.md,books/OT/jeremiah/Jeremiah_31.md,5,36,32,4,0,RESTORED
books/OT/jeremiah/Jeremiah_32.md,books/OT/jeremiah/Jeremiah_32.md,5,7,2,0,0,RESTORED
books/OT/jeremiah/Jeremiah_33.md,books/OT/jeremiah/Jeremiah_33.md,4,7,3,0,0,RESTORED
books/OT/jeremiah/Jeremiah_34.md,books/OT/jeremiah/Jeremiah_34.md,4,6,2,0,0,RESTORED
books/OT/jeremiah/Jeremiah_35.md,books/OT/jeremiah/Jeremiah_35.md,4,6,2,0,0,RESTORED
books/OT/jeremiah/Jeremiah_36.md,books/OT/jeremiah/Jeremiah_36.md,4,6,2,0,0,RESTORED
books/OT/jeremiah/Jeremiah_37.md,books/OT/jeremiah/Jeremiah_37.md,4,6,2,0,0,RESTORED
books/OT/jeremiah/Jeremiah_38.md,books/OT/jeremiah/Jeremiah_38.md,4,7,3,0,0,RESTORED
books/OT/jeremiah/Jeremiah_39.md,books/OT/jeremiah/Jeremiah_39.md,4,6,2,0,0,RESTORED
books/OT/jeremiah/Jeremiah_40.md,books/OT/jeremiah/Jeremiah_40.md,4,6,2,0,0,RESTORED
books/OT/jeremiah/Jeremiah_41.md,books/OT/jeremiah/Jeremiah_41.md,4,6,2,0,0,RESTORED
books/OT/jeremiah/Jeremiah_42.md,books/OT/jeremiah/Jeremiah_42.md,4,6,2,0,0,RESTORED
books/OT/jeremiah/Jeremiah_43.md,books/OT/jeremiah/Jeremiah_43.md,4,6,2,0,0,RESTORED
books/OT/jeremiah/Jeremiah_44.md,books/OT/jeremiah/Jeremiah_44.md,4,6,2,0,0,RESTORED
books/OT/jeremiah/Jeremiah_45.md,books/OT/jeremiah/Jeremiah_45.md,4,6,2,0,0,RESTORED
books/OT/jeremiah/Jeremiah_46.md,books/OT/jeremiah/Jeremiah_46.md,4,7,3,0,0,RESTORED
books/OT/jeremiah/Jeremiah_47.md,books/OT/jeremiah/Jeremiah_47.md,4,6,2,0,0,RESTORED
books/OT/jeremiah/Jeremiah_48.md,books/OT/jeremiah/Jeremiah_48.md,5,8,3,0,0,RESTORED
books/OT/jeremiah/Jeremiah_49.md,books/OT/jeremiah/Jeremiah_49.md,5,9,4,0,0,RESTORED
books/OT/jeremiah/Jeremiah_50.md,books/OT/jeremiah/Jeremiah_50.md,5,8,3,0,0,RESTORED
books/OT/jeremiah/Jeremiah_51.md,books/OT/jeremiah/Jeremiah_51.md,5,10,5,1,0,RESTORED
books/OT/jeremiah/Jeremiah_52.md,books/OT/jeremiah/Jeremiah_52.md,4,8,4,0,0,RESTORED
books/OT/job/Job_01.md,books/OT/job/Job_01.md,4,6,2,0,0,RESTORED
books/OT/job/Job_02.md,books/OT/job/Job_02.md,4,6,2,0,0,RESTORED
books/OT/job/Job_03.md,books/OT/job/Job_03.md,4,7,3,0,0,RESTORED
books/OT/job/Job_04.md,books/OT/job/Job_04.md,4,6,2,0,0,RESTORED
books/OT/job/Job_05.md,books/OT/job/Job_05.md,4,7,3,0,0,RESTORED
books/OT/job/Job_06.md,books/OT/job/Job_06.md,4,6,2,0,0,RESTORED
books/OT/job/Job_07.md,books/OT/job/Job_07.md,4,6,2,0,0,RESTORED
books/OT/job/Job_08.md,books/OT/job/Job_08.md,4,6,2,0,0,RESTORED
books/OT/job/Job_09.md,books/OT/job/Job_09.md,4,6,2,0,0,RESTORED
books/OT/job/Job_10.md,books/OT/job/Job_10.md,4,6,2,0,0,RESTORED
books/OT/job/Job_11.md,books/OT/job/Job_11.md,4,6,2,0,0,RESTORED
books/OT/job/Job_12.md,books/OT/job/Job_12.md,4,6,6,0,0,RESTORED
books/OT/job/Job_13.md,books/OT/job/Job_13.md,4,6,2,0,0,RESTORED
books/OT/job/Job_14.md,books/OT/job/Job_14.md,4,25,24,1,0,RESTORED
books/OT/job/Job_15.md,books/OT/job/Job_15.md,4,6,2,0,0,RESTORED
books/OT/job/Job_16.md,books/OT/job/Job_16.md,4,6,2,0,0,RESTORED
books/OT/job/Job_17.md,books/OT/job/Job_17.md,4,6,2,0,0,RESTORED
books/OT/job/Job_18.md,books/OT/job/Job_18.md,4,6,2,0,0,RESTORED
books/OT/job/Job_19.md,books/OT/job/Job_19.md,4,6,2,0,0,RESTORED
books/OT/job/Job_20.md,books/OT/job/Job_20.md,4,6,2,0,0,RESTORED
books/OT/job/Job_21.md,books/OT/job/Job_21.md,4,6,2,0,0,RESTORED
books/OT/job/Job_22.md,books/OT/job/Job_22.md,4,6,2,0,0,RESTORED
books/OT/job/Job_23.md,books/OT/job/Job_23.md,4,6,2,0,0,RESTORED
books/OT/job/Job_24.md,books/OT/job/Job_24.md,4,6,2,0,0,RESTORED
books/OT/job/Job_25.md,books/OT/job/Job_25.md,4,6,2,0,0,RESTORED
books/OT/job/Job_26.md,books/OT/job/Job_26.md,4,6,2,0,0,RESTORED
books/OT/job/Job_27.md,books/OT/job/Job_27.md,4,6,2,0,0,RESTORED
books/OT/job/Job_28.md,books/OT/job/Job_28.md,4,6,2,0,0,RESTORED
books/OT/job/Job_29.md,books/OT/job/Job_29.md,4,6,2,0,0,RESTORED
books/OT/job/Job_30.md,books/OT/job/Job_30.md,4,6,2,0,0,RESTORED
books/OT/job/Job_31.md,books/OT/job/Job_31.md,5,6,1,0,0,RESTORED
books/OT/job/Job_32.md,books/OT/job/Job_32.md,4,6,2,0,0,RESTORED
books/OT/job/Job_33.md,books/OT/job/Job_33.md,4,6,2,1,0,RESTORED
books/OT/job/Job_34.md,books/OT/job/Job_34.md,5,6,1,0,0,RESTORED
books/OT/job/Job_35.md,books/OT/job/Job_35.md,4,6,2,0,0,RESTORED
books/OT/job/Job_36.md,books/OT/job/Job_36.md,4,6,2,0,0,RESTORED
books/OT/job/Job_37.md,books/OT/job/Job_37.md,4,6,2,0,0,RESTORED
books/OT/job/Job_38.md,books/OT/job/Job_38.md,5,8,3,0,0,RESTORED
books/OT/job/Job_39.md,books/OT/job/Job_39.md,4,6,2,0,0,RESTORED
books/OT/job/Job_40.md,books/OT/job/Job_40.md,4,6,2,0,0,RESTORED
books/OT/job/Job_41.md,books/OT/job/Job_41.md,4,6,2,0,0,RESTORED
books/OT/job/Job_42.md,books/OT/job/Job_42.md,4,7,3,0,0,RESTORED
books/OT/joel/Joel_01.md,books/OT/joel/Joel_01.md,4,9,5,0,0,RESTORED
books/OT/joel/Joel_02.md,books/OT/joel/Joel_02.md,4,12,8,0,0,RESTORED
books/OT/joel/Joel_03.md,books/OT/joel/Joel_03.md,4,12,8,0,0,RESTORED
books/OT/jonah/Jonah_01.md,books/OT/jonah/Jonah_01.md,4,13,13,0,0,RESTORED
books/OT/jonah/Jonah_02.md,books/OT/jonah/Jonah_02.md,4,13,13,0,0,RESTORED
books/OT/jonah/Jonah_03.md,books/OT/jonah/Jonah_03.md,4,14,13,0,0,RESTORED
books/OT/jonah/Jonah_04.md,books/OT/jonah/Jonah_04.md,4,13,13,0,0,RESTORED
books/OT/joshua/Joshua_01.md,books/OT/joshua/Joshua_01.md,4,6,2,0,0,RESTORED
books/OT/joshua/Joshua_02.md,books/OT/joshua/Joshua_02.md,4,6,2,0,0,RESTORED
books/OT/joshua/Joshua_03.md,books/OT/joshua/Joshua_03.md,4,14,14,0,0,RESTORED
books/OT/joshua/Joshua_04.md,books/OT/joshua/Joshua_04.md,4,6,2,0,0,RESTORED
books/OT/joshua/Joshua_05.md,books/OT/joshua/Joshua_05.md,4,6,2,0,0,RESTORED
books/OT/joshua/Joshua_06.md,books/OT/joshua/Joshua_06.md,4,6,2,0,0,RESTORED
books/OT/joshua/Joshua_07.md,books/OT/joshua/Joshua_07.md,4,6,2,0,0,RESTORED
books/OT/joshua/Joshua_08.md,books/OT/joshua/Joshua_08.md,4,6,2,0,0,RESTORED
books/OT/joshua/Joshua_09.md,books/OT/joshua/Joshua_09.md,4,6,2,0,0,RESTORED
books/OT/joshua/Joshua_10.md,books/OT/joshua/Joshua_10.md,5,6,1,0,0,RESTORED
books/OT/joshua/Joshua_11.md,books/OT/joshua/Joshua_11.md,4,6,2,0,0,RESTORED
books/OT/joshua/Joshua_12.md,books/OT/joshua/Joshua_12.md,4,5,1,0,0,RESTORED
books/OT/joshua/Joshua_13.md,books/OT/joshua/Joshua_13.md,4,6,2,0,0,RESTORED
books/OT/joshua/Joshua_14.md,books/OT/joshua/Joshua_14.md,4,6,2,0,0,RESTORED
books/OT/joshua/Joshua_15.md,books/OT/joshua/Joshua_15.md,5,6,1,0,0,RESTORED
books/OT/joshua/Joshua_16.md,books/OT/joshua/Joshua_16.md,4,5,1,0,0,RESTORED
books/OT/joshua/Joshua_17.md,books/OT/joshua/Joshua_17.md,4,6,2,0,0,RESTORED
books/OT/joshua/Joshua_18.md,books/OT/joshua/Joshua_18.md,4,6,2,0,0,RESTORED
books/OT/joshua/Joshua_19.md,books/OT/joshua/Joshua_19.md,5,6,1,0,0,RESTORED
books/OT/joshua/Joshua_20.md,books/OT/joshua/Joshua_20.md,4,6,2,0,0,RESTORED
books/OT/joshua/Joshua_21.md,books/OT/joshua/Joshua_21.md,5,6,1,0,0,RESTORED
books/OT/joshua/Joshua_22.md,books/OT/joshua/Joshua_22.md,4,6,2,0,0,RESTORED
books/OT/joshua/Joshua_23.md,books/OT/joshua/Joshua_23.md,4,6,2,0,0,RESTORED
books/OT/joshua/Joshua_24.md,books/OT/joshua/Joshua_24.md,4,17,14,0,0,RESTORED
books/OT/judges/Judges_01.md,books/OT/judges/Judges_01.md,5,6,1,0,0,RESTORED
books/OT/judges/Judges_02.md,books/OT/judges/Judges_02.md,4,7,3,0,0,RESTORED
books/OT/judges/Judges_03.md,books/OT/judges/Judges_03.md,4,8,4,0,0,RESTORED
books/OT/judges/Judges_04.md,books/OT/judges/Judges_04.md,4,13,13,0,0,RESTORED
books/OT/judges/Judges_05.md,books/OT/judges/Judges_05.md,4,8,4,0,0,RESTORED
books/OT/judges/Judges_06.md,books/OT/judges/Judges_06.md,5,8,3,0,0,RESTORED
books/OT/judges/Judges_07.md,books/OT/judges/Judges_07.md,4,7,3,0,0,RESTORED
books/OT/judges/Judges_08.md,books/OT/judges/Judges_08.md,4,7,3,0,0,RESTORED
books/OT/judges/Judges_09.md,books/OT/judges/Judges_09.md,5,8,3,0,0,RESTORED
books/OT/judges/Judges_10.md,books/OT/judges/Judges_10.md,4,7,3,0,0,RESTORED
books/OT/judges/Judges_11.md,books/OT/judges/Judges_11.md,5,8,3,0,0,RESTORED
books/OT/judges/Judges_12.md,books/OT/judges/Judges_12.md,4,6,3,0,0,RESTORED
books/OT/judges/Judges_13.md,books/OT/judges/Judges_13.md,4,7,3,0,0,RESTORED
books/OT/judges/Judges_14.md,books/OT/judges/Judges_14.md,4,6,2,0,0,RESTORED
books/OT/judges/Judges_15.md,books/OT/judges/Judges_15.md,4,7,3,0,0,RESTORED
books/OT/judges/Judges_16.md,books/OT/judges/Judges_16.md,4,8,4,0,0,RESTORED
books/OT/judges/Judges_17.md,books/OT/judges/Judges_17.md,4,6,2,0,0,RESTORED
books/OT/judges/Judges_18.md,books/OT/judges/Judges_18.md,4,7,3,0,0,RESTORED
books/OT/judges/Judges_19.md,books/OT/judges/Judges_19.md,4,8,4,0,0,RESTORED
books/OT/judges/Judges_20.md,books/OT/judges/Judges_20.md,5,8,3,0,0,RESTORED
books/OT/judges/Judges_21.md,books/OT/judges/Judges_21.md,4,8,4,0,0,RESTORED
books/OT/lamentations/Lamentations_01.md,books/OT/lamentations/Lamentations_01.md,4,10,6,0,0,RESTORED
books/OT/lamentations/Lamentations_02.md,books/OT/lamentations/Lamentations_02.md,4,10,6,0,0,RESTORED
books/OT/lamentations/Lamentations_03.md,books/OT/lamentations/Lamentations_03.md,5,32,27,5,0,RESTORED
books/OT/lamentations/Lamentations_04.md,books/OT/lamentations/Lamentations_04.md,4,10,6,0,0,RESTORED
books/OT/lamentations/Lamentations_05.md,books/OT/lamentations/Lamentations_05.md,4,10,6,0,0,RESTORED
books/OT/leviticus/Leviticus_01.md,books/OT/leviticus/Leviticus_01.md,4,5,1,0,0,RESTORED
books/OT/leviticus/Leviticus_02.md,books/OT/leviticus/Leviticus_02.md,4,4,0,0,0,NO_LOST_VOCABULARY
books/OT/leviticus/Leviticus_03.md,books/OT/leviticus/Leviticus_03.md,4,4,0,0,0,NO_LOST_VOCABULARY
books/OT/leviticus/Leviticus_04.md,books/OT/leviticus/Leviticus_04.md,4,4,0,0,0,NO_LOST_VOCABULARY
books/OT/leviticus/Leviticus_05.md,books/OT/leviticus/Leviticus_05.md,4,5,1,0,0,RESTORED
books/OT/leviticus/Leviticus_06.md,books/OT/leviticus/Leviticus_06.md,4,5,1,0,0,RESTORED
books/OT/leviticus/Leviticus_07.md,books/OT/leviticus/Leviticus_07.md,5,5,0,0,0,NO_LOST_VOCABULARY
books/OT/leviticus/Leviticus_08.md,books/OT/leviticus/Leviticus_08.md,5,5,0,0,0,NO_LOST_VOCABULARY
books/OT/leviticus/Leviticus_09.md,books/OT/leviticus/Leviticus_09.md,4,4,0,0,0,NO_LOST_VOCABULARY
books/OT/leviticus/Leviticus_10.md,books/OT/leviticus/Leviticus_10.md,4,5,1,0,0,RESTORED
books/OT/leviticus/Leviticus_11.md,books/OT/leviticus/Leviticus_11.md,5,5,0,0,0,NO_LOST_VOCABULARY
books/OT/leviticus/Leviticus_12.md,books/OT/leviticus/Leviticus_12.md,4,4,0,0,0,NO_LOST_VOCABULARY
books/OT/leviticus/Leviticus_13.md,books/OT/leviticus/Leviticus_13.md,5,5,0,0,0,NO_LOST_VOCABULARY
books/OT/leviticus/Leviticus_14.md,books/OT/leviticus/Leviticus_14.md,5,5,0,0,0,NO_LOST_VOCABULARY
books/OT/leviticus/Leviticus_15.md,books/OT/leviticus/Leviticus_15.md,4,5,1,0,0,RESTORED
books/OT/leviticus/Leviticus_16.md,books/OT/leviticus/Leviticus_16.md,4,5,1,0,0,RESTORED
books/OT/leviticus/Leviticus_17.md,books/OT/leviticus/Leviticus_17.md,4,5,1,0,0,RESTORED
books/OT/leviticus/Leviticus_18.md,books/OT/leviticus/Leviticus_18.md,4,5,1,0,0,RESTORED
books/OT/leviticus/Leviticus_19.md,books/OT/leviticus/Leviticus_19.md,5,12,8,0,0,RESTORED
books/OT/leviticus/Leviticus_20.md,books/OT/leviticus/Leviticus_20.md,4,5,1,0,0,RESTORED
books/OT/leviticus/Leviticus_21.md,books/OT/leviticus/Leviticus_21.md,4,5,1,0,0,RESTORED
books/OT/leviticus/Leviticus_22.md,books/OT/leviticus/Leviticus_22.md,4,5,1,0,0,RESTORED
books/OT/leviticus/Leviticus_23.md,books/OT/leviticus/Leviticus_23.md,5,5,0,0,0,NO_LOST_VOCABULARY
books/OT/leviticus/Leviticus_24.md,books/OT/leviticus/Leviticus_24.md,4,5,1,0,0,RESTORED
books/OT/leviticus/Leviticus_25.md,books/OT/leviticus/Leviticus_25.md,5,8,3,0,0,RESTORED
books/OT/leviticus/Leviticus_26.md,books/OT/leviticus/Leviticus_26.md,5,9,4,0,0,RESTORED
books/OT/leviticus/Leviticus_27.md,books/OT/leviticus/Leviticus_27.md,4,8,4,0,0,RESTORED
books/OT/malachi/Malachi_01.md,books/OT/malachi/Malachi_01.md,4,13,13,0,0,RESTORED
books/OT/malachi/Malachi_02.md,books/OT/malachi/Malachi_02.md,4,12,12,0,0,RESTORED
books/OT/malachi/Malachi_03.md,books/OT/malachi/Malachi_03.md,4,13,12,0,0,RESTORED
books/OT/malachi/Malachi_04.md,books/OT/malachi/Malachi_04.md,4,13,13,0,0,RESTORED
books/OT/micah/Micah_01.md,books/OT/micah/Micah_01.md,4,12,11,0,0,RESTORED
books/OT/micah/Micah_02.md,books/OT/micah/Micah_02.md,4,12,11,0,0,RESTORED
books/OT/micah/Micah_03.md,books/OT/micah/Micah_03.md,4,13,13,0,0,RESTORED
books/OT/micah/Micah_04.md,books/OT/micah/Micah_04.md,4,12,11,0,0,RESTORED
books/OT/micah/Micah_05.md,books/OT/micah/Micah_05.md,4,13,11,0,0,RESTORED
books/OT/micah/Micah_06.md,books/OT/micah/Micah_06.md,0,8,8,0,0,RESTORED
books/OT/micah/Micah_07.md,books/OT/micah/Micah_07.md,4,12,11,0,0,RESTORED
books/OT/nahum/Nahum_01.md,books/OT/nahum/Nahum_01.md,4,8,4,0,0,RESTORED
books/OT/nahum/Nahum_02.md,books/OT/nahum/Nahum_02.md,4,8,4,0,0,RESTORED
books/OT/nahum/Nahum_03.md,books/OT/nahum/Nahum_03.md,4,9,5,0,0,RESTORED
books/OT/nehemiah/Nehemiah_01.md,books/OT/nehemiah/Nehemiah_01.md,4,7,3,0,0,RESTORED
books/OT/nehemiah/Nehemiah_02.md,books/OT/nehemiah/Nehemiah_02.md,4,7,3,0,0,RESTORED
books/OT/nehemiah/Nehemiah_03.md,books/OT/nehemiah/Nehemiah_03.md,4,7,3,0,0,RESTORED
books/OT/nehemiah/Nehemiah_04.md,books/OT/nehemiah/Nehemiah_04.md,4,7,3,0,0,RESTORED
books/OT/nehemiah/Nehemiah_05.md,books/OT/nehemiah/Nehemiah_05.md,4,7,3,0,0,RESTORED
books/OT/nehemiah/Nehemiah_06.md,books/OT/nehemiah/Nehemiah_06.md,4,7,3,0,0,RESTORED
books/OT/nehemiah/Nehemiah_07.md,books/OT/nehemiah/Nehemiah_07.md,6,7,1,0,0,RESTORED
books/OT/nehemiah/Nehemiah_08.md,books/OT/nehemiah/Nehemiah_08.md,4,7,3,0,0,RESTORED
books/OT/nehemiah/Nehemiah_09.md,books/OT/nehemiah/Nehemiah_09.md,5,8,3,0,0,RESTORED
books/OT/nehemiah/Nehemiah_10.md,books/OT/nehemiah/Nehemiah_10.md,5,7,2,0,0,RESTORED
books/OT/nehemiah/Nehemiah_11.md,books/OT/nehemiah/Nehemiah_11.md,5,7,2,0,0,RESTORED
books/OT/nehemiah/Nehemiah_12.md,books/OT/nehemiah/Nehemiah_12.md,5,7,2,0,0,RESTORED
books/OT/nehemiah/Nehemiah_13.md,books/OT/nehemiah/Nehemiah_13.md,4,8,4,0,0,RESTORED
books/OT/numbers/Numbers_01.md,books/OT/numbers/Numbers_01.md,5,5,0,0,0,NO_LOST_VOCABULARY
books/OT/numbers/Numbers_02.md,books/OT/numbers/Numbers_02.md,4,4,0,0,0,NO_LOST_VOCABULARY
books/OT/numbers/Numbers_03.md,books/OT/numbers/Numbers_03.md,5,5,0,0,0,NO_LOST_VOCABULARY
books/OT/numbers/Numbers_04.md,books/OT/numbers/Numbers_04.md,5,5,0,0,0,NO_LOST_VOCABULARY
books/OT/numbers/Numbers_05.md,books/OT/numbers/Numbers_05.md,4,5,1,0,0,RESTORED
books/OT/numbers/Numbers_06.md,books/OT/numbers/Numbers_06.md,4,39,30,1,8,RESTORED
books/OT/numbers/Numbers_07.md,books/OT/numbers/Numbers_07.md,5,5,0,0,0,NO_LOST_VOCABULARY
books/OT/numbers/Numbers_08.md,books/OT/numbers/Numbers_08.md,4,5,1,0,0,RESTORED
books/OT/numbers/Numbers_09.md,books/OT/numbers/Numbers_09.md,4,5,1,1,0,RESTORED
books/OT/numbers/Numbers_10.md,books/OT/numbers/Numbers_10.md,5,5,0,0,0,NO_LOST_VOCABULARY
books/OT/numbers/Numbers_11.md,books/OT/numbers/Numbers_11.md,4,16,15,0,0,RESTORED
books/OT/numbers/Numbers_12.md,books/OT/numbers/Numbers_12.md,4,5,1,0,0,RESTORED
books/OT/numbers/Numbers_13.md,books/OT/numbers/Numbers_13.md,4,6,2,0,0,RESTORED
books/OT/numbers/Numbers_14.md,books/OT/numbers/Numbers_14.md,5,6,1,0,0,RESTORED
books/OT/numbers/Numbers_15.md,books/OT/numbers/Numbers_15.md,5,6,1,0,0,RESTORED
books/OT/numbers/Numbers_16.md,books/OT/numbers/Numbers_16.md,5,6,1,1,0,RESTORED
books/OT/numbers/Numbers_17.md,books/OT/numbers/Numbers_17.md,4,5,1,0,0,RESTORED
books/OT/numbers/Numbers_18.md,books/OT/numbers/Numbers_18.md,4,5,1,0,0,RESTORED
books/OT/numbers/Numbers_19.md,books/OT/numbers/Numbers_19.md,4,5,1,0,0,RESTORED
books/OT/numbers/Numbers_20.md,books/OT/numbers/Numbers_20.md,4,5,1,0,0,RESTORED
books/OT/numbers/Numbers_21.md,books/OT/numbers/Numbers_21.md,4,11,11,0,0,RESTORED
books/OT/numbers/Numbers_22.md,books/OT/numbers/Numbers_22.md,5,5,0,0,0,NO_LOST_VOCABULARY
books/OT/numbers/Numbers_23.md,books/OT/numbers/Numbers_23.md,4,5,1,0,0,RESTORED
books/OT/numbers/Numbers_24.md,books/OT/numbers/Numbers_24.md,4,6,2,0,0,RESTORED
books/OT/numbers/Numbers_25.md,books/OT/numbers/Numbers_25.md,4,5,1,0,0,RESTORED
books/OT/numbers/Numbers_26.md,books/OT/numbers/Numbers_26.md,5,5,0,0,0,NO_LOST_VOCABULARY
books/OT/numbers/Numbers_27.md,books/OT/numbers/Numbers_27.md,4,5,1,0,0,RESTORED
books/OT/numbers/Numbers_28.md,books/OT/numbers/Numbers_28.md,4,5,1,0,0,RESTORED
books/OT/numbers/Numbers_29.md,books/OT/numbers/Numbers_29.md,5,5,0,0,0,NO_LOST_VOCABULARY
books/OT/numbers/Numbers_30.md,books/OT/numbers/Numbers_30.md,4,5,1,0,0,RESTORED
books/OT/numbers/Numbers_31.md,books/OT/numbers/Numbers_31.md,5,6,1,0,0,RESTORED
books/OT/numbers/Numbers_32.md,books/OT/numbers/Numbers_32.md,5,6,1,0,0,RESTORED
books/OT/numbers/Numbers_33.md,books/OT/numbers/Numbers_33.md,5,6,1,0,0,RESTORED
books/OT/numbers/Numbers_34.md,books/OT/numbers/Numbers_34.md,4,5,1,0,0,RESTORED
books/OT/numbers/Numbers_35.md,books/OT/numbers/Numbers_35.md,4,5,1,0,0,RESTORED
books/OT/numbers/Numbers_36.md,books/OT/numbers/Numbers_36.md,4,5,1,0,0,RESTORED
books/OT/obadiah/Obadiah_01.md,books/OT/obadiah/Obadiah_01.md,4,14,10,0,0,RESTORED
books/OT/proverbs/Proverbs_01.md,books/OT/proverbs/Proverbs_01.md,4,12,8,0,0,RESTORED
books/OT/proverbs/Proverbs_02.md,books/OT/proverbs/Proverbs_02.md,4,15,14,0,0,RESTORED
books/OT/proverbs/Proverbs_03.md,books/OT/proverbs/Proverbs_03.md,4,9,8,1,0,RESTORED
books/OT/proverbs/Proverbs_04.md,books/OT/proverbs/Proverbs_04.md,4,9,8,0,0,RESTORED
books/OT/proverbs/Proverbs_05.md,books/OT/proverbs/Proverbs_05.md,4,10,9,0,0,RESTORED
books/OT/proverbs/Proverbs_06.md,books/OT/proverbs/Proverbs_06.md,4,10,8,0,0,RESTORED
books/OT/proverbs/Proverbs_07.md,books/OT/proverbs/Proverbs_07.md,4,10,6,0,0,RESTORED
books/OT/proverbs/Proverbs_08.md,books/OT/proverbs/Proverbs_08.md,5,13,8,0,0,RESTORED
books/OT/proverbs/Proverbs_09.md,books/OT/proverbs/Proverbs_09.md,4,9,5,0,0,RESTORED
books/OT/proverbs/Proverbs_10.md,books/OT/proverbs/Proverbs_10.md,4,10,6,0,0,RESTORED
books/OT/proverbs/Proverbs_11.md,books/OT/proverbs/Proverbs_11.md,4,10,6,0,0,RESTORED
books/OT/proverbs/Proverbs_12.md,books/OT/proverbs/Proverbs_12.md,4,9,5,0,0,RESTORED
books/OT/proverbs/Proverbs_13.md,books/OT/proverbs/Proverbs_13.md,4,12,9,0,0,RESTORED
books/OT/proverbs/Proverbs_14.md,books/OT/proverbs/Proverbs_14.md,4,8,4,0,0,RESTORED
books/OT/proverbs/Proverbs_15.md,books/OT/proverbs/Proverbs_15.md,4,8,6,0,0,RESTORED
books/OT/proverbs/Proverbs_16.md,books/OT/proverbs/Proverbs_16.md,4,8,4,0,0,RESTORED
books/OT/proverbs/Proverbs_17.md,books/OT/proverbs/Proverbs_17.md,4,8,4,0,0,RESTORED
books/OT/proverbs/Proverbs_18.md,books/OT/proverbs/Proverbs_18.md,4,8,4,0,0,RESTORED
books/OT/proverbs/Proverbs_19.md,books/OT/proverbs/Proverbs_19.md,4,8,6,0,0,RESTORED
books/OT/proverbs/Proverbs_20.md,books/OT/proverbs/Proverbs_20.md,4,8,4,0,0,RESTORED
books/OT/proverbs/Proverbs_21.md,books/OT/proverbs/Proverbs_21.md,4,8,7,0,0,RESTORED
books/OT/proverbs/Proverbs_22.md,books/OT/proverbs/Proverbs_22.md,4,8,8,0,0,RESTORED
books/OT/proverbs/Proverbs_23.md,books/OT/proverbs/Proverbs_23.md,4,8,4,0,0,RESTORED
books/OT/proverbs/Proverbs_24.md,books/OT/proverbs/Proverbs_24.md,4,8,6,0,0,RESTORED
books/OT/proverbs/Proverbs_25.md,books/OT/proverbs/Proverbs_25.md,4,8,5,0,0,RESTORED
books/OT/proverbs/Proverbs_26.md,books/OT/proverbs/Proverbs_26.md,4,8,7,0,0,RESTORED
books/OT/proverbs/Proverbs_27.md,books/OT/proverbs/Proverbs_27.md,4,8,4,0,0,RESTORED
books/OT/proverbs/Proverbs_28.md,books/OT/proverbs/Proverbs_28.md,4,8,7,0,0,RESTORED
books/OT/proverbs/Proverbs_29.md,books/OT/proverbs/Proverbs_29.md,4,8,4,0,0,RESTORED
books/OT/proverbs/Proverbs_30.md,books/OT/proverbs/Proverbs_30.md,4,8,5,0,0,RESTORED
books/OT/proverbs/Proverbs_31.md,books/OT/proverbs/Proverbs_31.md,4,11,8,0,0,RESTORED
books/OT/psalms/Psalm_001.md,books/OT/psalms/Psalm_001.md,4,11,11,0,0,RESTORED
books/OT/psalms/Psalm_002.md,books/OT/psalms/Psalm_002.md,4,9,9,0,0,RESTORED
books/OT/psalms/Psalm_003.md,books/OT/psalms/Psalm_003.md,4,10,10,0,0,RESTORED
books/OT/psalms/Psalm_004.md,books/OT/psalms/Psalm_004.md,4,12,12,0,0,RESTORED
books/OT/psalms/Psalm_005.md,books/OT/psalms/Psalm_005.md,4,11,11,0,0,RESTORED
books/OT/psalms/Psalm_006.md,books/OT/psalms/Psalm_006.md,4,12,12,0,0,RESTORED
books/OT/psalms/Psalm_007.md,books/OT/psalms/Psalm_007.md,4,14,14,0,0,RESTORED
books/OT/psalms/Psalm_008.md,books/OT/psalms/Psalm_008.md,4,0,0,0,0,SOURCE_HAS_NO_VOCABULARY
books/OT/psalms/Psalm_009.md,books/OT/psalms/Psalm_009.md,4,14,12,0,0,RESTORED
books/OT/psalms/Psalm_010.md,books/OT/psalms/Psalm_010.md,4,15,14,0,0,RESTORED
books/OT/psalms/Psalm_011.md,books/OT/psalms/Psalm_011.md,4,12,12,0,0,RESTORED
books/OT/psalms/Psalm_012.md,books/OT/psalms/Psalm_012.md,4,13,13,0,0,RESTORED
books/OT/psalms/Psalm_013.md,books/OT/psalms/Psalm_013.md,4,6,2,0,0,RESTORED
books/OT/psalms/Psalm_014.md,books/OT/psalms/Psalm_014.md,4,8,8,0,0,RESTORED
books/OT/psalms/Psalm_015.md,books/OT/psalms/Psalm_015.md,4,9,9,0,0,RESTORED
books/OT/psalms/Psalm_016.md,books/OT/psalms/Psalm_016.md,4,11,10,0,0,RESTORED
books/OT/psalms/Psalm_017.md,books/OT/psalms/Psalm_017.md,4,15,15,0,0,RESTORED
books/OT/psalms/Psalm_018.md,books/OT/psalms/Psalm_018.md,5,15,14,0,0,RESTORED
books/OT/psalms/Psalm_019.md,books/OT/psalms/Psalm_019.md,4,17,16,0,0,RESTORED
books/OT/psalms/Psalm_020.md,books/OT/psalms/Psalm_020.md,4,12,12,0,0,RESTORED
books/OT/psalms/Psalm_021.md,books/OT/psalms/Psalm_21.md,3,3,0,0,3,TEXT_CHANGED_SKIPS
books/OT/psalms/Psalm_022.md,books/OT/psalms/Psalm_022.md,18,25,7,0,0,RESTORED
books/OT/psalms/Psalm_023.md,books/OT/psalms/Psalm_023.md,4,8,8,0,0,RESTORED
books/OT/psalms/Psalm_024.md,books/OT/psalms/Psalm_024.md,4,5,5,0,0,RESTORED
books/OT/psalms/Psalm_025.md,books/OT/psalms/Psalm_025.md,4,6,5,1,0,RESTORED
books/OT/psalms/Psalm_026.md,books/OT/psalms/Psalm_026.md,4,21,21,0,0,RESTORED
books/OT/psalms/Psalm_027.md,books/OT/psalms/Psalm_027.md,4,10,9,1,0,RESTORED
books/OT/psalms/Psalm_028.md,books/OT/psalms/Psalm_028.md,4,4,0,0,4,TEXT_CHANGED_SKIPS
books/OT/psalms/Psalm_029.md,books/OT/psalms/Psalm_029.md,4,4,0,0,4,TEXT_CHANGED_SKIPS
books/OT/psalms/Psalm_030.md,books/OT/psalms/Psalm_030.md,4,5,0,0,5,TEXT_CHANGED_SKIPS
books/OT/psalms/Psalm_031.md,books/OT/psalms/Psalm_031.md,4,34,34,0,0,RESTORED
books/OT/psalms/Psalm_032.md,books/OT/psalms/Psalm_032.md,4,23,22,1,0,RESTORED
books/OT/psalms/Psalm_033.md,books/OT/psalms/Psalm_033.md,4,25,25,0,0,RESTORED
books/OT/psalms/Psalm_034.md,books/OT/psalms/Psalm_034.md,4,5,0,0,5,TEXT_CHANGED_SKIPS
books/OT/psalms/Psalm_035.md,books/OT/psalms/Psalm_035.md,4,6,4,2,0,RESTORED
books/OT/psalms/Psalm_036.md,books/OT/psalms/Psalm_036.md,4,5,0,0,5,TEXT_CHANGED_SKIPS
books/OT/psalms/Psalm_037.md,books/OT/psalms/Psalm_037.md,5,7,3,4,0,RESTORED
books/OT/psalms/Psalm_038.md,books/OT/psalms/Psalm_038.md,4,5,0,0,5,TEXT_CHANGED_SKIPS
books/OT/psalms/Psalm_039.md,books/OT/psalms/Psalm_039.md,4,5,0,0,5,TEXT_CHANGED_SKIPS
books/OT/psalms/Psalm_040.md,books/OT/psalms/Psalm_040.md,1,17,16,0,0,RESTORED
books/OT/psalms/Psalm_041.md,books/OT/psalms/Psalm_041.md,4,6,2,0,0,RESTORED
books/OT/psalms/Psalm_042.md,books/OT/psalms/Psalm_042.md,4,7,3,0,0,RESTORED
books/OT/psalms/Psalm_043.md,books/OT/psalms/Psalm_043.md,4,6,2,0,0,RESTORED
books/OT/psalms/Psalm_044.md,books/OT/psalms/Psalm_044.md,4,8,4,1,0,RESTORED
books/OT/psalms/Psalm_045.md,books/OT/psalms/Psalm_045.md,10,21,11,0,0,RESTORED
books/OT/psalms/Psalm_046.md,books/OT/psalms/Psalm_046.md,4,9,9,0,0,RESTORED
books/OT/psalms/Psalm_047.md,books/OT/psalms/Psalm_047.md,4,10,10,0,0,RESTORED
books/OT/psalms/Psalm_048.md,books/OT/psalms/Psalm_048.md,2,2,0,2,0,CONFLICTS_ONLY
books/OT/psalms/Psalm_049.md,books/OT/psalms/Psalm_049.md,2,2,0,1,0,CONFLICTS_ONLY
books/OT/psalms/Psalm_050.md,books/OT/psalms/Psalm_050.md,4,26,26,0,0,RESTORED
books/OT/psalms/Psalm_051.md,books/OT/psalms/Psalm_051.md,4,6,5,1,0,RESTORED
books/OT/psalms/Psalm_052.md,books/OT/psalms/Psalm_052.md,1,1,0,0,1,TEXT_CHANGED_SKIPS
books/OT/psalms/Psalm_053.md,books/OT/psalms/Psalm_053.md,1,1,0,0,1,TEXT_CHANGED_SKIPS
books/OT/psalms/Psalm_054.md,books/OT/psalms/Psalm_054.md,3,3,0,0,3,TEXT_CHANGED_SKIPS
books/OT/psalms/Psalm_055.md,books/OT/psalms/Psalm_055.md,3,3,0,0,3,TEXT_CHANGED_SKIPS
books/OT/psalms/Psalm_056.md,books/OT/psalms/Psalm_056.md,2,0,0,0,0,SOURCE_HAS_NO_VOCABULARY
books/OT/psalms/Psalm_057.md,books/OT/psalms/Psalm_057.md,2,0,0,0,0,SOURCE_HAS_NO_VOCABULARY
books/OT/psalms/Psalm_058.md,books/OT/psalms/Psalm_058.md,3,3,0,0,3,TEXT_CHANGED_SKIPS
books/OT/psalms/Psalm_059.md,books/OT/psalms/Psalm_059.md,4,4,0,0,4,TEXT_CHANGED_SKIPS
books/OT/psalms/Psalm_060.md,books/OT/psalms/Psalm_060.md,3,0,0,0,0,SOURCE_HAS_NO_VOCABULARY
books/OT/psalms/Psalm_061.md,books/OT/psalms/Psalm_061.md,4,4,0,0,4,TEXT_CHANGED_SKIPS
books/OT/psalms/Psalm_062.md,books/OT/psalms/Psalm_062.md,2,0,0,0,0,SOURCE_HAS_NO_VOCABULARY
books/OT/psalms/Psalm_063.md,books/OT/psalms/Psalm_063.md,2,2,0,0,2,TEXT_CHANGED_SKIPS
books/OT/psalms/Psalm_064.md,books/OT/psalms/Psalm_064.md,4,0,0,0,0,SOURCE_HAS_NO_VOCABULARY
books/OT/psalms/Psalm_065.md,books/OT/psalms/Psalm_065.md,4,4,0,0,4,TEXT_CHANGED_SKIPS
books/OT/psalms/Psalm_066.md,books/OT/psalms/Psalm_066.md,4,12,9,0,0,RESTORED
books/OT/psalms/Psalm_067.md,books/OT/psalms/Psalm_067.md,4,14,14,0,0,RESTORED
books/OT/psalms/Psalm_068.md,books/OT/psalms/Psalm_068.md,4,15,15,0,0,RESTORED
books/OT/psalms/Psalm_069.md,books/OT/psalms/Psalm_069.md,5,12,7,0,0,RESTORED
books/OT/psalms/Psalm_070.md,books/OT/psalms/Psalm_070.md,3,0,0,0,0,SOURCE_HAS_NO_VOCABULARY
books/OT/psalms/Psalm_071.md,books/OT/psalms/Psalm_071.md,2,0,0,0,0,SOURCE_HAS_NO_VOCABULARY
books/OT/psalms/Psalm_072.md,books/OT/psalms/Psalm_072.md,4,5,5,0,0,RESTORED
books/OT/psalms/Psalm_073.md,books/OT/psalms/Psalm_073.md,3,3,3,0,0,RESTORED
books/OT/psalms/Psalm_074.md,books/OT/psalms/Psalm_074.md,3,0,0,0,0,SOURCE_HAS_NO_VOCABULARY
books/OT/psalms/Psalm_075.md,books/OT/psalms/Psalm_075.md,3,3,0,0,3,TEXT_CHANGED_SKIPS
books/OT/psalms/Psalm_076.md,books/OT/psalms/Psalm_076.md,2,2,0,0,0,NO_LOST_VOCABULARY
books/OT/psalms/Psalm_077.md,books/OT/psalms/Psalm_077.md,1,1,0,0,0,NO_LOST_VOCABULARY
books/OT/psalms/Psalm_078.md,books/OT/psalms/Psalm_078.md,6,10,7,0,0,RESTORED
books/OT/psalms/Psalm_079.md,books/OT/psalms/Psalm_079.md,4,4,0,1,3,CONFLICTS_ONLY
books/OT/psalms/Psalm_080.md,books/OT/psalms/Psalm_080.md,4,9,9,0,0,RESTORED
books/OT/psalms/Psalm_081.md,books/OT/psalms/Psalm_081.md,2,2,0,0,0,NO_LOST_VOCABULARY
books/OT/psalms/Psalm_082.md,books/OT/psalms/Psalm_082.md,2,2,0,1,0,CONFLICTS_ONLY
books/OT/psalms/Psalm_083.md,books/OT/psalms/Psalm_083.md,2,2,0,2,0,CONFLICTS_ONLY
books/OT/psalms/Psalm_084.md,books/OT/psalms/Psalm_084.md,2,2,0,0,0,NO_LOST_VOCABULARY
books/OT/psalms/Psalm_085.md,books/OT/psalms/Psalm_085.md,4,9,6,0,0,RESTORED
books/OT/psalms/Psalm_086.md,books/OT/psalms/Psalm_086.md,4,9,8,0,0,RESTORED
books/OT/psalms/Psalm_087.md,books/OT/psalms/Psalm_087.md,2,2,0,1,0,CONFLICTS_ONLY
books/OT/psalms/Psalm_088.md,books/OT/psalms/Psalm_088.md,3,3,1,0,0,RESTORED
books/OT/psalms/Psalm_089.md,books/OT/psalms/Psalm_089.md,5,10,8,0,0,RESTORED
books/OT/psalms/Psalm_090.md,books/OT/psalms/Psalm_090.md,4,10,10,0,0,RESTORED
books/OT/psalms/Psalm_091.md,books/OT/psalms/Psalm_091.md,4,10,9,1,0,RESTORED
books/OT/psalms/Psalm_092.md,books/OT/psalms/Psalm_092.md,4,10,9,0,0,RESTORED
books/OT/psalms/Psalm_093.md,books/OT/psalms/Psalm_093.md,4,11,11,0,0,RESTORED
books/OT/psalms/Psalm_094.md,books/OT/psalms/Psalm_094.md,2,2,0,0,0,NO_LOST_VOCABULARY
books/OT/psalms/Psalm_095.md,books/OT/psalms/Psalm_095.md,4,0,0,0,0,SOURCE_HAS_NO_VOCABULARY
books/OT/psalms/Psalm_096.md,books/OT/psalms/Psalm_096.md,4,9,7,0,0,RESTORED
books/OT/psalms/Psalm_097.md,books/OT/psalms/Psalm_097.md,2,2,0,0,0,NO_LOST_VOCABULARY
books/OT/psalms/Psalm_098.md,books/OT/psalms/Psalm_098.md,4,4,0,0,4,TEXT_CHANGED_SKIPS
books/OT/psalms/Psalm_099.md,books/OT/psalms/Psalm_099.md,4,9,9,0,0,RESTORED
books/OT/psalms/Psalm_100.md,books/OT/psalms/Psalm_100.md,4,8,8,0,0,RESTORED
books/OT/psalms/Psalm_101.md,books/OT/psalms/Psalm_101.md,1,1,0,0,0,NO_LOST_VOCABULARY
books/OT/psalms/Psalm_102.md,books/OT/psalms/Psalm_102.md,2,2,0,0,0,NO_LOST_VOCABULARY
books/OT/psalms/Psalm_103.md,books/OT/psalms/Psalm_103.md,4,10,10,0,0,RESTORED
books/OT/psalms/Psalm_104.md,books/OT/psalms/Psalm_104.md,4,21,19,0,0,RESTORED
books/OT/psalms/Psalm_105.md,books/OT/psalms/Psalm_105.md,5,10,8,0,0,RESTORED
books/OT/psalms/Psalm_106.md,books/OT/psalms/Psalm_106.md,5,10,9,0,0,RESTORED
books/OT/psalms/Psalm_107.md,books/OT/psalms/Psalm_107.md,5,10,9,0,0,RESTORED
books/OT/psalms/Psalm_108.md,books/OT/psalms/Psalm_108.md,1,1,0,0,0,NO_LOST_VOCABULARY
books/OT/psalms/Psalm_109.md,books/OT/psalms/Psalm_109.md,2,2,0,1,0,CONFLICTS_ONLY
books/OT/psalms/Psalm_110.md,books/OT/psalms/Psalm_110.md,2,2,0,0,0,NO_LOST_VOCABULARY
books/OT/psalms/Psalm_111.md,books/OT/psalms/Psalm_111.md,2,2,0,0,0,NO_LOST_VOCABULARY
books/OT/psalms/Psalm_112.md,books/OT/psalms/Psalm_112.md,1,1,1,0,0,RESTORED
books/OT/psalms/Psalm_113.md,books/OT/psalms/Psalm_113.md,4,15,15,0,0,RESTORED
books/OT/psalms/Psalm_114.md,books/OT/psalms/Psalm_114.md,4,8,8,0,0,RESTORED
books/OT/psalms/Psalm_115.md,books/OT/psalms/Psalm_115.md,2,2,0,0,0,NO_LOST_VOCABULARY
books/OT/psalms/Psalm_116.md,books/OT/psalms/Psalm_116.md,9,24,15,0,0,RESTORED
books/OT/psalms/Psalm_117.md,books/OT/psalms/Psalm_117.md,2,2,1,0,0,RESTORED
books/OT/psalms/Psalm_118.md,books/OT/psalms/Psalm_118.md,13,22,9,0,0,RESTORED
books/OT/psalms/Psalm_119.md,books/OT/psalms/Psalm_119.md,9,0,0,0,0,SOURCE_HAS_NO_VOCABULARY
books/OT/psalms/Psalm_120.md,books/OT/psalms/Psalm_120.md,1,1,0,1,0,CONFLICTS_ONLY
books/OT/psalms/Psalm_121.md,books/OT/psalms/Psalm_121.md,4,10,10,0,0,RESTORED
books/OT/psalms/Psalm_122.md,books/OT/psalms/Psalm_122.md,2,2,2,0,0,RESTORED
books/OT/psalms/Psalm_123.md,books/OT/psalms/Psalm_123.md,1,1,0,0,0,NO_LOST_VOCABULARY
books/OT/psalms/Psalm_124.md,books/OT/psalms/Psalm_124.md,4,8,8,0,0,RESTORED
books/OT/psalms/Psalm_125.md,books/OT/psalms/Psalm_125.md,1,1,0,0,0,NO_LOST_VOCABULARY
books/OT/psalms/Psalm_126.md,books/OT/psalms/Psalm_126.md,2,2,0,1,0,CONFLICTS_ONLY
books/OT/psalms/Psalm_127.md,books/OT/psalms/Psalm_127.md,1,1,0,0,0,NO_LOST_VOCABULARY
books/OT/psalms/Psalm_128.md,books/OT/psalms/Psalm_128.md,4,8,8,0,0,RESTORED
books/OT/psalms/Psalm_129.md,books/OT/psalms/Psalm_129.md,0,0,0,0,0,SOURCE_HAS_NO_VOCABULARY
books/OT/psalms/Psalm_130.md,books/OT/psalms/Psalm_130.md,1,14,13,0,0,RESTORED
books/OT/psalms/Psalm_131.md,books/OT/psalms/Psalm_131.md,1,1,0,0,0,NO_LOST_VOCABULARY
books/OT/psalms/Psalm_132.md,books/OT/psalms/Psalm_132.md,2,2,0,0,0,NO_LOST_VOCABULARY
books/OT/psalms/Psalm_133.md,books/OT/psalms/Psalm_133.md,4,10,10,0,0,RESTORED
books/OT/psalms/Psalm_134.md,books/OT/psalms/Psalm_134.md,0,0,0,0,0,SOURCE_HAS_NO_VOCABULARY
books/OT/psalms/Psalm_135.md,books/OT/psalms/Psalm_135.md,2,2,1,0,0,RESTORED
books/OT/psalms/Psalm_136.md,books/OT/psalms/Psalm_136.md,1,0,0,0,0,SOURCE_HAS_NO_VOCABULARY
books/OT/psalms/Psalm_137.md,books/OT/psalms/Psalm_137.md,2,2,0,0,0,NO_LOST_VOCABULARY
books/OT/psalms/Psalm_138.md,books/OT/psalms/Psalm_138.md,4,10,10,0,0,RESTORED
books/OT/psalms/Psalm_139.md,books/OT/psalms/Psalm_139.md,4,8,7,1,0,RESTORED
books/OT/psalms/Psalm_140.md,books/OT/psalms/Psalm_140.md,2,2,0,1,0,CONFLICTS_ONLY
books/OT/psalms/Psalm_141.md,books/OT/psalms/Psalm_141.md,2,2,0,1,0,CONFLICTS_ONLY
books/OT/psalms/Psalm_142.md,books/OT/psalms/Psalm_142.md,1,1,0,0,0,NO_LOST_VOCABULARY
books/OT/psalms/Psalm_143.md,books/OT/psalms/Psalm_143.md,2,2,0,0,0,NO_LOST_VOCABULARY
books/OT/psalms/Psalm_144.md,books/OT/psalms/Psalm_144.md,2,2,1,0,0,RESTORED
books/OT/psalms/Psalm_145.md,books/OT/psalms/Psalm_145.md,4,14,13,0,0,RESTORED
books/OT/psalms/Psalm_146.md,books/OT/psalms/Psalm_146.md,3,0,0,0,0,SOURCE_HAS_NO_VOCABULARY
books/OT/psalms/Psalm_147.md,books/OT/psalms/Psalm_147.md,2,2,1,0,0,RESTORED
books/OT/psalms/Psalm_148.md,books/OT/psalms/Psalm_148.md,2,2,0,0,0,NO_LOST_VOCABULARY
books/OT/psalms/Psalm_149.md,books/OT/psalms/Psalm_149.md,4,14,14,0,0,RESTORED
books/OT/psalms/Psalm_150.md,books/OT/psalms/Psalm_150.md,1,1,0,0,0,NO_LOST_VOCABULARY
books/OT/ruth/Ruth_01.md,books/OT/ruth/Ruth_01.md,4,8,5,1,0,RESTORED
books/OT/ruth/Ruth_02.md,books/OT/ruth/Ruth_02.md,4,12,10,0,0,RESTORED
books/OT/ruth/Ruth_03.md,books/OT/ruth/Ruth_03.md,4,12,10,0,0,RESTORED
books/OT/ruth/Ruth_04.md,books/OT/ruth/Ruth_04.md,4,13,13,0,0,RESTORED
books/OT/songofsongs/SongOfSongs_01.md,books/OT/songofsongs/SongOfSongs_01.md,4,13,13,0,0,RESTORED
books/OT/songofsongs/SongOfSongs_02.md,books/OT/songofsongs/SongOfSongs_02.md,4,12,12,0,0,RESTORED
books/OT/songofsongs/SongOfSongs_03.md,books/OT/songofsongs/SongOfSongs_03.md,4,12,12,0,0,RESTORED
books/OT/songofsongs/SongOfSongs_04.md,books/OT/songofsongs/SongOfSongs_04.md,4,13,13,0,0,RESTORED
books/OT/songofsongs/SongOfSongs_05.md,books/OT/songofsongs/SongOfSongs_05.md,4,13,13,0,0,RESTORED
books/OT/songofsongs/SongOfSongs_06.md,books/OT/songofsongs/SongOfSongs_06.md,4,12,12,0,0,RESTORED
books/OT/songofsongs/SongOfSongs_07.md,books/OT/songofsongs/SongOfSongs_07.md,4,13,13,0,0,RESTORED
books/OT/songofsongs/SongOfSongs_08.md,books/OT/songofsongs/SongOfSongs_08.md,4,13,12,0,0,RESTORED
books/OT/zechariah/Zechariah_01.md,books/OT/zechariah/Zechariah_01.md,4,7,3,0,0,RESTORED
books/OT/zechariah/Zechariah_02.md,books/OT/zechariah/Zechariah_02.md,4,7,3,0,0,RESTORED
books/OT/zechariah/Zechariah_03.md,books/OT/zechariah/Zechariah_03.md,4,8,8,0,0,RESTORED
books/OT/zechariah/Zechariah_04.md,books/OT/zechariah/Zechariah_04.md,4,8,7,0,0,RESTORED
books/OT/zechariah/Zechariah_05.md,books/OT/zechariah/Zechariah_05.md,4,6,6,0,0,RESTORED
books/OT/zechariah/Zechariah_06.md,books/OT/zechariah/Zechariah_06.md,4,7,3,0,0,RESTORED
books/OT/zechariah/Zechariah_07.md,books/OT/zechariah/Zechariah_07.md,4,7,7,0,0,RESTORED
books/OT/zechariah/Zechariah_08.md,books/OT/zechariah/Zechariah_08.md,4,10,6,0,0,RESTORED
books/OT/zechariah/Zechariah_09.md,books/OT/zechariah/Zechariah_09.md,4,8,4,0,0,RESTORED
books/OT/zechariah/Zechariah_10.md,books/OT/zechariah/Zechariah_10.md,4,9,9,0,0,RESTORED
books/OT/zechariah/Zechariah_11.md,books/OT/zechariah/Zechariah_11.md,4,9,9,0,0,RESTORED
books/OT/zechariah/Zechariah_12.md,books/OT/zechariah/Zechariah_12.md,4,10,8,0,0,RESTORED
books/OT/zechariah/Zechariah_13.md,books/OT/zechariah/Zechariah_13.md,4,9,9,0,0,RESTORED
books/OT/zechariah/Zechariah_14.md,books/OT/zechariah/Zechariah_14.md,4,10,9,0,0,RESTORED
books/OT/zephaniah/Zephaniah_01.md,books/OT/zephaniah/Zephaniah_01.md,4,8,0,0,8,TEXT_CHANGED_SKIPS
books/OT/zephaniah/Zephaniah_02.md,books/OT/zephaniah/Zephaniah_02.md,4,7,0,0,7,TEXT_CHANGED_SKIPS
books/OT/zephaniah/Zephaniah_03.md,books/OT/zephaniah/Zephaniah_03.md,4,10,9,1,0,RESTORED
