25:1|The word of the LORD came to me:|Retains the repeated word-event formula.
25:2|“Son of man, turn your face toward the Ammonites and prophesy against them.|Keeps the embodied direction and named target.
25:3|Tell the Ammonites: Hear the word of the Lord GOD! This is what the Lord GOD says: You said ‘Aha!’ when my sanctuary was profaned, when Israel’s land was laid waste, and when the house of Judah went into exile.|Preserves three occasions of gloating and both titles.
25:4|So I am handing you over to the people of the east as their possession. They will pitch their camps among you and set up their dwellings there. They will eat your fruit and drink your milk.|Makes the invaders clear without supplying an ethnicity.
25:5|I will make Rabbah a pasture for camels and Ammon a resting place for flocks. Then you will know that I am the LORD.|Retains distinct animals and recognition refrain.
25:6|For this is what the Lord GOD says: You clapped your hands and stamped your feet, rejoicing over Israel’s land with all the contempt in your heart.|Keeps the gestures tied to contemptuous joy.
25:7|So I have stretched out my hand against you. I will give you as plunder to the nations, cut you off from the peoples, and make you disappear from the lands. I will destroy you. Then you will know that I am the LORD.|Follows read-form plunder; retains accumulating threats.
25:8|“This is what the Lord GOD says: Moab and Seir said, ‘Look, the house of Judah is just like every other nation.’|Preserves both speakers and their taunt.
25:9|So I am opening Moab’s flank, stripping away its frontier towns, the glory of the land: Beth-jeshimoth, Baal-meon, and Kiriathaim.|Keeps flank image and three named towns.
25:10|I will give Moab to the people of the east as a possession, along with the Ammonites, so that the Ammonites will no longer be remembered among the nations.|Retains the unexpected repeated Ammon reference.
25:11|I will carry out judgments against Moab. Then they will know that I am the LORD.|Preserves plural judgments and recognition.
25:12|“This is what the Lord GOD says: Edom took vengeance on the house of Judah and became deeply guilty by taking revenge on them.|Preserves repeated vengeance and emphatic guilt.
25:13|Therefore this is what the Lord GOD says: I will stretch out my hand against Edom and cut off humans and animals from it. I will make it a waste from Teman onward; as far as Dedan they will fall by the sword.|Keeps geographic reach and nonhuman losses.
25:14|I will put my vengeance against Edom into the hands of my people Israel. They will act against Edom according to my anger and fury, and Edom will know my vengeance, declares the Lord GOD.|Makes Edom the final referent without softening agency.
25:15|“This is what the Lord GOD says: The Philistines acted in revenge, taking vengeance with contempt in their hearts, seeking destruction out of age-old hostility.|Retains intensity and longstanding hostility.
25:16|Therefore this is what the Lord GOD says: I am stretching out my hand against the Philistines. I will cut off the Cherethites and destroy the remnant along the seacoast.|Keeps Cherethites distinct within the oracle.
25:17|I will carry out great acts of vengeance against them, with furious punishments. Then they will know that I am the LORD, when I bring my vengeance upon them.”|Retains vengeance as the stated recognition setting.
26:1|In the eleventh year, on the first day of the month, the word of the LORD came to me:|Does not invent the missing month number.
26:2|“Son of man, Tyre said about Jerusalem, ‘Aha! The gateway of the peoples is broken! It has turned toward me. Now that she is ruined, I will be filled.’|Keeps gateway and filling metaphors without economic expansion.
26:3|Therefore this is what the Lord GOD says: I am against you, Tyre. I will bring many nations up against you, as the sea brings up its waves.|Retains the sea comparison introducing the city's fall.
26:4|They will destroy Tyre’s walls and tear down her towers. I will scrape away her soil and make her a bare rock.|Preserves they-to-I change and scraped-rock image.
26:5|She will be a place for spreading nets out in the sea, for I have spoken, declares the Lord GOD. She will become plunder for the nations.|Keeps nets, sea and plunder together.
26:6|Her daughter towns on the mainland will be killed by the sword. Then they will know that I am the LORD.|Clarifies daughter settlements while retaining violent personification.
26:7|“For this is what the Lord GOD says: I am bringing Nebuchadnezzar king of Babylon against Tyre from the north, a king of kings, with horses, chariots, cavalry, and a great mass of troops.|Preserves royal title and northern approach.
26:8|He will kill your daughter towns on the mainland by the sword. He will build siegeworks against you, heap up a ramp, and raise a shield against you.|Keeps three siege actions and singular attacker.
26:9|He will direct the blows of his battering ram against your walls and tear down your towers with his weapons.|Renders rare siege term provisionally in context.
26:10|His many horses will cover you with dust. Your walls will shake at the sound of cavalry, wheels, and chariots as he enters your gates, as men enter a breached city.|Keeps dust, sound and breach comparison.
26:11|His horses’ hooves will trample all your streets. He will kill your people by the sword, and your mighty pillars will fall to the ground.|Retains pillars without specifying an unmentioned cult.
26:12|They will plunder your wealth and loot your goods. They will tear down your walls and demolish your fine houses, throwing your stones, timber, and soil into the water.|Preserves shift to plural attackers and material list.
26:13|I will silence the sound of your songs; the music of your lyres will be heard no more.|Keeps two distinct forms of silenced music.
26:14|I will make you a bare rock, a place for spreading nets. You will never be rebuilt, for I, the LORD, have spoken, declares the Lord GOD.|Does not qualify the absolute rebuilding statement.
26:15|“This is what the Lord GOD says to Tyre: Will the coastlands not shake at the sound of your fall, as the wounded groan and slaughter takes place within you?|Retains rhetorical question and suffering sounds.
26:16|All the princes of the sea will step down from their thrones, remove their robes, and strip off their embroidered clothes. Clothed in trembling, they will sit on the ground, trembling every moment, appalled at you.|Preserves clothing metaphor and repeated trembling.
26:17|They will take up a lament over you and say:\n‘How you have perished,\nyou who were settled from the seas,\nthe celebrated city,\nmighty on the sea—\nyou and your inhabitants,\nwho spread terror to all who lived there!’|Keeps difficult sea-origin wording and personified lament.
26:18|‘Now the coastlands tremble\non the day you fall;\nthe islands in the sea\nare dismayed at your passing.’|Preserves parallel coastland imagery and departure.
26:19|“For this is what the Lord GOD says: When I make you a ruined city, like cities no one inhabits, when I bring the deep up over you and the great waters cover you,|Keeps repeated when clauses leading into descent.
26:20|I will bring you down with those who descend to the pit, to the people of long ago. I will settle you in the world below, among ancient ruins, with those who descend to the pit, so you will not be inhabited. But I will set splendor in the land of the living.|Retains pinned positive final clause rather than emending it.
26:21|I will make you a terror, and you will be no more. People will search for you, but you will never again be found, declares the Lord GOD.”|Retains permanent absence without historical harmonization.
27:1|The word of the LORD came to me:|Keeps the recurring introduction concise.
27:2|“Son of man, take up a lament over Tyre.|Identifies genre before the ship portrait.
27:3|Say to Tyre, who sits at the entrances to the sea, trading with peoples on many coastlands: This is what the Lord GOD says:\n‘Tyre, you said,\n“I am perfect in beauty.”|Follows read-form dwelling and retains Tyre's boast.
27:4|Your borders lie in the heart of the seas;\nyour builders perfected your beauty.|Keeps heart-of-seas and beauty repetition.
27:5|They made all your planks\nfrom junipers of Senir;\nthey took a cedar from Lebanon\nto make your mast.|Retains timber origins and distinct ship parts.
27:6|They made your oars from oaks of Bashan,\nyour deck of cypress from the coastlands of Kittim,\ninlaid with ivory.|Uses provisional timber reading with uncertainty noted.
27:7|Embroidered linen from Egypt was your sail\nand served as your banner.\nBlue and purple cloth from Elishah’s coastlands\nwas your awning.|Keeps sail/banner relation and colored canopy.
27:8|People of Sidon and Arvad were your rowers;\nyour own skilled men, Tyre, were aboard as pilots.|Distinguishes rowers from Tyrian pilots.
27:9|Elders of Gebal and its skilled men\nwere aboard to repair your seams.\nAll the ships of the sea and their sailors\ncame to you to exchange your goods.|Retains elders and shifts ship image into commerce.
27:10|Men of Persia, Lud, and Put served in your army\nas your warriors.\nThey hung shield and helmet on you\nand gave you splendor.|Preserves all three peoples and martial display.
27:11|Men of Arvad and your army stood on your walls all around;\nthe Gammadim were in your towers.\nThey hung their shields all around your walls\nand perfected your beauty.|Retains uncertain Gammadim name and recurring beauty.
27:12|“‘Tarshish traded with you because of your abundant wealth. They paid for your wares with silver, iron, tin, and lead.|Keeps four metals and direction of exchange.
27:13|Javan, Tubal, and Meshech were your traders. They exchanged human lives and bronze vessels for your goods.|Makes human trade explicit without euphemism.
27:14|From Beth-togarmah they brought horses, warhorses, and mules in exchange for your wares.|Distinguishes three traded animal categories.
27:15|The people of Dedan traded with you. Many coastlands were your customers; they paid you in ivory tusks and ebony.|Retains pinned Dedan rather than substituting Rhodes.
27:16|Aram traded with you because of your many products. They paid for your wares with turquoise, purple cloth, embroidery, fine linen, coral, and rubies.|Keeps Aram and six commodities; stones provisional.
27:17|Judah and the land of Israel traded with you. They exchanged wheat from Minnith, pannag, honey, oil, and balm for your goods.|Retains unidentified pannag rather than inventing a product.
27:18|Damascus traded with you for your many products and abundant wealth, bringing wine from Helbon and white wool.|Keeps Helbon and provisional wool description.
27:19|Vedan and Javan from Uzal paid for your wares. Wrought iron, cassia, and aromatic cane were among your traded goods.|Preserves difficult names with note rather than conflation.
27:20|Dedan traded saddlecloths with you.|Renders riding textiles naturally without extra detail.
27:21|Arabia and all the princes of Kedar were your customers. They traded with you in lambs, rams, and male goats.|Keeps rulers and all three livestock terms.
27:22|The traders of Sheba and Raamah traded with you. They paid for your wares with the finest spices, all kinds of precious stones, and gold.|Preserves paired traders and quality emphasis.
27:23|Haran, Canneh, Eden, the traders of Sheba, Asshur, and Chilmad traded with you.|Keeps the full place-name list.
27:24|They traded with you in splendid clothes, blue and embroidered wraps, and multicolored rugs bound and secured with cords.|Uses textile reading provisionally; alternatives in note.
27:25|Ships of Tarshish carried your merchandise.\nYou were filled and heavily laden\nin the heart of the seas.|Carries the trade inventory back into ship poetry.
27:26|Your rowers took you into great waters,\nbut the east wind shattered you\nin the heart of the seas.|Retains location refrain and wind direction.
27:27|Your wealth, wares, and goods,\nyour sailors and pilots,\nthose who repaired your seams and traded your goods,\nall your warriors aboard\nand the whole company within you—\nthey will fall into the heart of the seas\non the day of your fall.|Preserves the complete accumulating loss inventory.
27:28|At the sound of your pilots’ cry,\nthe shorelands will shake.|Keeps pilots' cry and uncertain land term noted.
27:29|All who handle an oar will leave their ships.\nSailors and all the sea’s pilots\nwill stand on land.|Preserves all three seafaring groups.
27:30|They will raise their voices over you\nand cry out bitterly,\nthrowing dust on their heads\nand rolling in ashes.|Retains physical mourning gestures.
27:31|They will shave their heads for you\nand wrap themselves in sackcloth.\nWith bitter hearts they will weep over you,\na bitter mourning.|Keeps repeated bitterness and bodily lament.
27:32|In their wailing they will take up a lament for you:\n“Who is like Tyre,\nnow silenced in the midst of the sea?”|Reads difficult wailing phrase in lament context.
27:33|When your wares went out across the seas,\nyou satisfied many peoples.\nYour great wealth and merchandise\nenriched the kings of the earth.|Keeps former international abundance before collapse.
27:34|Now you are shattered by the seas,\nin the depths of the waters;\nyour merchandise and all your company\nhave fallen with you.|Retains shift from wealth to total loss.
27:35|All who live on the coastlands are appalled at you.\nTheir kings shudder with horror;\ntheir faces are troubled.|Preserves collective reaction and facial distress.
27:36|Merchants among the peoples hiss at you.\nYou have become a terror,\nand you will be no more forever.’”|Retains hissing and final absolute refrain.
28:1|The word of the LORD came to me:|Retains standard oracle introduction.
28:2|“Son of man, tell the ruler of Tyre: This is what the Lord GOD says: Your heart grew proud, and you said, ‘I am a god. I sit on a divine throne in the heart of the seas.’ Yet you are human, not a god, though you consider your mind equal to a god’s.|Keeps ruler's divine claim and human correction.
28:3|So you are wiser than Daniel! No secret is hidden from you!|Keeps the taunt and read-form Daniel.
28:4|By your wisdom and understanding you acquired wealth, gathering gold and silver into your treasuries.|Preserves wisdom-to-wealth causal sequence.
28:5|Through your great skill in trading you increased your wealth, and your wealth made your heart proud.|Retains repeated wealth and resulting pride.
28:6|“Therefore this is what the Lord GOD says: Because you consider your mind equal to a god’s,|Repeats the ruler's claimed divine mind.
28:7|I am bringing foreigners against you, the most ruthless of nations. They will draw their swords against the beauty of your wisdom and profane your splendor.|Retains unusual beauty-of-wisdom image.
28:8|They will bring you down to the pit. You will die the death of the slain in the heart of the seas.|Links pit and sea with actual death.
28:9|Will you still say, ‘I am a god,’ before the one killing you? You are human, not a god, in the hands of those who wound you.|Keeps direct challenge and repeated human limitation.
28:10|You will die the death of the uncircumcised at the hands of foreigners, for I have spoken, declares the Lord GOD.”|Preserves ancient circumcision distinction without expansion.
28:11|The word of the LORD came to me:|Separates the following lament from prior oracle.
28:12|“Son of man, take up a lament over the king of Tyre. Tell him: This is what the Lord GOD says:\n‘You were the seal of perfection,\nfull of wisdom and perfect in beauty.|Retains king as addressee and seal image.
28:13|You were in Eden, the garden of God.\nEvery precious stone covered you:\ncarnelian, topaz, and diamond,\nberyl, onyx, and jasper,\nsapphire, turquoise, and emerald, with gold.\nYour settings and mountings were prepared\non the day you were created.|Preserves nine stones; uncertain gem and craft terms noted.
28:14|You were an anointed guardian cherub,\nand I placed you there.\nYou were on God’s holy mountain,\nwalking among stones of fire.|Follows pinned pointing with alternative relation noted.
28:15|You were blameless in your ways\nfrom the day you were created\nuntil wrongdoing was found in you.|Preserves temporal contrast without theological identification.
28:16|Through your abundant trade\nyou were filled with violence, and you sinned.\nSo I expelled you in disgrace from God’s mountain;\nI destroyed you, guardian cherub,\nfrom among the stones of fire.|Keeps trade, violence and divine expulsion connected.
28:17|Your beauty made your heart proud;\nyou ruined your wisdom for the sake of your splendor.\nI threw you to the ground\nand set you before kings to stare at you.|Retains wisdom corrupted by visible splendor.
28:18|By your many wrongs and dishonest trade\nyou profaned your sanctuaries.\nSo I brought fire out from within you,\nand it consumed you.\nI turned you to ashes on the ground\nin the sight of everyone watching.|Preserves plural sanctuaries and internal fire.
28:19|All who know you among the peoples\nare appalled at you.\nYou have become a terror,\nand you will be no more forever.’”|Keeps refrain shared with Tyre's ship lament.
28:20|The word of the LORD came to me:|Marks a new oracle distinctly.
28:21|“Son of man, turn your face toward Sidon and prophesy against her.|Names new target and embodied direction.
28:22|Say: This is what the Lord GOD says: I am against you, Sidon. I will display my glory within you. They will know that I am the LORD when I carry out judgments in her and show myself holy within her.|Preserves second-to-third-person shift and divine holiness.
28:23|I will send pestilence into her and blood into her streets. The slain will fall within her as the sword strikes from every side. Then they will know that I am the LORD.|Keeps pestilence and surrounding sword distinct.
28:24|“The house of Israel will no longer have a pricking brier or a painful thorn among all the neighbors who despise them. Then they will know that I am the Lord GOD.|Retains plant images and despising neighbors.
28:25|“This is what the Lord GOD says: When I gather the house of Israel from the peoples among whom they were scattered, I will show myself holy through them in the sight of the nations. They will live on their own soil, which I gave to my servant Jacob.|Connects gathering, holiness and Jacob's land.
28:26|They will live there securely, building houses and planting vineyards. They will live securely when I carry out judgments against all their neighbors who despise them. Then they will know that I am the LORD their God.”|Preserves repeated security rather than compressing it.
29:1|In the tenth year, on the twelfth day of the tenth month, the word of the LORD came to me:|Preserves all three date components.
29:2|“Son of man, turn your face toward Pharaoh king of Egypt. Prophesy against him and against all Egypt.|Keeps ruler and nation as separate targets.
29:3|Say: This is what the Lord GOD says: I am against you, Pharaoh king of Egypt, the great monster lying among his Nile channels, who says, ‘My Nile is mine; I made it for myself.’|Retains monster image and disputed creation boast with note.
29:4|I will put hooks in your jaws and make the fish of your channels cling to your scales. I will pull you up from your channels, with all their fish clinging to your scales.|Keeps fish-and-scales repetition and read-form hooks.
29:5|I will abandon you in the wilderness, you and all the fish of your channels. You will fall in the open country, neither gathered nor collected. I have given you as food to the beasts of the earth and the birds of the sky.|Retains unburied disposal and both scavenger groups.
29:6|Then everyone living in Egypt will know that I am the LORD. For you have been a reed staff to the house of Israel.|Connects recognition with unreliable-support image.
29:7|When they grasped you in their hand, you splintered and tore every shoulder. When they leaned on you, you broke and forced every back upright.|Follows read-form hand; retains difficult upright-back clause.
29:8|“Therefore this is what the Lord GOD says: I am bringing a sword against you and will cut off humans and animals from you.|Preserves both human and animal destruction.
29:9|Egypt will become a desolate waste. Then they will know that I am the LORD. Because Pharaoh said, ‘The Nile is mine; I made it,’|Names Pharaoh to clarify the renewed quoted boast.
29:10|I am against you and your Nile channels. I will make Egypt a ruined, desolate waste, from Migdol to Syene, as far as the border of Cush.|Keeps named geographic extent and accumulated desolation.
29:11|No human foot will pass through it, nor any animal’s foot. It will be uninhabited for forty years.|Preserves absolute wording and forty-year span.
29:12|I will make Egypt desolate among desolate lands. Its cities will lie desolate among ruined cities for forty years. I will scatter the Egyptians among the nations and disperse them through the lands.|Retains repeated desolation and scattering verbs.
29:13|“For this is what the Lord GOD says: At the end of forty years I will gather the Egyptians from the peoples among whom they were scattered.|Keeps explicit restoration after stated period.
29:14|I will restore Egypt’s fortunes and bring them back to Pathros, the land of their origin. There they will be a lowly kingdom.|Retains Pathros and limited restoration.
29:15|It will be the lowliest of kingdoms and will never again exalt itself over the nations. I will make them few, so they no longer rule the nations.|Keeps comparative lowliness and loss of dominion.
29:16|Egypt will no longer be a source of confidence for the house of Israel, calling their guilt to mind when they turn to it. Then they will know that I am the Lord GOD.”|Preserves guilt tied to reliance on Egypt.
29:17|In the twenty-seventh year, on the first day of the first month, the word of the LORD came to me:|Keeps later oracle's date in its received position.
29:18|“Son of man, Nebuchadnezzar king of Babylon made his army labor hard against Tyre. Every head was rubbed bald and every shoulder rubbed raw, yet neither he nor his army received wages from Tyre for the work they did against her.|Preserves unsuccessful payment and bodily toil.
29:19|Therefore this is what the Lord GOD says: I am giving Egypt to Nebuchadnezzar king of Babylon. He will carry off its wealth, seize its spoil, and take its plunder as wages for his army.|Retains three plundering clauses and wage comparison.
29:20|I have given him Egypt as payment for the work he did, because they worked for me, declares the Lord GOD.|Preserves divine ownership of military labor.
29:21|“On that day I will make a horn sprout for the house of Israel. I will give you an open mouth among them. Then they will know that I am the LORD.”|Keeps horn and opened-mouth images with vocabulary support.
30:1|The word of the LORD came to me:|Retains recurring oracle introduction.
30:2|“Son of man, prophesy. Say: This is what the Lord GOD says:\n‘Wail, “Alas for the day!”|Preserves commanded lament and direct cry.
30:3|For a day is near,\nthe day of the LORD is near—\na day of clouds,\na time for the nations.|Keeps repeated nearness and cloud image.
30:4|A sword will come upon Egypt,\nand anguish will seize Cush\nwhen the slain fall in Egypt,\nits wealth is carried off,\nand its foundations are torn down.|Preserves impact on Cush alongside Egypt's ruin.
30:5|Cush, Put, Lud, all the mixed peoples, Cub, and the people of the covenant land will fall with them by the sword.|Retains Cub and difficult covenant-land designation.
30:6|“‘This is what the LORD says: Egypt’s supporters will fall, and the pride of its strength will sink. From Migdol to Syene they will fall within it by the sword, declares the Lord GOD.|Keeps full geographic repetition and both titles.
30:7|They will lie desolate among desolate lands, and its cities will stand among ruined cities.|Preserves repetition and pronoun shift.
30:8|Then they will know that I am the LORD, when I set fire to Egypt and all its helpers are broken.|Keeps recognition attached to fire and allies' collapse.
30:9|On that day messengers will go out from me in ships to terrify unsuspecting Cush. Anguish will seize them on Egypt’s day. Look, it is coming!|Retains ships, divine sending and final arrival cry.
30:10|“‘This is what the Lord GOD says: I will put an end to Egypt’s multitude through Nebuchadnezzar king of Babylon.|Keeps multitude distinct from wealth where context shifts.
30:11|He and his people, the most ruthless of nations, will be brought in to destroy the land. They will draw their swords against Egypt and fill the land with the slain.|Retains ruthless agent and mass killing.
30:12|I will dry up the Nile channels and sell the land into the hands of evil men. Through foreigners I will lay waste the land and everything in it. I, the LORD, have spoken.|Keeps sale metaphor and divine agency.
30:13|“‘This is what the Lord GOD says: I will destroy the idols and put an end to the worthless gods of Memphis. There will no longer be a prince from Egypt, and I will spread fear through Egypt.|Preserves doubled idol terms and native ruler clause.
30:14|I will lay Pathros waste, set fire to Zoan, and carry out judgments in Thebes.|Uses established English city names with Hebrew names noted.
30:15|I will pour out my fury on Pelusium, Egypt’s stronghold, and cut off the multitude of Thebes.|Keeps distinct fortress and populated city.
30:16|I will set fire to Egypt. Pelusium will writhe in anguish; Thebes will be breached, and Memphis will face enemies in broad daylight.|Retains difficult daytime-enemies clause without substitution.
30:17|The young men of On and Pi-beseth will fall by the sword, and the cities will go into captivity.|Keeps gender-specific young men and feminine cities.
30:18|At Tahpanhes daylight will darken when I break Egypt’s yoke bars there and put an end to its proud strength. A cloud will cover the city, and its daughters will go into captivity.|Keeps darkness, yoke and daughter image.
30:19|I will carry out judgments against Egypt. Then they will know that I am the LORD.’”|Retains concluding recognition formula.
30:20|In the eleventh year, on the seventh day of the first month, the word of the LORD came to me:|Preserves complete dated transition.
30:21|“Son of man, I have broken Pharaoh king of Egypt’s arm. It has not been bound up for healing or wrapped in a bandage to give it strength to grip a sword.|Keeps extended injury-and-healing image.
30:22|Therefore this is what the Lord GOD says: I am against Pharaoh king of Egypt. I will break both his arms, the strong one and the broken one, and make the sword fall from his hand.|Preserves distinction between two arms.
30:23|I will scatter the Egyptians among the nations and disperse them through the lands.|Retains doubled dispersal formula.
30:24|I will strengthen the arms of Babylon’s king and put my sword in his hand. I will break Pharaoh’s arms, and he will groan before him like a mortally wounded man.|Keeps divine sword and groaning defeated ruler.
30:25|I will strengthen the arms of Babylon’s king, while Pharaoh’s arms fall limp. Then they will know that I am the LORD, when I put my sword into Babylon’s king’s hand and he stretches it out against Egypt.|Retains repeated empowerment without compression.
30:26|I will scatter the Egyptians among the nations and disperse them through the lands. Then they will know that I am the LORD.”|Preserves closing repeated dispersal and recognition.
31:1|In the eleventh year, on the first day of the third month, the word of the LORD came to me:|Preserves all date elements.
31:2|“Son of man, say to Pharaoh king of Egypt and his multitude: Who can compare with you in greatness?|Keeps question leading into historical tree comparison.
31:3|Look at Assyria: a cedar in Lebanon,\nwith beautiful branches, a shaded thicket,\nand towering height,\nits top among the clouds.|Retains pinned Assyria rather than altering to cypress.
31:4|Water made it grow;\nthe deep made it tall.\nIts rivers flowed around the planting,\nand it sent its channels\nto all the trees of the field.|Keeps deep as water provider and spreading channels.
31:5|So it towered above all the trees of the field.\nIts boughs multiplied,\nits branches grew long,\nspreading out with abundant water.|Preserves repeated water explanation and branching.
31:6|All the birds of the sky nested in its boughs;\nall the beasts of the field gave birth beneath its branches.\nAll the great nations lived in its shade.|Keeps birth, nesting and human shelter distinct.
31:7|It was beautiful in its greatness\nand in the length of its branches,\nfor its roots reached abundant water.|Retains visible beauty grounded in water.
31:8|Cedars in God’s garden could not rival it.\nJunipers could not match its boughs,\nnor plane trees its branches.\nNo tree in God’s garden matched its beauty.|Preserves complete tree comparison and repeated garden.
31:9|I made it beautiful with its many branches,\nand all the trees of Eden in God’s garden envied it.|Keeps divine gift before pride and fall.
31:10|“Therefore this is what the Lord GOD says: Because you grew so tall, and it lifted its top among the clouds, its heart proud of its height,|Retains second-to-third-person change explicitly.
31:11|I handed it over to a mighty ruler of nations, who would surely deal with it. I drove it out because of its wickedness.|Preserves emphatic action and moral cause.
31:12|Foreigners, the most ruthless of nations, cut it down and abandoned it. Its branches fell on the mountains and in every valley; its boughs broke in all the ravines of the land. All the peoples of the earth left its shade and abandoned it.|Keeps spatial spread and repeated abandonment.
31:13|All the birds of the sky settle on its fallen trunk, and all the beasts of the field rest on its branches.|Reverses living-tree shelter into fallen-tree occupation.
31:14|This happened so that no well-watered tree would exalt itself in height or lift its top among the clouds, and no water-drinking tree would stand proud in its height. For they are all given over to death, to the world below, among human beings who descend to the pit.|Preserves tree-to-human movement and mortality conclusion.
31:15|“This is what the Lord GOD says: On the day it went down to Sheol, I caused mourning. I covered the deep for it, held back its rivers, and stopped the great waters. I darkened Lebanon over it, and all the trees of the field fainted because of it.|Keeps divine mourning actions and water withdrawal.
31:16|I made the nations shake at the sound of its fall, when I brought it down to Sheol with those who descend to the pit. Then all the trees of Eden, the choicest and best of Lebanon, all that drank water, were comforted in the world below.|Retains surprising consolation among the dead.
31:17|They too went down with it to Sheol, to those slain by the sword—its allies who lived in its shade among the nations.|Renders arm as supporting allies without naming them.
31:18|“Which tree of Eden compares with you in glory and greatness? Yet you will be brought down with the trees of Eden to the world below. You will lie among the uncircumcised, with those slain by the sword. This is Pharaoh and all his multitude, declares the Lord GOD.”|Keeps final identification and humiliating burial company.
32:1|In the twelfth year, on the first day of the twelfth month, the word of the LORD came to me:|Preserves complete date.
32:2|“Son of man, take up a lament over Pharaoh king of Egypt. Say to him:\n‘You thought yourself a young lion among the nations,\nbut you were a monster in the seas,\nthrashing in your rivers,\nmuddying the water with your feet\nand fouling their streams.|Keeps lion/monster contrast and water disturbance.
32:3|This is what the Lord GOD says:\nI will spread my net over you\nwith a great assembly of peoples,\nand they will haul you up in my dragnet.|Retains collective captors and divine net.
32:4|I will leave you on the land\nand fling you into the open country.\nI will settle every bird of the sky on you\nand feed the beasts of all the earth with you.|Keeps carcass disposal and comprehensive scavengers.
32:5|I will lay your flesh on the mountains\nand fill the valleys with your remains.|Retains vast body image; rare final noun provisional.
32:6|I will drench the land with your flowing blood,\nas far as the mountains,\nand the ravines will be filled with you.|Preserves blood flooding rather than euphemizing it.
32:7|When I extinguish you, I will cover the heavens\nand darken their stars.\nI will cover the sun with a cloud,\nand the moon will not give its light.|Keeps extinction metaphor and distinct celestial lights.
32:8|I will darken every shining light in the heavens over you\nand spread darkness over your land,\ndeclares the Lord GOD.|Preserves total darkness and oracle signature.
32:9|I will trouble the hearts of many peoples\nwhen I bring your downfall among the nations,\nto lands you have never known.|Retains downfall reaching unknown lands.
32:10|I will make many peoples appalled at you.\nTheir kings will shudder with horror\nwhen I brandish my sword before them.\nEach will tremble every moment for his own life\non the day you fall.|Keeps individual fear amid international reaction.
32:11|“‘For this is what the Lord GOD says: The sword of Babylon’s king will come against you.|Names historical attacker within the lament.
32:12|I will make your multitude fall by the swords of warriors, all of them the most ruthless of nations. They will destroy Egypt’s pride, and all its multitude will be wiped out.|Retains multitude repetition and total threat.
32:13|I will destroy all its livestock beside the great waters. No human foot will muddy them again, nor will an animal’s hoof muddy them.|Keeps repeated muddying and nonhuman death.
32:14|Then I will let their waters settle and make their rivers flow like oil, declares the Lord GOD.|Keeps unsettling stillness and oil comparison.
32:15|When I make Egypt desolate, when the land is stripped of all it held, when I strike all who live there, then they will know that I am the LORD.|Preserves three when clauses leading to recognition.
32:16|This is a lament to be sung. The daughters of the nations will sing it; over Egypt and all its multitude they will sing it, declares the Lord GOD.’”|Keeps female lamenters and repeated singing.
32:17|In the twelfth year, on the fifteenth day of the month, the word of the LORD came to me:|Does not supply an absent month number.
32:18|“Son of man, wail over Egypt’s multitude. Bring her down, her and the daughters of mighty nations, to the world below, with those who descend to the pit.|Retains prophetic command and personified daughters.
32:19|‘Whom do you surpass in beauty? Go down and lie with the uncircumcised!’|Keeps taunting question and burial command.
32:20|They will fall among those slain by the sword. She is given over to the sword. Drag her away with all her multitudes!|Preserves shifting subjects and plural multitudes.
32:21|From the midst of Sheol the mighty warriors will speak of him and his helpers: ‘They have come down; they lie there, uncircumcised, slain by the sword.’|Keeps underworld speech and repeated dishonor.
32:22|“Assyria is there with all her company, their graves around him, all of them slain, fallen by the sword.|Retains collective and ruler pronoun shifts.
32:23|Her graves are set in the depths of the pit, her company around her grave. All of them were slain, fallen by the sword, they who spread terror in the land of the living.|Keeps grave arrangement and former terror.
32:24|“Elam is there with all her multitude around her grave. All of them were slain, fallen by the sword, gone down uncircumcised to the world below. They spread their terror in the land of the living, and they bear their disgrace with those who descend to the pit.|Retains the full repeated descent pattern.
32:25|They have made a bed for her among the slain, with all her multitude, her graves around it. All of them are uncircumcised, slain by the sword. Because they spread terror in the land of the living, they bear their disgrace with those who descend to the pit. They have been laid among the slain.|Preserves repetitions and bed-for-grave image.
32:26|“Meshech and Tubal are there with all their multitude, their graves around them. All of them are uncircumcised, pierced by the sword, because they spread their terror in the land of the living.|Keeps paired peoples and cause of humiliation.
32:27|They do not lie with the fallen warriors among the uncircumcised who went down to Sheol with their weapons of war, their swords laid beneath their heads, their guilt upon their bones, for the terror of the warriors was in the land of the living.|Retains pinned negative and guilt-on-bones difficulty.
32:28|“You too will be broken among the uncircumcised and lie with those slain by the sword.|Keeps direct address to condemned ruler.
32:29|“Edom is there, her kings and all her princes. Despite their might they were laid with those slain by the sword. They lie with the uncircumcised, with those who descend to the pit.|Preserves strength defeated and two burial companions.
32:30|“All the princes of the north are there, and all the Sidonians. They went down with the slain, ashamed despite the terror their strength inspired. They lie uncircumcised with those slain by the sword and bear their disgrace with those who descend to the pit.|Retains Sidonians and strength-to-shame reversal.
32:31|“Pharaoh will see them and be comforted over all his multitude, Pharaoh and all his army slain by the sword, declares the Lord GOD.|Keeps disturbing comfort rather than explaining it away.
32:32|For I spread my terror in the land of the living, and Pharaoh with all his multitude will be laid among the uncircumcised, with those slain by the sword, declares the Lord GOD.”|Follows read-form my terror; written his terror noted.
33:1|The word of the LORD came to me:|Retains recurring introduction.
33:2|“Son of man, speak to your people. Tell them: Suppose I bring a sword against a land, and its people choose a man from among them and appoint him as their watchman.|Keeps divine initiative and chosen male watchman.
33:3|He sees the sword approaching the land, blows the ram’s horn, and warns the people.|Preserves warning sequence and ancient instrument.
33:4|If someone hears the horn but ignores the warning, and the sword comes and takes that person away, their blood will be on their own head.|Keeps blood-accountability image with generic hearer.
33:5|They heard the horn but ignored the warning; their blood will be their own responsibility. Had they heeded the warning, they would have saved their life.|Retains repetition and alternative outcome.
33:6|But if the watchman sees the sword coming and does not blow the horn, so the people receive no warning, and the sword comes and takes a life, that person is taken in their guilt. Yet I will demand their blood from the watchman’s hand.|Preserves both personal guilt and watchman's accountability.
33:7|“You, son of man, I have appointed as a watchman for the house of Israel. Hear the word from my mouth and give them my warning.|Connects image directly to Ezekiel's commission.
33:8|When I tell the wicked, ‘Wicked one, you will surely die,’ and you do not speak to warn them away from their way, that wicked person will die in their guilt. But I will demand their blood from your hand.|Keeps quoted warning and repeated accountability.
33:9|But if you warn the wicked to turn from their way, and they do not turn from it, they will die in their guilt, while you will have saved your own life.|Preserves contrast of response and messenger responsibility.
33:10|“Son of man, tell the house of Israel: You say, ‘Our rebellions and sins weigh on us, and we are wasting away because of them. How can we live?’|Keeps people's despair as direct speech.
33:11|Tell them: As I live, declares the Lord GOD, I take no pleasure in the death of the wicked, but in the wicked turning from their way and living. Turn back, turn back from your evil ways! Why should you die, house of Israel?|Retains oath, doubled invitation and final question.
33:12|“Son of man, tell your people: The righteousness of the righteous will not rescue them when they rebel. The wickedness of the wicked will not bring them down when they turn from it. A righteous person cannot live by past righteousness when they sin.|Keeps all three claims without doctrinal expansion.
33:13|When I tell the righteous that they will surely live, but they trust in their righteousness and do wrong, none of their righteous deeds will be remembered. They will die because of the wrong they have done.|Follows read-form plural deeds and causal conclusion.
33:14|But when I tell the wicked, ‘You will surely die,’ and they turn from their sin and do what is just and right—|Leaves conditional sentence continuing across verse labels.
33:15|returning what was taken as a pledge, repaying what was stolen, and following the statutes that give life without doing wrong—they will surely live. They will not die.|Keeps practical restitution and emphatic survival.
33:16|None of the sins they committed will be remembered against them. They have done what is just and right; they will surely live.|Retains read-form sins and repeated assurance.
33:17|“Yet your people say, ‘The Lord’s way is not fair.’ It is their own way that is not fair.|Preserves accusation and reversed judgment.
33:18|When the righteous turn from their righteousness and do wrong, they will die because of it.|Keeps changed conduct as stated cause.
33:19|When the wicked turn from their wickedness and do what is just and right, they will live because of it.|Maintains parallel reversal of previous verse.
33:20|Yet you say, ‘The Lord’s way is not fair.’ House of Israel, I will judge each of you according to your ways.”|Retains repeated complaint and individual judgment.
33:21|In the twelfth year of our exile, on the fifth day of the tenth month, a fugitive from Jerusalem came to me and said, “The city has fallen!”|Retains pinned twelfth year and exiles' shared perspective.
33:22|The evening before the fugitive arrived, the hand of the LORD had come upon me. He opened my mouth before the man came to me in the morning. My mouth was opened, and I was no longer silent.|Preserves doubled opened-mouth report and timing.
33:23|The word of the LORD came to me:|Marks subsequent oracle.
33:24|“Son of man, the people living in these ruins on Israel’s soil say, ‘Abraham was only one man, yet he possessed the land. We are many; surely the land has been given to us as a possession.’|Keeps their comparison as their own claim.
33:25|Therefore tell them: This is what the Lord GOD says: You eat with the blood, lift your eyes to your idols, and shed blood. Should you possess the land?|Retains blood wording and questioning entitlement.
33:26|You rely on your sword, commit abominations, and each of you defiles his neighbor’s wife. Should you possess the land?|Keeps male marital violation and repeated question.
33:27|Tell them: This is what the Lord GOD says: As I live, those in the ruins will fall by the sword. Those in the open country I have given to the beasts for food. Those in strongholds and caves will die of pestilence.|Preserves three locations and distinct deaths.
33:28|I will make the land a desolate waste and put an end to its proud strength. Israel’s mountains will lie desolate, with no one passing through.|Retains strength/desolation contrast.
33:29|Then they will know that I am the LORD, when I make the land a desolate waste because of all the abominations they committed.|Keeps stated reason and recognition.
33:30|“As for you, son of man, your people talk about you beside the walls and in the doorways. They say to one another, ‘Come and hear the word that comes from the LORD.’|Preserves ordinary gathering places and invitation.
33:31|They come to you as people do, and my people sit before you. They hear your words but do not act on them. Their mouths express love, but their hearts pursue dishonest gain.|Keeps hearing/action contrast and contested love phrase.
33:32|To them you are like a love song, sung with a beautiful voice and skillfully played. They hear your words but do not act on them.|Preserves musical simile and exact behavioral repetition.
33:33|When it comes—and it is coming—they will know that a prophet has been among them.”|Keeps unspecified event and emphatic approach.
34:1|The word of the LORD came to me:|Retains oracle introduction.
34:2|“Son of man, prophesy against Israel’s shepherds. Prophesy and tell them: This is what the Lord GOD says to the shepherds: Woe to the shepherds of Israel who feed themselves! Should shepherds not feed the flock?|Preserves repeated commission and feeding contrast.
34:3|You eat the fat, wear the wool, and slaughter the well-fed animals, but you do not feed the flock.|Follows pinned fat rather than differently vocalized milk.
34:4|You have not strengthened the weak, healed the sick, bound up the injured, brought back the strays, or searched for the lost. Instead you have ruled them with force and cruelty.|Preserves five failed duties and brutal rule.
34:5|They scattered because they had no shepherd. They became food for every wild beast, and they scattered.|Retains repeated scattering.
34:6|My flock wanders over all the mountains and every high hill. My flock is scattered across the whole earth, with no one searching or seeking them.|Keeps my flock repeated and paired search verbs.
34:7|“Therefore, shepherds, hear the word of the LORD!|Retains renewed summons.
34:8|As I live, declares the Lord GOD, my flock has become plunder and food for every wild beast because it has no shepherd. My shepherds did not search for my flock; they fed themselves and did not feed my flock.|Keeps oath and full repeated accusation.
34:9|Therefore, shepherds, hear the word of the LORD!|Retains deliberate repeated summons.
34:10|This is what the Lord GOD says: I am against the shepherds. I will demand my flock from their hands and remove them from tending it. The shepherds will no longer feed themselves. I will rescue my flock from their mouths, so it will no longer be food for them.|Preserves predator-like shepherds and removal from office.
34:11|“For this is what the Lord GOD says: I myself will search for my flock and look after them.|Keeps emphatic divine replacement of shepherds.
34:12|As a shepherd looks after a flock when he is among his scattered sheep, so I will look after my flock. I will rescue them from every place where they were scattered on a day of cloud and thick darkness.|Retains simile and cloud-darkness setting.
34:13|I will bring them out from the peoples, gather them from the lands, and bring them to their own soil. I will feed them on Israel’s mountains, in the ravines, and in all the inhabited places of the land.|Keeps gathering stages and three feeding locations.
34:14|I will feed them in good pasture, and Israel’s high mountains will be their grazing land. There they will lie down in good grazing land and feed on rich pasture on Israel’s mountains.|Preserves repeated good pasture and mountains.
34:15|I myself will feed my flock, and I myself will let them lie down, declares the Lord GOD.|Retains doubled emphatic I.
34:16|I will search for the lost, bring back the strays, bind up the injured, and strengthen the sick. But I will destroy the fat and the strong. I will feed them with justice.|Keeps pinned destroy, not emended protect.
34:17|“As for you, my flock, this is what the Lord GOD says: I will judge between one sheep and another, between rams and male goats.|Preserves judgment within the flock and male animals.
34:18|Is it not enough for you to feed on good pasture? Must you trample what remains? Is it not enough to drink clear water? Must you muddy the rest with your feet?|Unfolds paired rhetorical questions without losing acts.
34:19|Must my flock feed on what your feet have trampled and drink what your feet have muddied?|Preserves repeated feet and victims' plight.
34:20|“Therefore this is what the Lord GOD says to them: I myself will judge between the fat sheep and the lean sheep.|Keeps contrasting animals and divine emphasis.
34:21|You shove with flank and shoulder and butt all the weak with your horns until you have driven them away.|Retains bodily violence within flock.
34:22|So I will save my flock, and they will no longer be plunder. I will judge between one sheep and another.|Keeps rescue and repeated individual judgment.
34:23|I will raise up one shepherd over them, my servant David, and he will feed them. He will feed them and be their shepherd.|Retains one, David and repeated feeding.
34:24|I, the LORD, will be their God, and my servant David will be prince among them. I, the LORD, have spoken.|Keeps God/prince distinction and both divine names.
34:25|“I will make a covenant of peace with them and remove harmful beasts from the land. They will live safely in the wilderness and sleep in the forests.|Retains covenant and concrete outdoor security.
34:26|I will make them and the places around my hill a blessing. I will send rain in its season; there will be showers of blessing.|Preserves blessing repetition and seasonal rain.
34:27|The trees of the field will bear fruit, and the earth will yield its crops. They will live safely on their own soil. Then they will know that I am the LORD, when I break the bars of their yoke and rescue them from those who enslaved them.|Keeps fertility, freedom and yoke imagery.
34:28|They will no longer be plunder for the nations, and the beasts of the earth will not devour them. They will live safely, with no one making them afraid.|Preserves both human and animal threats removed.
34:29|I will provide a planting of renown for them. They will no longer be taken away by famine in the land or bear the disgrace of the nations.|Retains rare planting-of-renown phrase with note.
34:30|Then they will know that I, the LORD their God, am with them, and that they, the house of Israel, are my people, declares the Lord GOD.|Keeps presence and people formula together.
34:31|You are my flock, the flock of my pasture; you are human beings, and I am your God, declares the Lord GOD.”|Preserves explicit interpretation of flock as humans.
35:1|The word of the LORD came to me:|Retains introduction.
35:2|“Son of man, turn your face toward Mount Seir and prophesy against it.|Keeps mountain as target.
35:3|Tell it: This is what the Lord GOD says: I am against you, Mount Seir. I will stretch out my hand against you and make you a desolate waste.|Preserves embodied threat and direct mountain address.
35:4|I will turn your cities into ruins, and you will be desolate. Then you will know that I am the LORD.|Keeps mountain-and-cities distinction.
35:5|Because you held an age-old hostility and handed the Israelites over to the sword at the time of their disaster, at the time of their final punishment,|Retains cause and repeated time clauses.
35:6|as I live, declares the Lord GOD, I will give you over to bloodshed, and bloodshed will pursue you. Since you did not hate bloodshed, bloodshed will pursue you.|Keeps four blood references and repeated pursuit.
35:7|I will make Mount Seir a desolate waste and cut off everyone coming and going.|Retains travel cessation.
35:8|I will fill its mountains with its slain. On your hills, in your valleys, and in all your ravines, those slain by the sword will fall.|Keeps spatial list and person shift.
35:9|I will make you a perpetual waste, and your cities will not be restored. Then you will know that I am the LORD.|Follows read-form return with written habitation noted.
35:10|“You said, ‘These two nations and these two lands will be mine; we will possess them,’ even though the LORD was there.|Preserves double two and divine presence.
35:11|Therefore, as I live, declares the Lord GOD, I will deal with you according to the anger and jealousy you showed in your hatred of them. I will make myself known among them when I judge you.|Keeps among them rather than changing to you.
35:12|Then you will know that I, the LORD, heard all your insults against Israel’s mountains, when you said, ‘They are desolate; they have been given to us to devour.’|Preserves devouring image and heard speech.
35:13|You boasted against me with your mouths and piled up your words against me. I heard it.|Keeps accumulated speech and emphatic hearing.
35:14|“This is what the Lord GOD says: While the whole earth rejoices, I will make you desolate.|Retains temporal contrast, alternative noted.
35:15|As you rejoiced when the house of Israel’s inheritance became desolate, so I will do to you. Mount Seir, you will be desolate, and all Edom with you. Then they will know that I am the LORD.”|Keeps retributive joy/desolation parallel.
36:1|“Son of man, prophesy to Israel’s mountains. Say: Mountains of Israel, hear the word of the LORD!|Connects restored mountains with preceding Seir oracle.
36:2|This is what the Lord GOD says: The enemy said about you, ‘Aha! The ancient heights have become ours to possess.’|Preserves enemy's boast and ancient heights.
36:3|Therefore prophesy and say: This is what the Lord GOD says: Because they ravaged and crushed you from every side, making you a possession for the remaining nations, and because people made you a subject of gossip and slander,|Keeps accumulating reasons across verse boundary.
36:4|therefore, mountains of Israel, hear the word of the Lord GOD! This is what the Lord GOD says to the mountains and hills, ravines and valleys, desolate ruins and abandoned cities that became plunder and a mockery to the remaining nations all around:|Preserves full addressed landscape and both titles.
36:5|This is what the Lord GOD says: In the fire of my jealousy I have spoken against the remaining nations and all Edom, who took my land as their own possession with wholehearted joy and contempt, making its pastureland plunder.|Keeps divine land claim and difficult pasture term.
36:6|Therefore prophesy over Israel’s soil. Tell the mountains and hills, ravines and valleys: This is what the Lord GOD says: I have spoken in my jealousy and fury because you have borne the nations’ disgrace.|Retains repeated landscape and reason for speech.
36:7|Therefore this is what the Lord GOD says: I have raised my hand in an oath: the nations around you will bear their own disgrace.|Makes oath gesture understandable while retaining it.
36:8|“But you, mountains of Israel, will put out branches and bear fruit for my people Israel, for they are coming soon.|Keeps land fertility for approaching people.
36:9|I am for you. I will turn toward you, and you will be tilled and sown.|Preserves reversal from against-you formulas.
36:10|I will multiply people on you, the whole house of Israel, all of it. The cities will be inhabited and the ruins rebuilt.|Keeps emphatic whole-house formulation.
36:11|I will multiply humans and animals on you; they will increase and be fruitful. I will make you inhabited as before and treat you better than at the beginning. Then you will know that I am the LORD.|Preserves animal restoration and better-than-before promise.
36:12|I will bring people to walk on you, my people Israel. They will possess you, and you will be their inheritance. You will never again bereave them of children.|Retains land personification and bereavement.
36:13|“This is what the Lord GOD says: People say to you, ‘You devour human beings and bereave your nations.’|Keeps read-form plural nations and accusation.
36:14|Therefore you will no longer devour human beings or bereave your nations, declares the Lord GOD.|Follows read-form bereave distinct from stumbling.
36:15|I will no longer let you hear the nations’ insults. You will no longer bear the peoples’ taunts or cause your nations to stumble, declares the Lord GOD.”|Preserves stumbling verb rather than harmonizing bereave.
36:16|The word of the LORD came to me:|Marks new explanation.
36:17|“Son of man, when the house of Israel lived on their own soil, they defiled it by their ways and deeds. Their conduct before me was like menstrual uncleanness.|Keeps ritual bodily comparison with explanatory note.
36:18|So I poured out my fury on them for the blood they shed on the land and for defiling it with their idols.|Preserves bloodshed and idols as distinct causes.
36:19|I scattered them among the nations, and they were dispersed through the lands. I judged them according to their ways and deeds.|Keeps conduct as measure of judgment.
36:20|Wherever they went among the nations, they profaned my holy name. People said of them, ‘These are the LORD’s people, yet they had to leave his land.’|Makes quoted reputational consequence explicit.
36:21|But I had concern for my holy name, which the house of Israel profaned among the nations where they went.|Retains divine name as stated concern.
36:22|“Therefore tell the house of Israel: This is what the Lord GOD says: I am acting for the sake of my holy name, which you profaned among the nations where you went—not for your sake, house of Israel.|Keeps explicit negative and positive motive.
36:23|I will show the holiness of my great name, profaned among the nations, which you profaned among them. The nations will know that I am the LORD, declares the Lord GOD, when I show myself holy through you before their eyes.|Retains repeated profanation and international recognition.
36:24|I will take you from the nations, gather you from all the lands, and bring you to your own soil.|Keeps three movements of return.
36:25|I will sprinkle clean water on you, and you will be clean. I will cleanse you from all your uncleanness and all your idols.|Preserves repeated cleansing and concrete sprinkling.
36:26|I will give you a new heart and put a new spirit within you. I will remove the heart of stone from your flesh and give you a heart of flesh.|Keeps both flesh references and new heart/spirit distinction.
36:27|I will put my spirit within you and cause you to follow my statutes, keeping my judgments and carrying them out.|Preserves divine causation and ensuing conduct.
36:28|You will live in the land I gave your ancestors. You will be my people, and I will be your God.|Keeps ancestral land and covenant relationship formula.
36:29|I will save you from all your uncleanness. I will summon the grain and make it abundant, and I will bring no famine upon you.|Retains summoning grain as personified command.
36:30|I will increase the fruit of the trees and the produce of the field, so you will no longer bear the disgrace of famine among the nations.|Keeps two forms of produce and social disgrace.
36:31|Then you will remember your evil ways and your deeds that were not good. You will loathe yourselves for your guilt and your abominations.|Preserves remorse after restoration, not before.
36:32|I am not doing this for your sake, declares the Lord GOD. Know that! Be ashamed and disgraced for your ways, house of Israel.|Retains repeated motive and sharp imperatives.
36:33|“This is what the Lord GOD says: On the day I cleanse you from all your guilt, I will make the cities inhabited and the ruins rebuilt.|Connects cleansing with restored settlement.
36:34|The desolate land will be tilled instead of lying waste before everyone who passes by.|Keeps public visibility of reversal.
36:35|They will say, ‘This desolate land has become like the garden of Eden. The ruined, desolate, demolished cities are fortified and inhabited.’|Retains Eden comparison and three ruin descriptors.
36:36|Then the nations left around you will know that I, the LORD, rebuilt the demolished places and planted what was desolate. I, the LORD, have spoken, and I will do it.|Preserves both divine names and building/planting pair.
36:37|“This is what the Lord GOD says: I will also let the house of Israel ask me to do this for them: I will multiply their people like a flock.|Keeps permitted inquiry and human-flock image.
36:38|Like flocks for holy offerings, like Jerusalem’s flocks at her festivals, the ruined cities will be filled with flocks of people. Then they will know that I am the LORD.”|Preserves sacrificial comparison without adding deaths of people.
37:1|The hand of the LORD came upon me. He brought me out by the spirit of the LORD and set me down in the middle of a valley full of bones.|Keeps both divine names and spirit-mediated vision.
37:2|He led me all around them. There were very many bones across the valley, and they were very dry.|Preserves doubled intensity and circling inspection.
37:3|He asked me, “Son of man, can these bones live?” I answered, “Lord GOD, you know.”|Keeps question and restrained answer.
37:4|Then he told me, “Prophesy over these bones. Say to them, ‘Dry bones, hear the word of the LORD!|Retains direct address to bones.
37:5|This is what the Lord GOD says to these bones: I am bringing breath into you, and you will live.|Uses breath contextually while noting shared spirit word.
37:6|I will put sinews on you, bring flesh upon you, cover you with skin, and put breath into you. You will live, and you will know that I am the LORD.’”|Preserves bodily sequence before life and recognition.
37:7|So I prophesied as I was commanded. As I prophesied, there was a sound—a rattling—and the bones came together, bone to its bone.|Keeps repeated prophesying and matching bones.
37:8|I looked: sinews were on them, flesh had grown, and skin covered them. But there was no breath in them.|Preserves incompleteness after bodily restoration.
37:9|He told me, “Prophesy to the breath. Prophesy, son of man, and say to the breath: This is what the Lord GOD says: Come from the four winds, breath, and breathe into these slain, so they may live.”|Keeps breath/winds wordplay and violent death.
37:10|I prophesied as he commanded me. Breath entered them; they lived and stood on their feet, an immense army.|Preserves three stages and collective strength.
37:11|He told me, “Son of man, these bones are the whole house of Israel. They say, ‘Our bones have dried up, our hope is lost, and we are cut off.’|Retains explicit identification and people's threefold lament.
37:12|Therefore prophesy and tell them: This is what the Lord GOD says: I am opening your graves and bringing you up from them, my people. I will bring you to Israel’s soil.|Keeps grave image even as explanation names return.
37:13|Then you will know that I am the LORD, when I open your graves and bring you up from them, my people.|Retains repetition and my people address.
37:14|I will put my spirit within you, and you will live. I will settle you on your own soil. Then you will know that I, the LORD, have spoken and done it, declares the LORD.”|Keeps spirit distinct in context and repeated divine name.
37:15|The word of the LORD came to me:|Marks new enacted sign.
37:16|“Son of man, take a stick and write on it, ‘For Judah and the Israelites joined to him.’ Then take another stick and write on it, ‘For Joseph—the stick of Ephraim—and all the house of Israel joined to him.’|Preserves full inscriptions and read-form companions.
37:17|Bring them together into one stick, so they become one in your hand.|Keeps repeated oneness and visible hand.
37:18|When your people ask, ‘Will you not tell us what these mean?’|Retains question introducing interpretation.
37:19|tell them: This is what the Lord GOD says: I am taking Joseph’s stick, which is in Ephraim’s hand, and the tribes of Israel joined to him. I will join them to Judah’s stick and make them one stick. They will be one in my hand.|Preserves Joseph/Ephraim relation and divine hand.
37:20|Hold the sticks you have written on before their eyes.|Keeps visible instruction.
37:21|Tell them: This is what the Lord GOD says: I am taking the Israelites from the nations where they have gone. I will gather them from all around and bring them to their own soil.|Preserves gathering and return sequence.
37:22|I will make them one nation in the land, on Israel’s mountains. One king will rule them all. They will no longer be two nations, never again divided into two kingdoms.|Retains one/two contrast and repeated negation.
37:23|They will no longer defile themselves with their idols, detestable things, or any of their rebellions. I will save them from all the places where they have lived and sinned, and I will cleanse them. They will be my people, and I will be their God.|Keeps pinned dwellings rather than emending to backslidings.
37:24|My servant David will be king over them, and they will all have one shepherd. They will follow my judgments, keep my statutes, and carry them out.|Preserves David, one shepherd and conduct.
37:25|They will live in the land I gave my servant Jacob, where your ancestors lived. They, their children, and their children’s children will live there forever, and my servant David will be their prince forever.|Keeps three generations and repeated forever.
37:26|I will make a covenant of peace with them, an everlasting covenant. I will establish them and make them numerous, and I will put my sanctuary among them forever.|Preserves covenant repetition and permanent sanctuary.
37:27|My dwelling will be over them. I will be their God, and they will be my people.|Keeps over-them spatial wording with alternative noted.
37:28|Then the nations will know that I, the LORD, make Israel holy, when my sanctuary is among them forever.”|Retains sanctifying agent and public recognition.
38:1|The word of the LORD came to me:|Marks Gog oracle.
38:2|“Son of man, turn your face toward Gog of the land of Magog, chief prince of Meshech and Tubal. Prophesy against him.|Reads rosh as chief; proper-name alternative noted.
38:3|Say: This is what the Lord GOD says: I am against you, Gog, chief prince of Meshech and Tubal.|Preserves full repeated address.
38:4|I will turn you around, put hooks in your jaws, and bring you out with your whole army—horses and horsemen, all splendidly equipped, a great assembly with large and small shields, all wielding swords.|Keeps divine compulsion and full military inventory.
38:5|Persia, Cush, and Put are with them, all with shield and helmet;|Keeps ancient names without modern identification.
38:6|Gomer with all its troops, Beth-togarmah from the far north with all its troops—many peoples are with you.|Retains troop repetition and northern location.
38:7|“Get ready! Prepare yourself, you and all the companies gathered around you. Be their guard.|Preserves doubled preparation and guard command.
38:8|After many days you will be summoned. In later years you will enter a land recovered from the sword, its people gathered from many peoples onto Israel’s mountains, which had long been desolate. They were brought out from the peoples, and all now live securely.|Keeps temporal distance, recovery and repeated gathering.
38:9|You will advance like a storm, covering the land like a cloud—you, all your troops, and the many peoples with you.|Retains two similes and full invading company.
38:10|“This is what the Lord GOD says: On that day thoughts will rise in your heart, and you will devise an evil plan.|Preserves inward planning and moral judgment.
38:11|You will say, ‘I will go up against a land of unwalled villages. I will attack people at peace, living securely, all without walls, bars, or gates,’|Keeps quoted opportunism and three absent defenses.
38:12|to seize spoil and take plunder, turning your hand against ruins now inhabited and a people gathered from the nations, acquiring livestock and property, living at the navel of the earth.|Preserves navel image and rebuilding context.
38:13|Sheba, Dedan, the merchants of Tarshish, and all its young lions will ask you, ‘Have you come to seize spoil? Have you gathered your company to take plunder, carry off silver and gold, take livestock and property, and seize great spoil?’|Keeps young-lions image and repeated acquisitive questions.
38:14|“Therefore prophesy, son of man. Tell Gog: This is what the Lord GOD says: On that day, when my people Israel live securely, will you not know it?|Follows pinned know rather than an advance variant.
38:15|You will come from your place in the far north, you and many peoples with you, all riding horses, a great assembly and a mighty army.|Keeps ancient cavalry and northern origin.
38:16|You will advance against my people Israel like a cloud covering the land. In later days I will bring you against my land, so the nations may know me when I show myself holy through you before their eyes, Gog.|Retains divine initiative without excusing evil plan.
38:17|“This is what the Lord GOD says: Are you the one I spoke of in former days through my servants, the prophets of Israel, who prophesied in those days for years that I would bring you against them?|Keeps question and unspecified earlier prophets.
38:18|On that day, when Gog comes against Israel’s soil, declares the Lord GOD, my fury will rise in my anger.|Retains divine bodily anger idiom without extra action.
38:19|In my jealousy, in my blazing wrath, I declare: On that day there will surely be a great earthquake on Israel’s soil.|Keeps oath force and definite earthquake.
38:20|The fish of the sea, birds of the sky, beasts of the field, every creature that crawls on the ground, and every human being on the earth will tremble before me. Mountains will be torn down, cliffs will fall, and every wall will collapse to the ground.|Preserves complete creature list and collapse sequence.
38:21|I will summon a sword against him on all my mountains, declares the Lord GOD. Every man’s sword will be against his brother.|Keeps mutual violence and divine summoning.
38:22|I will bring judgment on him with pestilence and bloodshed. I will rain down torrential rain, hailstones, fire, and sulfur on him, his troops, and the many peoples with him.|Preserves all six forms of judgment and recipients.
38:23|I will show my greatness and holiness and make myself known before many nations. Then they will know that I am the LORD.”|Keeps three divine self-disclosures and refrain.
39:1|“Son of man, prophesy against Gog. Say: This is what the Lord GOD says: I am against you, Gog, chief prince of Meshech and Tubal.|Retains address consistent with chapter38.
39:2|I will turn you around and lead you on, bringing you up from the far north onto Israel’s mountains.|Uses provisional lead-on for rare verb, noted.
39:3|I will strike your bow from your left hand and knock your arrows from your right.|Keeps left/right weapon placement.
39:4|You will fall on Israel’s mountains, you and all your troops and the peoples with you. I have given you as food to birds of prey of every kind and to the beasts of the field.|Preserves full company and scavenger imagery.
39:5|You will fall in the open country, for I have spoken, declares the Lord GOD.|Keeps announced fall and speech guarantee.
39:6|I will send fire on Magog and on those who live securely in the coastlands. Then they will know that I am the LORD.|Preserves judgment beyond invading army.
39:7|I will make my holy name known among my people Israel. I will no longer let my holy name be profaned, and the nations will know that I am the LORD, the Holy One in Israel.|Keeps name repetition and in-Israel wording.
39:8|Look, it is coming; it will happen, declares the Lord GOD. This is the day I have spoken of.|Retains arrival emphasis without calendar speculation.
39:9|“The people of Israel’s cities will go out and burn the weapons for fuel—small and large shields, bows and arrows, clubs and spears. They will use them for fires for seven years.|Preserves six weapon types and duration.
39:10|They will not gather wood from the fields or cut it in the forests, because the weapons will fuel their fires. They will plunder those who plundered them and loot those who looted them, declares the Lord GOD.|Keeps doubled reversal and two wood sources.
39:11|“On that day I will give Gog a burial place in Israel, the Valley of the Travelers east of the sea. It will block the travelers’ way. There they will bury Gog and all his multitude and call it the Valley of Hamon-gog.|Preserves traveler wordplay and burial name.
39:12|The house of Israel will spend seven months burying them to cleanse the land.|Keeps months distinct from weapon-burning years.
39:13|All the people of the land will bury them. It will bring them renown on the day I display my glory, declares the Lord GOD.|Retains collective burial and divine glory.
39:14|They will appoint men for continuing work, traveling through the land and, with those passing through, burying those left on its surface to cleanse it. At the end of seven months they will make a search.|Preserves difficult division of workers with note.
39:15|As the travelers pass through the land, anyone who sees a human bone will set up a marker beside it until the buriers bury it in the Valley of Hamon-gog.|Keeps discovery-marker-burial sequence.
39:16|A city will also be named Hamonah. In this way they will cleanse the land.|Retains related city name and cleansing conclusion.
39:17|“Son of man, this is what the Lord GOD says: Tell every kind of bird and every beast of the field: Gather and come! Assemble from all around for the sacrifice I am preparing for you, a great sacrifice on Israel’s mountains. You will eat flesh and drink blood.|Preserves shocking sacrificial invitation to scavengers.
39:18|You will eat the flesh of warriors and drink the blood of the earth’s princes—rams, lambs, male goats, and bulls, all fattened in Bashan.|Keeps human-animal metaphor and all animal types.
39:19|At the sacrifice I prepare for you, you will eat fat until you are full and drink blood until you are drunk.|Retains saturation and drunkenness imagery.
39:20|At my table you will eat your fill of horses and charioteers, warriors and every fighting man, declares the Lord GOD.|Renders collective chariot term as its human personnel.
39:21|“I will display my glory among the nations. All the nations will see the judgment I have carried out and the hand I have laid upon them.|Keeps divine hand and public judgment.
39:22|From that day onward, the house of Israel will know that I am the LORD their God.|Retains continuing recognition.
39:23|The nations will know that the house of Israel went into exile because of their guilt, because they were unfaithful to me. I hid my face from them and gave them into their enemies’ hands, and all of them fell by the sword.|Keeps stated cause, hidden face and absolute wording.
39:24|I dealt with them according to their uncleanness and rebellions, and I hid my face from them.|Retains repeated hidden-face clause.
39:25|“Therefore this is what the Lord GOD says: Now I will restore Jacob’s fortunes and have compassion on the whole house of Israel. I will be jealous for my holy name.|Keeps compassion and name concern together.
39:26|They will bear their disgrace and all the unfaithfulness they showed me, when they live securely on their own soil with no one making them afraid,|Follows bear reading with forget alternative noted.
39:27|when I bring them back from the peoples and gather them from their enemies’ lands, showing myself holy through them before many nations.|Keeps temporal continuation and visible holiness.
39:28|Then they will know that I am the LORD their God, because I sent them into exile among the nations and gathered them to their own soil. I will leave none of them there.|Preserves divine agency in exile and complete return.
39:29|I will no longer hide my face from them, for I will have poured out my spirit on the house of Israel, declares the Lord GOD.”|Keeps face/spirit resolution without added identification.
40:1|In the twenty-fifth year of our exile, at the beginning of the year, on the tenth day of the month, fourteen years after the city fell—on that very day—the hand of the LORD came upon me, and he brought me there.|Keeps all dating relations without selecting disputed festival.
40:2|In visions of God he brought me to the land of Israel and set me on a very high mountain. On its south side was something like a city’s buildings.|Retains visionary likeness and south orientation.
40:3|He brought me there, and I saw a man whose appearance was like bronze. He stood in the gateway with a linen cord and a measuring reed in his hand.|Keeps bronze likeness and two measuring tools.
40:4|The man said to me, “Son of man, look with your eyes, listen with your ears, and pay attention to everything I show you. You were brought here so I could show it to you. Tell the house of Israel everything you see.”|Preserves three attentional commands and reporting purpose.
40:5|A wall surrounded the temple on the outside. The man’s measuring reed was six long cubits, each a cubit and a handbreadth. He measured the wall: one reed thick and one reed high.|Keeps long-cubit definition and both wall measures.
40:6|He came to the east-facing gate, climbed its steps, and measured the gate’s threshold: one reed wide. The other threshold was also one reed wide.|Retains repeated threshold measure; layout uncertain noted.
40:7|Each guardroom was one reed long and one reed wide. Between the guardrooms were five cubits. The threshold beside the gate’s vestibule, on the temple side, was one reed.|Keeps rooms, gaps and inner threshold distinct.
40:8|He measured the gate’s vestibule on the temple side: one reed.|Retains verse despite different following measurement.
40:9|He measured the gate’s vestibule: eight cubits, with its jambs two cubits. The vestibule was on the temple side.|Preserves eight/two rather than harmonizing prior reed.
40:10|The east gate had three guardrooms on each side, all three the same size. The jambs on both sides also had the same measurements.|Retains symmetrical counts and dimensions.
40:11|He measured the gate opening: ten cubits wide. The gate passage was thirteen cubits long.|Keeps distinct ten/thirteen dimensions.
40:12|A barrier one cubit wide stood before the guardrooms on each side. The guardrooms were six cubits on each side.|Retains barrier and room measurements.
40:13|He measured the gate from one guardroom’s roof to the opposite roof: twenty-five cubits across, doorway opposite doorway.|Preserves roof-to-roof endpoints.
40:14|He made the jambs sixty cubits, and the court surrounded the gate up to the jambs.|Retains difficult sixty-cubit clause without emendation.
40:15|From the front of the entrance gate to the front of the inner vestibule was fifty cubits.|Keeps measurement endpoints and read-form entrance.
40:16|Recessed windows surrounded the guardrooms and their jambs, facing inward into the gate; the vestibules likewise had windows all around facing inward. Palm trees decorated the jambs.|Preserves repeated inward windows and palm motif.
40:17|Then he brought me into the outer court. Chambers and a pavement ran around the court; thirty chambers stood along the pavement.|Keeps thirty chambers and continuous pavement.
40:18|The pavement flanked the gates and matched their length. This was the lower pavement.|Retains relational length and lower designation.
40:19|He measured from the front of the lower gate to the outside front of the inner court: a hundred cubits, on the east and the north.|Keeps two directions and hundred-cubit interval.
40:20|He measured the length and width of the north-facing gate of the outer court.|Preserves north gate's introduction.
40:21|Its guardrooms, three on each side, its jambs, and its vestibules matched the first gate: fifty cubits long and twenty-five cubits wide.|Retains three-per-side and full dimensions.
40:22|Its windows, vestibules, and palm trees matched the east-facing gate. Seven steps led up to it, with its vestibules ahead of them.|Keeps seven steps and repeated features.
40:23|A gate to the inner court stood opposite the north gate, as on the east. He measured a hundred cubits from gate to gate.|Preserves gate alignment and interval.
40:24|He led me south, where there was a south-facing gate. He measured its jambs and vestibules; they had the same dimensions.|Keeps new direction and matching structures.
40:25|The gate and its vestibules had windows all around like the others. It was fifty cubits long and twenty-five cubits wide.|Retains explicit repeated dimensions.
40:26|Seven steps led up to it, and its vestibules were ahead of them. Palm trees decorated the jambs, one on either side.|Keeps seven and one-per-side palms.
40:27|The inner court also had a south-facing gate. He measured a hundred cubits from gate to gate on the south.|Retains third repeated court interval.
40:28|He brought me into the inner court through the south gate. He measured this south gate; it had the same dimensions.|Distinguishes inner south gate from outer.
40:29|Its guardrooms, jambs, and vestibules had the same measurements. The gate and its vestibules had windows all around. It was fifty cubits long and twenty-five cubits wide.|Keeps structural inventory and repeated size.
40:30|Vestibules all around were twenty-five cubits long and five cubits wide.|Retains difficult extra measurement, not deleted.
40:31|Its vestibules faced the outer court. Palm trees decorated its jambs, and eight steps led up to it.|Keeps eight inner steps versus seven outer.
40:32|He brought me into the inner court on the east and measured the gate. It had the same dimensions.|Preserves eastward movement.
40:33|Its guardrooms, jambs, and vestibules had the same measurements. The gate and its vestibules had windows all around. It was fifty cubits long and twenty-five cubits wide.|Retains whole repeated description.
40:34|Its vestibules faced the outer court. Palm trees decorated its jambs on both sides, and eight steps led up to it.|Keeps direction, paired decoration and eight steps.
40:35|He brought me to the north gate and measured it. It had the same dimensions:|Preserves northward movement and introductory measurement.
40:36|guardrooms, jambs, vestibules, and windows all around. It was fifty cubits long and twenty-five cubits wide.|Retains complete architectural repetition.
40:37|Its jambs faced the outer court, with palm trees on the jambs on both sides. Eight steps led up to it.|Retains pinned jambs rather than harmonizing vestibules.
40:38|There was a chamber with its doorway beside the gate jambs. There they washed the burnt offering.|Keeps washing location and offering identity.
40:39|Inside the gate’s vestibule were two tables on each side for slaughtering the burnt offering, sin offering, and guilt offering.|Preserves three offering categories and four tables.
40:40|Outside, beside the approach to the north gate’s entrance, were two tables. Two more stood on the other side beside the vestibule.|Keeps exterior pairs distinct from interior.
40:41|Four tables stood on each side of the gate, eight tables in all, for slaughtering the sacrifices.|Preserves total and distribution.
40:42|There were also four tables of cut stone for the burnt offering, each a cubit and a half long, a cubit and a half wide, and one cubit high. On them they laid the tools for slaughtering burnt offerings and other sacrifices.|Keeps four stone tables and fractional measurements.
40:43|Hooks a handbreadth long were fixed all around inside, and the flesh of the offering lay on the tables.|Uses provisional hooks; alternative ledges noted.
40:44|Outside the inner gate, in the inner court, were chambers for singers beside the north gate, facing south. Another stood beside the east gate, facing north.|Retains pinned singers and east rather than harmonizing.
40:45|He told me, “The chamber facing south is for the priests who keep charge of the temple.|Keeps southern chamber's assigned duty.
40:46|The chamber facing north is for the priests who keep charge of the altar. These are the descendants of Zadok, who among the Levites approach the LORD to serve him.”|Preserves Zadokite distinction and altar duty.
40:47|He measured the court: a square, a hundred cubits long and a hundred cubits wide. The altar stood in front of the temple.|Keeps square dimensions and altar placement.
40:48|He brought me to the temple’s vestibule and measured its jambs: five cubits on each side. The gate’s side walls were three cubits on each side.|Retains five/three relationships with construction uncertainty noted.
40:49|The vestibule was twenty cubits long and eleven cubits wide, with steps leading up to it. Pillars stood beside the jambs, one on each side.|Retains pinned eleven and unspecified step count.
41:1|He brought me to the main hall and measured its jambs: six cubits wide on each side, the width of the tent.|Retains unexpected tent term rather than omitting it.
41:2|The entrance was ten cubits wide, with five cubits on each side. He measured the hall: forty cubits long and twenty cubits wide.|Keeps opening and room measures distinct.
41:3|Then he went inside and measured the entrance jamb: two cubits. The entrance was six cubits, and the width beside the entrance was seven cubits.|Preserves man alone entering and difficult six/seven measures.
41:4|He measured the room’s length and width: twenty cubits by twenty, beyond the main hall. He told me, “This is the Most Holy Place.”|Keeps square inner room and explicit designation.
41:5|He measured the temple wall: six cubits thick. The side chambers all around the temple were four cubits wide.|Retains wall thickness and chamber width.
41:6|The side chambers were arranged one above another in three stories, thirty in each. They rested on ledges in the wall surrounding the temple, so they could be supported without being fastened into the temple wall itself.|Renders three/thirty arrangement provisionally, preserving separate support.
41:7|The side chambers grew wider at each higher story, as the surrounding structure rose level by level. The width increased upward, and one went from the lowest level to the highest through the middle level.|Keeps upward widening and middle-level access.
41:8|I saw a raised platform all around the temple. The side chambers’ foundations measured a full reed, six long cubits.|Keeps platform and full-reed height; term qualified.
41:9|The outer wall of the side chambers was five cubits thick. There was an open space beside the temple’s side chambers,|Preserves wall/open-space distinction across verse boundary.
41:10|and between them and the chambers was a space twenty cubits wide all around the temple.|Keeps twenty-cubit intervening space.
41:11|The side chambers opened onto the open space, one entrance facing north and one facing south. The open space was five cubits wide all around.|Preserves two entrances and five-cubit walkway.
41:12|The building facing the separate area on the west was seventy cubits wide. Its wall was five cubits thick all around, and its length was ninety cubits.|Keeps west orientation and seventy/five/ninety.
41:13|He measured the temple: a hundred cubits long. The separate area, the building, and its walls also measured a hundred cubits in length.|Retains two distinct hundred-cubit totals.
41:14|The front of the temple and the separate area on the east measured a hundred cubits across.|Keeps eastward width distinct from length.
41:15|He measured the building facing the separate area behind the temple, with its galleries on both sides: a hundred cubits. The inner hall and the court’s vestibules,|Preserves galleries and continuing description.
41:16|the thresholds, recessed windows, and galleries around all three were paneled with wood all around, opposite the threshold, from the floor to the windows. The windows were covered.|Keeps difficult three-part reference and wood coverage.
41:17|Above the entrance, inside the temple and outside, along every wall inside and outside, everything was measured.|Retains measured wording rather than replacing with carving.
41:18|Cherubim and palm trees were carved there, a palm between each pair of cherubim. Each cherub had two faces:|Keeps two-faced rather than earlier four-faced creatures.
41:19|a human face toward the palm on one side and a young lion’s face toward the palm on the other. They were carved all around the temple.|Preserves both face identities and orientation.
41:20|From the floor to above the entrance, cherubim and palm trees were carved on the wall of the main hall.|Retains dotted source clause as received.
41:21|The main hall’s doorposts were square. The front of the sanctuary had the same appearance.|Keeps square posts and obscure comparison.
41:22|The wooden altar was three cubits high and two cubits long. Its corners, its length, and its sides were wood. He told me, “This is the table that stands before the LORD.”|Retains altar/table naming and unusual length wording.
41:23|The main hall and the sanctuary each had double doors.|Keeps paired doors for both spaces.
41:24|Each door had two swinging leaves, two leaves for one door and two for the other.|Preserves repeated two-leaf construction.
41:25|Cherubim and palm trees were carved on the doors of the main hall, as on the walls. A wooden canopy stood across the outside front of the vestibule.|Uses canopy provisionally; preserves matching ornament.
41:26|Recessed windows and palm trees stood on both sides of the vestibule, along with the temple’s side chambers and the canopies.|Keeps difficult concluding architectural inventory.
42:1|He led me north into the outer court and brought me to the chambers opposite the separate area and the building on the north.|Keeps movement and opposing structures.
42:2|The building was a hundred cubits long and fifty cubits wide, with an entrance on the north.|Preserves dimensions and doorway direction.
42:3|Facing the twenty-cubit space beside the inner court and the outer court’s pavement, galleries faced galleries on three levels.|Keeps twenty-cubit reference and three levels.
42:4|Before the chambers was a passage ten cubits wide toward the interior, with a way one cubit wide. Their doors faced north.|Retains difficult one-cubit measure rather than emending hundred.
42:5|The upper chambers were narrower because the galleries took more space from them than from the lower and middle stories.|Keeps galleries as cause of reduced width.
42:6|There were three stories, without pillars like those of the courts. So the upper story was set back from the lower and middle stories above the ground.|Preserves lack of supporting pillars.
42:7|An outer wall ran along the chambers toward the outer court, in front of them, for fifty cubits.|Keeps fifty-cubit exterior wall.
42:8|The row of chambers facing the outer court was fifty cubits long, while the row facing the temple was a hundred cubits.|Distinguishes shorter and longer rows.
42:9|Below these chambers was the east entrance used by those coming in from the outer court.|Follows read-form segmentation without reconstructing walls.
42:10|Within the width of the court’s wall on the east were chambers facing the separate area and the building.|Retains pinned east, alternative south noted.
42:11|A passage ran before them. They resembled the northern chambers in length and width, exits, arrangements, and entrances.|Keeps all five points of correspondence.
42:12|Like the entrances of the southern chambers, there was an entrance at the head of the passage, beside the corresponding wall, for those entering from the east.|Preserves difficult corresponding-wall phrase provisionally.
42:13|He told me, “The northern and southern chambers facing the separate area are holy chambers. There the priests who approach the LORD will eat the most holy offerings. There they will place the most holy offerings—the grain offering, sin offering, and guilt offering—for the place is holy.|Keeps three offering types and repeated holiness.
42:14|When the priests enter, they must not go straight from the holy place into the outer court. They must leave their service garments there, because they are holy, and put on other clothes before approaching the people’s area.”|Keeps change of garments tied to holy status.
42:15|When he finished measuring the inner temple, he led me out through the east-facing gate and measured the surrounding area.|Preserves transition from interior to perimeter.
42:16|He measured all along the east side with the measuring reed: five hundred reeds by the measuring reed.|Follows read-form hundred, preserves reeds as unit.
42:17|He measured the north side: five hundred reeds by the measuring reed.|Retains repeated northern measure.
42:18|He measured the south side: five hundred reeds by the measuring reed.|Retains repeated southern measure.
42:19|He turned to the west side and measured five hundred reeds by the measuring reed.|Keeps west completing four sides.
42:20|He measured all four sides. A wall surrounded it, five hundred long and five hundred wide, separating the holy from the common.|Keeps unsupplied final unit and stated separation purpose.
43:1|He led me to the gate facing east.|Keeps orientation of returning glory.
43:2|The glory of the God of Israel was coming from the east. His voice was like the sound of great waters, and the earth shone with his glory.|Preserves voice/waters comparison and illumination.
43:3|The vision looked like the one I had seen when I came to destroy the city, and like the visions I had seen beside the Kebar River. I fell facedown.|Retains pinned I came, with variant note.
43:4|The glory of the LORD entered the temple through the east-facing gate.|Preserves route of entry.
43:5|The spirit lifted me and brought me into the inner court. The glory of the LORD filled the temple.|Keeps distinct transport and filling actions.
43:6|I heard someone speaking to me from the temple while the man stood beside me.|Distinguishes speaker from accompanying man.
43:7|He said, “Son of man, this is the place of my throne and the place for the soles of my feet, where I will dwell among the Israelites forever. The house of Israel and their kings will no longer defile my holy name by their prostitution or by the corpses of their kings at their high places.|Keeps throne/feet and difficult royal-corpse clause.
43:8|They set their threshold beside mine and their doorpost beside mine, with only a wall between me and them. They defiled my holy name by the abominations they committed, so I consumed them in my anger.|Preserves proximity and consequence.
43:9|Now let them put their prostitution and their kings’ corpses far from me, and I will dwell among them forever.|Keeps repeated removal and permanent dwelling.
43:10|“Son of man, describe the temple to the house of Israel, so they may be ashamed of their guilt. Let them measure its design.|Retains measuring as commanded response.
43:11|If they are ashamed of all they have done, make known to them the temple’s form and arrangement, its exits and entrances, all its forms, all its statutes, all its forms and all its instructions. Write these before their eyes, so they may observe all its form and all its statutes and carry them out.|Retains awkward repeated forms rather than deleting source words.
43:12|This is the instruction for the temple: the whole area on top of the mountain, all around, is most holy. This is the instruction for the temple.|Preserves framing repetition.
43:13|“These are the altar’s measurements in long cubits, each a cubit and a handbreadth. Its base is one cubit deep and one cubit wide, with a rim one span wide around its edge. This is the altar’s base.|Keeps unit definition and span distinct from cubit.
43:14|From the base on the ground to the lower ledge is two cubits, with a width of one cubit. From the smaller ledge to the larger ledge is four cubits, with a width of one cubit.|Preserves staged heights and repeated widths.
43:15|The altar hearth is four cubits high, and four horns project upward from the hearth.|Keeps height and horn count distinct.
43:16|The hearth is twelve cubits long and twelve cubits wide, square on its four sides.|Preserves twelve-by-twelve square.
43:17|The ledge is fourteen cubits long and fourteen cubits wide on its four sides. Its surrounding rim is half a cubit, and its base extends one cubit all around. Its steps face east.”|Keeps fourteen, half, one and east orientation.
43:18|He told me, “Son of man, this is what the Lord GOD says: These are the altar’s statutes for the day it is made, for offering burnt offerings on it and splashing blood against it.|Preserves altar rites and blood action.
43:19|Give a young bull as a sin offering to the Levitical priests descended from Zadok, who approach me to serve me, declares the Lord GOD.|Keeps specific priestly lineage and animal.
43:20|Take some of its blood and put it on the altar’s four horns, the ledge’s four corners, and the rim all around. Purify the altar and make atonement for it.|Keeps three blood locations and paired ritual verbs.
43:21|Take the bull of the sin offering and burn it at the temple’s appointed place outside the sanctuary.|Preserves external burning location.
43:22|On the second day offer an unblemished male goat as a sin offering. They must purify the altar as they purified it with the bull.|Keeps day, sex and ritual comparison.
43:23|When you finish purifying it, offer an unblemished young bull and an unblemished ram from the flock.|Retains both unblemished requirements.
43:24|Present them before the LORD. The priests must throw salt on them and offer them as a burnt offering to the LORD.|Keeps salt and both divine names.
43:25|For seven days provide a male goat as a sin offering each day. They must also provide an unblemished young bull and an unblemished ram from the flock.|Preserves daily goat and additional animals.
43:26|For seven days they must make atonement for the altar, cleanse it, and consecrate it.|Renders filling-hands idiom as consecration with note.
43:27|When these days are complete, from the eighth day onward the priests must offer your burnt offerings and your peace offerings on the altar. Then I will accept you, declares the Lord GOD.”|Keeps eighth-day transition and acceptance of people.
44:1|He brought me back to the sanctuary’s outer gate facing east. It was shut.|Retains location and closed state.
44:2|The LORD told me, “This gate must remain shut. It must not be opened, and no one may enter through it, because the LORD, the God of Israel, has entered through it. It must remain shut.|Keeps repeated closure and both divine names.
44:3|The prince, because he is prince, may sit there to eat bread before the LORD. He must enter by the gate’s vestibule and leave the same way.”|Preserves prince's limited access and route.
44:4|Then he brought me through the north gate to the front of the temple. I looked: the glory of the LORD filled the LORD’s temple. I fell facedown.|Keeps north route and repeated divine name.
44:5|The LORD told me, “Son of man, pay attention. Look with your eyes and listen with your ears to everything I tell you about all the statutes and instructions of the LORD’s temple. Pay attention to the temple’s entrance and every exit from the sanctuary.|Preserves repeated attention and entry/exit concern.
44:6|Tell the rebellious house of Israel: This is what the Lord GOD says: Enough of all your abominations, house of Israel!|Keeps force of rebuke.
44:7|You brought foreigners, uncircumcised in heart and flesh, into my sanctuary to profane my house while you offered my food, the fat and blood. They broke my covenant in addition to all your abominations.|Retains heart/flesh distinction and they broke pronoun.
44:8|You did not keep charge of my holy things. You appointed others to keep charge of my sanctuary in your place.|Clarifies implied others without naming a class.
44:9|“This is what the Lord GOD says: No foreigner uncircumcised in heart and flesh may enter my sanctuary, including any foreigner living among the Israelites.|Keeps exclusion's exact twofold qualification.
44:10|But the Levites who went far from me when Israel strayed, who strayed from me after their idols, must bear their guilt.|Retains repeated straying and responsibility.
44:11|They may serve in my sanctuary, attending the temple’s gates and serving in the temple. They will slaughter burnt offerings and sacrifices for the people and stand before them to serve them.|Keeps permitted duties despite exclusion from priestly approach.
44:12|Because they served the people before their idols and became a stumbling block of guilt for the house of Israel, I have raised my hand in an oath against them, declares the Lord GOD. They must bear their guilt.|Preserves stumbling block and oath gesture.
44:13|They must not approach me to serve as priests or come near any of my holy things, the most holy things. They must bear their disgrace for the abominations they committed.|Keeps restriction and degrees of holiness.
44:14|Yet I will put them in charge of the temple’s duties, all its service and everything done there.|Preserves continuing service assignment.
44:15|“But the Levitical priests descended from Zadok, who kept charge of my sanctuary when the Israelites strayed from me, may approach me to serve me. They will stand before me to offer fat and blood, declares the Lord GOD.|Keeps Zadokite exception and specific offerings.
44:16|They may enter my sanctuary and approach my table to serve me. They must keep my charge.|Preserves table and sanctuary access.
44:17|When they enter the inner court’s gates, they must wear linen garments. They must wear no wool while serving at the inner court’s gates or inside the temple.|Keeps clothing rule and service locations.
44:18|They must wear linen turbans on their heads and linen undergarments around their waists. They must not bind themselves with anything that causes sweat.|Preserves specific garments and sweat restriction.
44:19|When they go out to the outer court—to the outer court where the people are—they must remove their service garments and leave them in the holy chambers. They must put on other clothes, so they do not transmit holiness to the people through their garments.|Retains repeated court and transferable holiness concept.
44:20|They must neither shave their heads nor let their hair grow long. They must keep their hair trimmed.|Keeps both prohibited extremes and positive duty.
44:21|No priest may drink wine when entering the inner court.|Preserves limited setting of prohibition.
44:22|They must not marry a widow or a divorced woman, but only a virgin of Israelite descent. They may, however, marry the widow of a priest.|Keeps gender-specific rule and explicit exception.
44:23|They must teach my people to distinguish the holy from the common and make known the difference between unclean and clean.|Preserves two distinctions without conflating them.
44:24|In a dispute they must serve as judges and decide it according to my judgments. They must keep my instructions and statutes at all my appointed festivals and keep my Sabbaths holy.|Retains judging, festivals and Sabbath duties.
44:25|A priest must not approach a dead person and become unclean, except for a father, mother, son, daughter, brother, or a sister who has not married.|Preserves full family exception list.
44:26|After his cleansing, seven days must be counted for him.|Keeps additional seven-day interval.
44:27|On the day he enters the holy place, the inner court, to serve there, he must offer his sin offering, declares the Lord GOD.|Retains reentry offering and stated space.
44:28|“This will be their inheritance: I am their inheritance. Give them no landed possession in Israel; I am their possession.|Keeps repeated divine inheritance/possession contrast.
44:29|They may eat the grain offering, sin offering, and guilt offering. Everything irrevocably devoted in Israel will belong to them.|Preserves the three offerings and the binding herem dedication; the priestly assignment here does not itself require destruction.
44:30|The first of all firstfruits and every contribution you offer will belong to the priests. Give the priest the first portion of your dough, so a blessing may rest on your house.|Keeps firstfruits, contributions and dough distinct.
44:31|The priests must not eat any bird or animal that died naturally or was torn by beasts.|Preserves both death categories and animal groups.
45:1|“When you allot the land as an inheritance, set apart a holy contribution for the LORD, twenty-five thousand long and ten thousand wide. The entire area within its boundaries will be holy.|Retains unsupplied unit and pinned ten thousand.
45:2|Within it, the sanctuary will occupy a square five hundred by five hundred, with fifty cubits of open land around it.|Keeps sanctuary square and explicit cubit margin.
45:3|From this measured area mark off a length of twenty-five thousand and a width of ten thousand. Within it will be the sanctuary, the Most Holy Place.|Preserves repeated dimensions and holiness.
45:4|This holy portion of the land will belong to the priests who serve in the sanctuary, who approach the LORD to serve him. It will provide space for their houses and a holy place for the sanctuary.|Keeps priestly service and housing distinct.
45:5|A portion twenty-five thousand long and ten thousand wide will belong to the Levites who serve in the temple, as their possession, with twenty chambers.|Retains pinned twenty chambers rather than cities.
45:6|Give the city a possession five thousand wide and twenty-five thousand long, alongside the holy contribution. It will belong to the whole house of Israel.|Keeps city dimensions and common ownership.
45:7|The prince will have land on both sides of the holy contribution and the city’s possession, alongside them, extending westward on the west and eastward on the east. Its length will match one tribal portion, from the western boundary to the eastern boundary.|Preserves extent without adding diagram assumptions.
45:8|This land will be his possession in Israel. My princes will no longer oppress my people but will leave the land to the house of Israel according to their tribes.|Keeps restriction tied to allotted possession.
45:9|“This is what the Lord GOD says: Enough, princes of Israel! Put away violence and plunder. Do what is just and right. Stop driving my people from their property, declares the Lord GOD.|Preserves dispossession prohibition and both titles.
45:10|Use honest scales, an honest ephah, and an honest bath.|Keeps three parallel standards.
45:11|The ephah and the bath must have the same capacity: the bath one-tenth of a homer and the ephah one-tenth of a homer. The homer will be their standard.|Preserves equal dry/liquid capacities and repeated tenths.
45:12|The shekel will be twenty gerahs. Twenty shekels, twenty-five shekels, and fifteen shekels will make your mina.|Retains unusual additive sixty-shekel specification.
45:13|“This is the contribution you must offer: one-sixth of an ephah from each homer of wheat and one-sixth of an ephah from each homer of barley.|Keeps separate grain dues and exact fractions.
45:14|The prescribed portion of oil, measured by the bath, is one-tenth of a bath from each cor. Ten baths make a homer, for a homer is ten baths.|Retains cor/homer relationship and repeated equivalence.
45:15|Take one sheep from every two hundred from Israel’s well-watered pastures. These will provide grain offerings, burnt offerings, and peace offerings to make atonement for them, declares the Lord GOD.|Keeps livestock rate and three offering categories.
45:16|All the people of the land must give this contribution to the prince in Israel.|Preserves collective contribution and recipient.
45:17|The prince will be responsible for the burnt offerings, grain offerings, and drink offerings at the feasts, new moons, Sabbaths, and all the house of Israel’s appointed festivals. He must provide the sin offering, grain offering, burnt offering, and peace offerings to make atonement for the house of Israel.|Preserves complete repeated offering and occasion lists.
45:18|“This is what the Lord GOD says: On the first day of the first month, take an unblemished young bull and purify the sanctuary.|Keeps date and animal requirement.
45:19|The priest must take some blood from the sin offering and put it on the temple’s doorpost, the four corners of the altar’s ledge, and the doorpost of the inner court’s gate.|Keeps three blood-application sites.
45:20|Do the same on the seventh day of the month for anyone who sins unintentionally or unknowingly. In this way you will make atonement for the temple.|Retains pinned seventh day rather than seventh month.
45:21|On the fourteenth day of the first month, observe the Passover, a festival lasting seven days. Unleavened bread must be eaten.|Keeps Passover date and contextual week duration.
45:22|On that day the prince must provide a bull as a sin offering for himself and all the people of the land.|Preserves ruler's inclusion among beneficiaries.
45:23|For each of the festival’s seven days he must provide a burnt offering to the LORD: seven unblemished bulls and seven unblemished rams each day, and a male goat each day as a sin offering.|Keeps seven-by-seven daily schedule.
45:24|He must provide a grain offering of an ephah for each bull and an ephah for each ram, with a hin of oil for each ephah.|Preserves per-animal and per-volume ratios.
45:25|At the festival beginning on the fifteenth day of the seventh month, he must provide the same for seven days: sin offerings, burnt offerings, grain offerings, and oil.|Retains second festival without supplying absent name.
46:1|“This is what the Lord GOD says: The east-facing gate of the inner court must remain shut during the six working days. It must be opened on the Sabbath and on the new moon.|Distinguishes inner gate from permanently shut outer gate.
46:2|The prince must enter from outside through the gate’s vestibule and stand beside the gatepost. The priests will offer his burnt offering and peace offerings. He must bow at the threshold and then leave, but the gate must remain open until evening.|Keeps priest/prince roles and gate timing.
46:3|On Sabbaths and new moons the people of the land must bow before the LORD at that gate’s entrance.|Preserves people's place and occasions.
46:4|The burnt offering the prince presents to the LORD on the Sabbath must be six unblemished lambs and one unblemished ram.|Keeps six/one and separate blemish requirements.
46:5|The grain offering will be an ephah for the ram, and for the lambs whatever he gives, with a hin of oil for each ephah.|Preserves discretionary lamb amount.
46:6|On the new moon he must offer an unblemished young bull, six lambs, and a ram; they must be unblemished.|Keeps all animals and repeated qualification.
46:7|He must provide an ephah as a grain offering for the bull and an ephah for the ram. For the lambs he may give as much as he can, with a hin of oil for each ephah.|Retains ability-based provision and oil ratio.
46:8|When the prince enters, he must come through the gate’s vestibule and leave the same way.|Keeps ruler's prescribed route.
46:9|When the people of the land come before the LORD at the appointed festivals, whoever enters by the north gate to worship must leave by the south gate, and whoever enters by the south must leave by the north. No one may return by the gate they entered; they must leave by the opposite gate.|Preserves both reciprocal routes and prohibition.
46:10|The prince will be among them, entering when they enter; when they leave, they will go out together.|Keeps final plural rather than flattening it.
46:11|At the feasts and appointed festivals, the grain offering will be an ephah for each bull and an ephah for each ram, and for the lambs whatever he gives, with a hin of oil for each ephah.|Preserves repeated festival ratios.
46:12|When the prince makes a freewill offering to the LORD, a burnt offering or peace offerings, the east-facing gate must be opened for him. He will offer his burnt offering and peace offerings as on the Sabbath. Then he must leave, and the gate must be shut after him.|Keeps voluntary occasion and different closing time.
46:13|“Provide an unblemished year-old lamb each day as a burnt offering to the LORD. Offer it morning by morning.|Preserves age and repeated daily timing.
46:14|With it, morning by morning, provide a grain offering: one-sixth of an ephah and one-third of a hin of oil to moisten the fine flour. This is a grain offering to the LORD, a lasting statute, continually.|Keeps exact unequal fractions and enduring obligation.
46:15|They must offer the lamb, grain offering, and oil morning by morning as a continual burnt offering.|Follows read-form they and full offering list.
46:16|“This is what the Lord GOD says: If the prince gives a gift from his inheritance to one of his sons, it will belong to his sons as their inherited possession.|Preserves male heirs and permanent gift.
46:17|But if he gives a gift from his inheritance to one of his servants, it will belong to that servant until the year of release, then return to the prince. His inheritance belongs permanently to his sons.|Keeps temporary servant gift distinct from heirs'.
46:18|The prince must not take any of the people’s inheritance, forcing them from their possessions. He must give his sons an inheritance from his own possession, so none of my people is scattered from their property.”|Preserves anti-dispossession rule and its purpose.
46:19|He brought me through the entrance beside the gate into the priests’ holy chambers facing north. At their far western end was a place|Keeps route and western location across label.
46:20|where, he told me, “The priests will boil the guilt offering and sin offering and bake the grain offering, so they do not carry them into the outer court and transmit holiness to the people.”|Preserves three preparations and holiness restriction.
46:21|He led me out into the outer court and around its four corners. In each corner was another court.|Keeps four nested courts.
46:22|These four corner courts were enclosed, each forty long and thirty wide. All four had the same dimensions.|Retains forty/thirty and uncertain enclosed term.
46:23|A row of masonry ran around each of the four, with cooking hearths built beneath the rows all around.|Preserves repeated surrounding hearth arrangement.
46:24|He told me, “These are the kitchens where the temple’s servants will boil the people’s sacrifices.”|Distinguishes people's kitchens from priestly chambers.
47:1|He brought me back to the temple entrance. Water was flowing east from beneath its threshold, for the temple faced east. The water flowed down from beneath the temple’s right side, south of the altar.|Keeps three directional relationships.
47:2|He led me out through the north gate and around outside to the outer gate facing east. Water was trickling from its right side.|Preserves indirect route and small initial flow.
47:3|The man went east with a measuring cord in his hand. He measured a thousand cubits and led me through ankle-deep water.|Keeps first measured stage and depth.
47:4|He measured another thousand and led me through knee-deep water. He measured another thousand and led me through waist-deep water.|Preserves two separate stages.
47:5|He measured another thousand. Now it was a river I could not cross, for the water had risen, deep enough to swim in, a river that could not be crossed.|Keeps fourth stage and repeated inability.
47:6|He asked me, “Have you seen this, son of man?” Then he led me back to the riverbank.|Retains observation question and return.
47:7|When I returned, I saw very many trees along both banks of the river.|Keeps abundance and both banks.
47:8|He told me, “This water flows into the eastern region and down into the Arabah. When it enters the sea, the sea’s waters are healed.|Retains healing word and geography without silently naming sea.
47:9|Every living creature that swarms wherever the streams go will live. There will be very many fish, because this water comes there and heals the waters. Everything will live wherever the river goes.|Preserves living/healing repetition and plural streams.
47:10|Fishermen will stand along it. From En-gedi to En-eglaim there will be places for spreading nets. Its fish will be of many kinds, as numerous as the fish of the Great Sea.|Keeps named range and species comparison.
47:11|But its marshes and pools will not be healed; they will be left for salt.|Retains exception to healing.
47:12|Every kind of food tree will grow along both riverbanks. Their leaves will not wither, and their fruit will not fail. They will bear fresh fruit each month because their water comes from the sanctuary. Their fruit will be for food and their leaves for healing.”|Keeps monthly fruit, sanctuary source and leaf purpose.
47:13|This is what the Lord GOD says: “These are the boundaries by which you must divide the land as an inheritance among Israel’s twelve tribes. Joseph will have two portions.|Preserves twelve with Joseph's plural portions explained.
47:14|You must inherit equal shares. I raised my hand in an oath to give this land to your ancestors, and it will fall to you as an inheritance.|Keeps equality and oath gesture.
47:15|“This is the land’s boundary: on the north, from the Great Sea along the road to Hethlon, toward Zedad,|Retains geographic continuation across labels.
47:16|Hamath, Berothah, and Sibraim, which lies between the territories of Damascus and Hamath, and Hazer-hatticon on the border of Hauran.|Keeps full place list and relational borders.
47:17|The boundary will run from the sea to Hazar-enon, along the northern border of Damascus, with Hamath’s territory to the north. This is the northern side.|Retains uncertain northern syntax without moving names.
47:18|“On the east, between Hauran and Damascus, and between Gilead and Israel’s land, the Jordan forms the boundary. Measure from the boundary down to the eastern sea. This is the eastern side.|Keeps pinned measure rather than Tamar variant.
47:19|“On the south, the boundary runs from Tamar to the waters of Meribath-kadesh, then along the Wadi to the Great Sea. This is the southern side.|Retains named water dispute and unnamed Wadi.
47:20|“On the west, the Great Sea is the boundary, up to a point opposite Lebo-hamath. This is the western side.|Keeps sea boundary and northern endpoint.
47:21|“Divide this land among yourselves according to Israel’s tribes.|Retains tribal distribution command.
47:22|Allot it as an inheritance for yourselves and for the resident foreigners among you who have children among you. You must treat them like native-born Israelites; they will receive an inheritance with you among Israel’s tribes.|Preserves resident foreigners' inclusion and specified family condition.
47:23|In whatever tribe a resident foreigner lives, there you must give that person an inheritance, declares the Lord GOD.”|Keeps local tribal inheritance entitlement.
48:1|“These are the tribes’ names. At the northern end, along the road to Hethlon, Lebo-hamath, and Hazar-enan on Damascus’s northern border beside Hamath, Dan will have one portion, extending from east to west.|Keeps first tribe, northern boundary and east-west span.
48:2|Along Dan’s boundary, from east to west: Asher, one portion.|Preserves repeated allotment formula and sequence.
48:3|Along Asher’s boundary, from east to west: Naphtali, one portion.|Keeps Naphtali immediately after Asher.
48:4|Along Naphtali’s boundary, from east to west: Manasseh, one portion.|Preserves Manasseh's position.
48:5|Along Manasseh’s boundary, from east to west: Ephraim, one portion.|Keeps Joseph's second tribal allotment distinct.
48:6|Along Ephraim’s boundary, from east to west: Reuben, one portion.|Preserves Reuben's place in order.
48:7|Along Reuben’s boundary, from east to west: Judah, one portion.|Keeps Judah next to sacred strip.
48:8|“Along Judah’s boundary, from east to west, will be the contribution you set apart: twenty-five thousand wide, as long as one tribal portion from east to west. The sanctuary will be within it.|Retains strip width and internal sanctuary.
48:9|The contribution you set apart for the LORD will be twenty-five thousand long and ten thousand wide.|Keeps sacred portion dimensions distinct from full strip.
48:10|This holy contribution will belong to the priests: twenty-five thousand on the north, ten thousand wide on the west, ten thousand wide on the east, and twenty-five thousand long on the south. The LORD’s sanctuary will be within it.|Preserves all four directional dimensions.
48:11|It is for the consecrated priests descended from Zadok, who kept my charge and did not stray when the Israelites strayed as the Levites did.|Keeps lineage and contrast of conduct.
48:12|It will be their special contribution from the land’s contribution, a most holy portion beside the Levites’ boundary.|Retains most-holy status and adjacent Levites.
48:13|“Alongside the priests’ territory, the Levites will have twenty-five thousand in length and ten thousand in width. Its full length will be twenty-five thousand and its width ten thousand.|Preserves repeated dimensions rather than compressing.
48:14|They must not sell or exchange any of it, nor transfer this choice land to others, because it is holy to the LORD.|Keeps three restrictions and holy rationale.
48:15|“The remaining strip, five thousand wide and twenty-five thousand long, will be common land for the city, for houses and open land. The city will stand in its center.|Preserves common versus holy distinction.
48:16|These are the city’s dimensions: four thousand five hundred on the north, four thousand five hundred on the south, four thousand five hundred on the east, and four thousand five hundred on the west.|Follows read omission of duplicated five; preserves four sides.
48:17|The city’s open land will extend two hundred fifty to the north, two hundred fifty to the south, two hundred fifty to the east, and two hundred fifty to the west.|Keeps four explicit margins.
48:18|The remaining length beside the holy contribution will be ten thousand to the east and ten thousand to the west, alongside the holy contribution. Its produce will provide food for the city’s workers.|Preserves paired agricultural strips and purpose.
48:19|The city’s workers from all Israel’s tribes will cultivate it.|Keeps all-tribes participation.
48:20|The entire contribution will be twenty-five thousand by twenty-five thousand. Set apart this square as the holy contribution together with the city’s possession.|Preserves complete square including common city portion.
48:21|“What remains on either side of the holy contribution and the city’s possession belongs to the prince. From the contribution’s twenty-five-thousand length to the eastern boundary, and westward from its twenty-five-thousand length to the western boundary, alongside the tribal portions, it belongs to the prince. The holy contribution and the temple sanctuary will be within it.|Keeps long boundary description and central holy area.
48:22|The Levites’ possession and the city’s possession will lie within the prince’s land. The land between Judah’s boundary and Benjamin’s boundary will belong to the prince.|Keeps exclusions located within ruler's broader strip.
48:23|“For the remaining tribes, from east to west: Benjamin, one portion.|Marks southern allotments beginning with Benjamin.
48:24|Along Benjamin’s boundary, from east to west: Simeon, one portion.|Preserves Simeon's position.
48:25|Along Simeon’s boundary, from east to west: Issachar, one portion.|Keeps repeated formula and Issachar.
48:26|Along Issachar’s boundary, from east to west: Zebulun, one portion.|Preserves Zebulun next to Gad.
48:27|Along Zebulun’s boundary, from east to west: Gad, one portion.|Keeps final tribe and span.
48:28|Along Gad’s boundary on the south, the border runs from Tamar to the waters of Meribath-kadesh, then along the Wadi to the Great Sea.|Preserves repeated southern boundary.
48:29|This is the land you must allot as an inheritance to Israel’s tribes, and these are their portions, declares the Lord GOD.|Keeps concluding allotment declaration.
48:30|“These are the city’s exits. The north side measures four thousand five hundred.|Introduces gates with side measurement.
48:31|The city’s gates will bear the names of Israel’s tribes. Three gates will face north: one for Reuben, one for Judah, and one for Levi.|Preserves Levi among gates though no tribal strip.
48:32|The east side measures four thousand five hundred, with three gates: one for Joseph, one for Benjamin, and one for Dan.|Keeps Joseph as single gate name.
48:33|The south side measures four thousand five hundred, with three gates: one for Simeon, one for Issachar, and one for Zebulun.|Preserves southern gate order.
48:34|The west side measures four thousand five hundred, with three gates: one for Gad, one for Asher, and one for Naphtali.|Keeps western gate order.
48:35|The distance all around is eighteen thousand. From that day the city’s name will be ‘The LORD Is There.’”|Preserves perimeter and climactic presence name.
