1:1|In the thirtieth year, on the fifth day of the fourth month, I was among the exiles beside the Kebar River. The heavens opened, and I saw visions of God.|Keeps the unexplained thirtieth year and the exile setting before the vision.
1:2|It was the fifth day of the month, in the fifth year of King Jehoiachin’s exile.|Retains the second dating formula rather than merging it into the first.
1:3|The word of the LORD came to Ezekiel the priest, son of Buzi, in the land of the Chaldeans beside the Kebar River. There the hand of the LORD came upon him.|Preserves the third-person introduction and the hand image.
1:4|I looked: a storm wind was coming from the north, a great cloud with fire flashing within it and brightness all around. At its center, within the fire, something gleamed like glowing metal.|Keeps the layered location and uncertain metal comparison.
1:5|Within it was the likeness of four living creatures. This is how they appeared: they had a human likeness,|Repeated likeness makes the description analogical rather than a literal identification.
1:6|but each had four faces and four wings.|Carries the surprising qualification across the verse boundary.
1:7|Their legs were straight, and the soles of their feet were like the soles of a calf’s feet. They sparkled like polished bronze.|Preserves calf feet and the bronze comparison without modern machinery imagery.
1:8|They had human hands beneath their wings on all four sides. All four had faces and wings.|Follows the read form hands while retaining the concluding summary.
1:9|Their wings touched one another. They did not turn as they moved; each went straight ahead.|Makes movement intelligible while keeping the repeated no-turning detail.
1:10|As for their faces, all four had a human face, a lion’s face on the right, an ox’s face on the left, and an eagle’s face.|Preserves all four faces and the two specified directions.
1:11|Such were their faces. Their wings spread upward; each had two wings touching another creature’s wings and two covering its body.|Separates the face summary from the wing arrangement without adding a direction for the eagle.
1:12|Each went straight ahead. Wherever the spirit would go, they went, without turning as they moved.|Keeps spirit and the guiding relation open without replacing it with instinct.
1:13|The living creatures looked like burning coals of fire, like torches. Fire moved back and forth among the creatures; it shone brightly, and lightning flashed from it.|Retains both the creatures’ appearance and fire among them despite the compressed syntax.
1:14|The creatures darted back and forth like flashes of lightning.|Renders rapid movement without identifying its mechanism.
1:15|As I looked at the living creatures, I saw a wheel on the ground beside each of the four-faced creatures.|Distributes the singular wheel naturally across the four creatures; note records compressed Hebrew.
1:16|The wheels and their workmanship gleamed like beryl. All four had the same likeness, and each looked as though one wheel were set within another.|Keeps mineral identification provisional and the wheel-within-wheel image.
1:17|They could move in any of their four directions without turning as they went.|Preserves four directions and the refrain.
1:18|Their rims were high and awe-inspiring, and the rims of all four were full of eyes all around.|Retains eyes rather than interpreting them as decorations.
1:19|When the living creatures moved, the wheels moved beside them. When the creatures rose from the ground, the wheels rose too.|Makes the synchronized motions explicit without reducing the repetition.
1:20|Wherever the spirit would go, they went—that was where the spirit would go. The wheels rose alongside them, because the spirit of the living creatures was in the wheels.|Retains the unusual repeated spirit clause and shared animation.
1:21|When the creatures moved, the wheels moved; when they stood still, the wheels stood still. When the creatures rose from the ground, the wheels rose alongside them, because the spirit of the living creatures was in the wheels.|Keeps the full repeated explanation and all three paired motions.
1:22|Above the heads of the living creatures was the likeness of an expanse, stretched out over them, gleaming like awe-inspiring ice.|Keeps expanse and ice imagery with likeness qualification.
1:23|Beneath the expanse their wings stretched straight toward one another. Each had two wings covering its body—two covering its body.|Preserves the conspicuous duplication in the source rather than silently deleting it.
1:24|As they moved, I heard the sound of their wings, like the roar of great waters, like the voice of the Almighty, a tumult like the noise of an army. When they stood still, they lowered their wings.|Retains all three sound comparisons and the pause gesture.
1:25|A voice came from above the expanse over their heads. When they stood still, they lowered their wings.|Retains the repeated lowering and the voice’s location.
1:26|Above the expanse over their heads was the likeness of a throne, with the appearance of sapphire. High above, on that throne-like form, was a likeness with a human appearance.|Keeps the accumulating likeness qualifications before the human appearance.
1:27|From what looked like his waist upward, I saw a gleam like glowing metal, like fire enclosed all around. From what looked like his waist downward, I saw something like fire, with brightness surrounding him.|Retains waist boundary and difficult fire enclosure without over-specifying material.
1:28|The brightness around him looked like the rainbow in a cloud on a rainy day. This was the appearance of the likeness of the glory of the LORD. When I saw it, I fell facedown and heard a voice speaking.|Keeps the final qualified identification and bodily response.
2:1|He said to me, “Son of man, stand on your feet, and I will speak with you.”|Retains the recurring address and its contrast with the enthroned figure.
2:2|As he spoke to me, a spirit entered me and set me on my feet. I heard him speaking to me.|Does not add an explicit divine title to the indefinite spirit.
2:3|He said, “Son of man, I am sending you to the Israelites, to rebellious nations that have rebelled against me. They and their ancestors have defied me to this very day.|Preserves the unexpected plural nations and ongoing rebellion.
2:4|Their children have hard faces and stubborn hearts. I am sending you to them, and you must tell them, ‘This is what the Lord GOD says.’|Keeps bodily imagery and introduces the recurring messenger formula.
2:5|Whether they listen or refuse—for they are a rebellious household—they will know that a prophet has been among them.|Maintains both possible responses and the recognition outcome.
2:6|And you, son of man, do not fear them or their words. Though briars and thorns surround you and you live among scorpions, do not fear their words or be dismayed by their faces. They are a rebellious household.|Retains the repeated prohibitions and threatening plant/animal images.
2:7|Speak my words to them whether they listen or refuse, for they are rebellious.|Keeps the mandate independent of the audience’s response.
2:8|But you, son of man, listen to what I am telling you. Do not be rebellious like that rebellious household. Open your mouth and eat what I give you.”|Preserves the contrast between prophet and audience and the concrete command.
2:9|I looked and saw a hand stretched out toward me, holding a scroll.|Renders the doubled attention marker as a single natural visual introduction.
2:10|He unrolled it before me. Writing covered its front and back: laments, mourning, and woe.|Keeps both written surfaces and the threefold contents.
3:1|He said to me, “Son of man, eat what is here. Eat this scroll, then go and speak to the house of Israel.”|Retains the repeated eating command and its sequence before speaking.
3:2|I opened my mouth, and he fed me the scroll.|Keeps divine agency in feeding rather than merely handing over.
3:3|He said, “Son of man, feed your belly and fill your stomach with this scroll I am giving you.” I ate it, and in my mouth it was sweet as honey.|Preserves bodily fullness and the surprising sweetness of a lament scroll.
3:4|Then he said, “Son of man, go to the house of Israel and speak my words to them.|Keeps words as the given content, not the prophet’s explanation.
3:5|You are being sent to the house of Israel, not to a people whose speech is unfamiliar and whose language is hard to understand.|Reorders the contrast to identify the destination first.
3:6|Nor are you being sent to many peoples with unfamiliar speech and difficult languages whose words you cannot understand. If I had sent you to them, they would have listened to you.|Keeps the counterfactual claim and repeated language difficulty.
3:7|But the house of Israel will refuse to listen to you, because they refuse to listen to me. The whole house of Israel is hardheaded and stubborn-hearted.|Preserves the causal link and paired head/heart descriptions.
3:8|Look, I have made your face as hard as their faces, and your forehead as hard as theirs.|Retains matching bodily images and divine preparation.
3:9|I have made your forehead like adamant, harder than flint. Do not fear them or be dismayed by their faces, for they are a rebellious household.”|Keeps the hard mineral image and repeating reassurance.
3:10|He said, “Son of man, take to heart every word I speak to you, and listen with your ears.|Retains both heart and ears and all the words.
3:11|Go to the exiles, to your own people. Speak to them and tell them, ‘This is what the Lord GOD says,’ whether they listen or refuse.”|Clarifies the exiles’ relationship to Ezekiel without adding nationality beyond context.
3:12|Then a spirit lifted me, and behind me I heard a great rumbling sound: “Blessed be the glory of the LORD from his place!”|Follows the pinned blessing wording rather than emending it to rising glory.
3:13|I heard the wings of the living creatures brushing against one another, the wheels beside them, and a great rumbling sound.|Keeps the three-part sound description and repeated rumble.
3:14|The spirit lifted me and carried me away. I went in bitterness, my spirit burning, while the hand of the LORD rested heavily on me.|Preserves bitterness and heat without assigning a psychological cause.
3:15|I came to the exiles at Tel-abib, who lived beside the Kebar River, and sat where they sat. For seven days I sat among them, stunned.|Follows the read form sat, preserving seven days and the repeated sitting.
3:16|At the end of seven days, the word of the LORD came to me:|Keeps the interval and messenger transition.
3:17|“Son of man, I have appointed you a watchman for the house of Israel. Whenever you hear a word from my mouth, warn them for me.|Retains the watchman image and the warning’s source.
3:18|When I tell a wicked person, ‘You will certainly die,’ and you give no warning, saying nothing to warn that person away from a wicked path so they may live, that wicked person will die in their guilt. But I will hold you accountable for their blood.|Generic inclusive person preserves both individual guilt and prophetic blood-accountability.
3:19|If you warn a wicked person and they do not turn from their wickedness and their wicked path, they will die in their guilt, but you will have saved your own life.|Keeps the person’s response distinct from the watchman’s responsibility.
3:20|Again, if a righteous person turns from doing right and does wrong, and I put a stumbling block before them, they will die. Because you did not warn them, they will die in their sin, and their righteous deeds will not be remembered. I will hold you accountable for their blood.|Preserves the troubling divine stumbling block and all stated consequences.
3:21|But if you warn a righteous person not to sin, and they do not sin, they will certainly live because they took warning, and you will have saved your own life.”|Keeps warning, response, and both lives in the conditional sequence.
3:22|There the hand of the LORD came upon me. He said, “Get up and go out to the valley. I will speak with you there.”|Retains hand and location as separate elements.
3:23|I got up and went to the valley. There stood the glory of the LORD, like the glory I had seen beside the Kebar River. I fell facedown.|Connects the new appearance explicitly to the earlier vision.
3:24|A spirit entered me and set me on my feet. He spoke to me: “Go and shut yourself inside your house.|Keeps the spirit’s action and the command without inventing a new speaker.
3:25|As for you, son of man, they will put ropes on you and bind you, so that you cannot go out among them.|Leaves the binding agents unnamed as in the source.
3:26|I will make your tongue stick to the roof of your mouth. You will be silent, unable to rebuke them, for they are a rebellious household.|Preserves physical silencing and its relation to rebuke.
3:27|But when I speak with you, I will open your mouth, and you will tell them, ‘This is what the Lord GOD says.’ Let whoever listens listen, and whoever refuses refuse, for they are a rebellious household.”|Keeps the paired permissive forms and divine control of speech.
4:1|“Now you, son of man, take a brick, set it before you, and inscribe a city on it—Jerusalem.|Retains the material and identifies the city at the end.
4:2|Lay siege to it: build siegeworks against it, heap up a ramp, set up camps, and place battering rams around it.|Keeps every component of the enacted siege.
4:3|Take an iron griddle and set it as an iron wall between you and the city. Turn your face toward it: it will be under siege, and you will besiege it. This is a sign for the house of Israel.|Retains doubled siege agency and identifies the act as a sign.
4:4|Then lie on your left side and put the guilt of the house of Israel on it. For as many days as you lie on that side, you will bear their guilt.|Keeps bodily burden and guilt rather than only a time prediction.
4:5|I have assigned you the years of their guilt as a number of days: 390 days. You will bear the guilt of the house of Israel.|Preserves the pinned 390 and years-to-days correspondence.
4:6|When you have finished those days, lie down again, this time on your right side. Bear the guilt of the house of Judah for forty days. I have assigned you a day for a year, a day for a year.|Retains right-side read form and doubled day/year phrase.
4:7|Turn your face toward the siege of Jerusalem, bare your arm, and prophesy against it.|Keeps all three enacted gestures.
4:8|Look, I will put ropes on you so that you cannot turn from one side to the other until you have completed the days of your siege.|Preserves God as binding agent here without importing that agent into 3:25.
4:9|Take wheat, barley, beans, lentils, millet, and spelt. Put them in one vessel and make bread from them. Eat it throughout the 390 days you lie on your side.|Preserves six ingredients, one vessel, and repeated duration.
4:10|Weigh out your food: twenty shekels a day, eaten at set times.|Keeps the ancient weight and ration schedule.
4:11|Measure your drinking water: one-sixth of a hin, drunk at set times.|Retains ancient volume and parallel schedule.
4:12|Eat the bread as a barley cake, baking it over human dung in their sight.”|Makes dung the fuel rather than an ingredient.
4:13|The LORD said, “This is how the Israelites will eat their food unclean among the nations where I drive them.”|Keeps uncleanness and forced dispersal as the sign’s interpretation.
4:14|I said, “Ah, Lord GOD! I have never defiled myself. From my youth until now I have never eaten an animal that died on its own or was torn by beasts. No tainted meat has entered my mouth.”|Preserves the protest and distinct prohibited foods.
4:15|He answered, “Then I will allow you cattle dung instead of human dung. Bake your bread over that.”|Renders the concession directly and keeps fuel relation clear.
4:16|He said, “Son of man, I am about to break Jerusalem’s staff of bread. They will eat bread by weight in anxiety and drink water by measure in dismay.|Keeps staff-of-bread image alongside its rationing consequence.
4:17|Food and water will run short. They will look at one another in horror and waste away in their guilt.”|Preserves mutual horror and guilt without reducing them to hunger alone.
5:1|“And you, son of man, take a sharp sword and use it as a barber’s razor. Pass it over your head and beard. Then take scales and divide the hair by weight.|Keeps sword-as-razor, both shaved areas, and weighed division.
5:2|When the days of the siege are complete, burn a third in the fire inside the city. Take another third and strike it with the sword around the city. Scatter the last third to the wind, and I will draw a sword after them.|Preserves all thirds and the shift from symbolic hair to pursued people.
5:3|Take a few of those hairs and tie them in the folds of your garment.|Makes the referent of the few clear while keeping their location.
5:4|Then take some of these as well, throw them into the fire, and burn them. From it a fire will spread to the whole house of Israel.|Keeps loss even from preserved hairs and the fire’s wider reach.
5:5|“This is what the Lord GOD says: This is Jerusalem. I set her among the nations, with other lands around her.|Keeps feminine city personification and central placement without geographic expansion.
5:6|Yet she rebelled against my judgments more wickedly than the nations, and against my statutes more than the lands around her. They rejected my judgments and did not live by my statutes.|Preserves the shift from personified city to its people and both legal terms.
5:7|Therefore this is what the Lord GOD says: You have been more defiant than the nations around you. You have not lived by my statutes or carried out my judgments; you have not even followed the judgments of the nations around you.|Keeps the source’s final negative rather than harmonizing with 11:12.
5:8|Therefore this is what the Lord GOD says: I myself am against you, Jerusalem. I will carry out judgments within you in the sight of the nations.|Clarifies the feminine addressee while retaining emphatic divine opposition.
5:9|Because of all your abominations, I will do among you what I have never done and will never do again.|Retains the categorical claim without weakening it to unusual severity.
5:10|So fathers among you will eat their children, and children will eat their fathers. I will carry out judgments against you and scatter all who remain of you to every wind.|Names cannibalism plainly and preserves both familial directions.
5:11|As I live, declares the Lord GOD, because you have defiled my sanctuary with all your detestable things and abominations, I too will cut you down. My eye will not spare you, and I will show no pity.|Retains oath, sanctuary defilement, and difficult cutting-down verb with note.
5:12|A third of you will die of plague and be consumed by famine within you. A third will fall by the sword around you. A third I will scatter to every wind, and I will draw a sword after them.|Retains all three outcomes and their correspondence with the hair sign.
5:13|Then my anger will be spent. I will let my fury rest upon them and be satisfied. When I have spent my fury on them, they will know that I, the LORD, spoke in my jealous zeal.|Keeps divine satisfaction and jealousy without apologetic explanation.
5:14|I will make you a ruin and an object of scorn among the nations around you, in the sight of everyone passing by.|Preserves the public audience and two outcomes.
5:15|You will become an object of scorn and taunting, a warning and a horror to the nations around you, when I carry out judgments against you in anger, fury, and furious rebukes. I, the LORD, have spoken.|Keeps the fourfold public effect and threefold wrath.
5:16|I will send deadly arrows of famine against them, arrows of destruction that I send to destroy you. I will increase the famine upon you and break your staff of bread.|Preserves the shift them/you and both arrows and staff images.
5:17|I will send famine and wild beasts against you, and they will bereave you. Plague and bloodshed will pass through you, and I will bring a sword upon you. I, the LORD, have spoken.”|Retains bereavement and the full list of destructive agents.
6:1|The word of the LORD came to me:|Retains the new oracle’s introduction.
6:2|“Son of man, turn your face toward the mountains of Israel and prophesy against them.|Keeps the mountains as addressed witnesses.
6:3|Say, ‘Mountains of Israel, hear the word of the Lord GOD! This is what the Lord GOD says to the mountains and hills, the ravines and valleys: I myself am bringing a sword against you, and I will destroy your high places.|Preserves both divine titles and all four landscape features.
6:4|Your altars will be devastated and your incense altars broken. I will throw your slain down before your idols.|Retains the distinct cultic objects and bodily placement.
6:5|I will lay the corpses of the Israelites before their idols and scatter your bones around your altars.|Keeps the change from their to your as accusation intensifies.
6:6|Wherever you live, the towns will be ruined and the high places devastated. Your altars will lie ruined and desolate, your idols shattered and gone, your incense altars cut down, and your handiwork wiped out.|Preserves each object and the cumulative destruction rather than compressing the list.
6:7|The slain will fall among you, and you will know that I am the LORD.|Keeps the recognition formula intact.
6:8|“‘Yet I will leave some alive. Some of you will escape the sword among the nations when you are scattered through other lands.|Keeps survivors within the dispersion rather than promising immediate return.
6:9|Then your survivors will remember me among the nations where they have been taken captive—how I was broken by their unfaithful heart that turned away from me, and by their eyes that went whoring after their idols. They will loathe themselves for the evil they did, for all their abominations.|Retains the passive I was broken and sexual metaphor with a note on difficult syntax.
6:10|They will know that I am the LORD, that I did not speak idly when I said I would bring this disaster on them.’|Makes the final clause’s relation to the announced disaster clear.
6:11|“This is what the Lord GOD says: Strike your hands together, stamp your foot, and cry, ‘Alas for all the evil abominations of the house of Israel!’ They will fall by sword, famine, and plague.|Keeps the prophet’s gestures, cry, and three threats.
6:12|Those far away will die of plague; those nearby will fall by the sword. Those who remain, shut inside, will die of famine. I will spend my fury on them.|Retains three locations and their distinct fates.
6:13|You will know that I am the LORD when their slain lie among their idols, around their altars, on every high hill and every mountaintop, beneath every green tree and every leafy oak—wherever they offered a pleasing aroma to all their idols.|Keeps the complete landscape catalogue and sacrificial aroma language.
6:14|I will stretch out my hand against them and make the land a desolate waste, from the wilderness to Diblah, wherever they live. Then they will know that I am the LORD.”|Retains pinned Diblah rather than silently replacing it with Riblah.
7:1|The word of the LORD came to me:|Marks the next oracle.
7:2|“And you, son of man—this is what the Lord GOD says to the land of Israel:\nAn end! The end has come\nto the four corners of the land.|Keeps repetition and fourfold extent in prophetic lineation.
7:3|Now the end is upon you.\nI will unleash my anger against you,\njudge you by your ways,\nand bring all your abominations back upon you.|Preserves three first-person judgment actions.
7:4|My eye will not spare you;\nI will show no pity.\nI will bring your ways back upon you,\nand your abominations will remain among you.\nThen you will know that I am the LORD.|Keeps abominations remaining rather than reducing them to punishment alone.
7:5|“This is what the Lord GOD says:\nDisaster—a singular disaster!\nLook, it is coming.|Follows the pinned one disaster phrase with uncertainty in the note.
7:6|An end has come;\nthe end has come!\nIt has awakened against you.\nLook, it is coming.|Retains end/awakened imagery and repetition.
7:7|Doom has come to you who live in the land.\nThe time has come; the day is near—\ntumult, not joyful shouts on the mountains.|Keeps doom and contrast while noting uncertain rare words.
7:8|Very soon I will pour out my fury on you\nand spend my anger against you.\nI will judge you by your ways\nand bring all your abominations back upon you.|Preserves parallel wrath and judicial clauses.
7:9|My eye will not spare;\nI will show no pity.\nI will repay you according to your ways,\nand your abominations will remain among you.\nThen you will know that I am the LORD who strikes.|Retains the expanded recognition formula who strikes.
7:10|Look—the day! Look, it comes!\nDoom has gone out.\nThe rod has budded;\narrogance has blossomed.|Keeps paired botanical images and urgent repeated look.
7:11|Violence has risen into a rod of wickedness.\nNone of them will remain,\nnone of their multitude, none of their wealth,\nnothing of distinction among them.|Preserves the four negatives while marking difficult final nouns for review.
7:12|The time has come; the day has arrived.\nLet the buyer not rejoice\nor the seller mourn,\nfor wrath is upon the whole multitude.|Keeps both commercial responses and comprehensive wrath.
7:13|The seller will not return to what was sold, even if both remain alive. The vision against the whole multitude will not be reversed. No one will hold on to life through their guilt.|Retains return language and difficult life/guilt clause without inserting a jubilee date.
7:14|They have sounded the trumpet\nand made everything ready,\nbut no one goes to battle,\nfor my wrath is upon the whole multitude.|Keeps preparation’s failure and its stated cause.
7:15|Outside is the sword;\ninside are plague and famine.\nWhoever is in the field will die by the sword;\nwhoever is in the city, famine and plague will devour.|Preserves spatial contrast and devouring image.
7:16|Those who escape will flee to the mountains,\nlike doves from the valleys,\nall of them moaning,\neach over their own guilt.|Retains doves and individual guilt in collective flight.
7:17|Every hand will hang limp,\nand every knee will run with water.|Keeps the source’s bodily image; note allows weakness or loss of bladder control.
7:18|They will put on sackcloth,\nand trembling will cover them.\nEvery face will be ashamed,\nevery head shaved bare.|Preserves four bodily signs of fear and mourning.
7:19|They will throw their silver into the streets and treat their gold as something unclean. Their silver and gold cannot rescue them on the day of the LORD’s fury. It cannot satisfy their appetite or fill their stomachs, for it became the stumbling block of their guilt.|Keeps wealth’s ritual, protective, and nutritional failures.
7:20|They made their beautiful ornaments a source of pride and fashioned from them their abominable images, their detestable things. So I have made that treasure unclean to them.|Uses ornaments reading while noting possible sanctuary referent.
7:21|I will hand it over to foreigners as plunder, to the wicked of the earth as loot, and they will profane it.|Follows the read form they will profane it and preserves both recipients.
7:22|I will turn my face away from them. They will profane my treasured place; violent men will enter it and profane it.|Keeps the concealed/treasured place without defining its architecture.
7:23|“Make the chain!\nThe land is full of bloodstained judgments,\nand the city is full of violence.|Preserves chain command and judicial bloodshed.
7:24|I will bring the worst of the nations, and they will take possession of their houses. I will end the pride of the strong, and their sanctuaries will be profaned.|Keeps the superlative invaders and loss of houses and holy places.
7:25|Anguish is coming.\nThey will look for peace,\nbut there will be none.|Retains futile search with clipped cadence.
7:26|Disaster will follow disaster,\nreport will follow report.\nThey will seek a vision from a prophet,\nbut instruction will vanish from the priest\nand counsel from the elders.|Preserves repeated news and three failed sources of guidance.
7:27|The king will mourn,\nthe prince will put on desolation,\nand the hands of the people of the land will shake.\nI will deal with them according to their ways\nand judge them by their own judgments.\nThen they will know that I am the LORD.”|Keeps three social groups and judgment according to their own standards.
8:1|In the sixth year, on the fifth day of the sixth month, I was sitting in my house with the elders of Judah seated before me. There the hand of the Lord GOD fell upon me.|Preserves precise date and the vision’s seated setting.
8:2|I looked and saw a likeness with the appearance of fire. From what looked like his waist downward was fire; from his waist upward was a radiant gleam like glowing metal.|Retains pinned fire rather than silently reading man.
8:3|He stretched out what looked like a hand and took me by a lock of hair. A spirit lifted me between earth and heaven and brought me in visions of God to Jerusalem, to the entrance of the inner gate facing north. There stood the image of jealousy that provokes jealousy.|Keeps visionary mode, bodily action, direction, and doubled jealousy.
8:4|There was the glory of the God of Israel, like the vision I had seen in the valley.|Keeps the explicit connection to the previous manifestation.
8:5|He said, “Son of man, look toward the north.” I looked north, and there, north of the altar gate at the entrance, was that image of jealousy.|Preserves repeated direction and exact gate relation.
8:6|He said, “Son of man, do you see what they are doing? The great abominations the house of Israel commits here drive me far from my sanctuary. But you will see still greater abominations.”|Makes the implied divine departure explicit while noting its ambiguous subject.
8:7|He brought me to the entrance of the court. I looked and saw a hole in the wall.|Keeps the sequence of arrival and discovery.
8:8|He said, “Son of man, dig through the wall.” I dug through it and found a doorway.|Preserves command and enacted response.
8:9|He said, “Go in and see the evil abominations they are committing here.”|Retains moral descriptor without adding explanation.
8:10|I went in and looked. All around the walls were engraved every kind of creeping creature and detestable animal, and all the idols of the house of Israel.|Keeps the complete depicted categories and encircling walls.
8:11|Seventy men from the elders of the house of Israel stood before them, with Jaazaniah son of Shaphan among them. Each held a censer, and a thick cloud of incense rose.|Retains number, named elder, individual censers, and thick cloud.
8:12|He said, “Son of man, have you seen what the elders of the house of Israel do in the dark, each in his chamber of images? They say, ‘The LORD does not see us. The LORD has abandoned the land.’”|Keeps both quoted claims and private image chambers.
8:13|He said, “You will see still greater abominations that they are committing.”|Retains the escalating refrain.
8:14|He brought me to the entrance of the north gate of the LORD’s house. There women sat weeping for Tammuz.|Names the deity without inserting a ritual reconstruction.
8:15|He said, “Have you seen this, son of man? You will see abominations even greater than these.”|Preserves the repeated question and escalation.
8:16|He brought me into the inner court of the LORD’s house. At the entrance to the LORD’s temple, between the porch and the altar, were about twenty-five men. Their backs were toward the LORD’s temple and their faces eastward; they were bowing eastward to the sun.|Keeps approximate count, three temple references, and bodily orientation.
8:17|He said, “Have you seen this, son of man? Is it a small thing for the house of Judah to commit the abominations they have committed here? They have filled the land with violence and keep provoking me. Look at them putting the branch to their noses!|Retains the obscure gesture literally and connects cultic acts with violence.
8:18|So I too will act in fury. My eye will not spare, and I will show no pity. Even if they shout loudly in my ears, I will not listen to them.”|Keeps the loud appeal and explicit refusal.
9:1|Then he called out loudly within my hearing: “Bring near those appointed over the city, each with a weapon of destruction in his hand!”|Preserves ambiguity of appointed agents without naming angels.
9:2|Six men came from the direction of the upper gate facing north, each carrying a smashing weapon. Among them was a man dressed in linen, with a scribe’s writing kit at his waist. They came and stood beside the bronze altar.|Retains six men and separately described linen figure without forcing total count.
9:3|The glory of the God of Israel rose from above the cherub where it had rested and moved to the threshold of the house. He called to the man dressed in linen with the writing kit at his waist.|Keeps movement of glory and singular cherub.
9:4|The LORD told him, “Go through the city, through Jerusalem, and put a mark on the foreheads of those who sigh and groan over all the abominations committed within it.”|Preserves sighing and groaning as the stated criterion for marking.
9:5|To the others he said within my hearing, “Follow him through the city and strike. Let your eye spare no one; show no pity.|Keeps direct commands and read form prohibition.
9:6|Kill old men, young men, virgins, little children, and women—wipe them out. But do not go near anyone bearing the mark. Begin at my sanctuary.” So they began with the old men in front of the house.|Retains all vulnerable groups and the exception without softening slaughter.
9:7|He said to them, “Defile the house and fill the courts with the slain. Go!” They went out and struck people down in the city.|Keeps divine command to defile and its execution.
9:8|As they struck, I was left alone. I fell facedown and cried, “Ah, Lord GOD! Will you destroy all who remain of Israel as you pour out your fury on Jerusalem?”|Preserves the prophet’s horrified protest rather than endorsing it through commentary.
9:9|He answered, “The guilt of the house of Israel and Judah is exceedingly great. The land is full of bloodshed and the city full of injustice. They say, ‘The LORD has abandoned the land. The LORD does not see.’|Keeps both houses, intensified guilt, and reversed order of the earlier claims.
9:10|As for me, my eye will not spare, and I will show no pity. I will bring their ways down on their own heads.”|Retains the bodily repayment image.
9:11|Then the man dressed in linen, with the writing kit at his waist, brought back this report: “I have done everything you commanded me.”|Follows read form everything and keeps report distinct from narrator’s assessment.
10:1|I looked: above the expanse over the cherubim’s heads appeared something like sapphire, resembling the likeness of a throne.|Keeps layered comparisons and expanse location.
10:2|He told the man dressed in linen, “Go in among the whirling wheels beneath the cherub. Fill your hands with burning coals from between the cherubim and scatter them over the city.” He went in as I watched.|Preserves wheels/cherubim distinction and the command rather than inventing completed scattering.
10:3|The cherubim stood on the right side of the house when the man went in, and the cloud filled the inner court.|Keeps right rather than silently turning it into south.
10:4|The glory of the LORD rose from above the cherub to the threshold of the house. The cloud filled the house, and the brightness of the LORD’s glory filled the court.|Retains different contents and locations of the two filling clauses.
10:5|The sound of the cherubim’s wings could be heard as far as the outer court, like the voice of God Almighty when he speaks.|Keeps sound’s extent and fuller divine title.
10:6|When he commanded the man dressed in linen, “Take fire from among the whirling wheels, from between the cherubim,” the man went in and stood beside a wheel.|Retains the repeated command and precise position.
10:7|A cherub reached out from among the cherubim toward the fire between them, took some, and placed it in the hands of the man dressed in linen. He took it and went out.|Makes the transfer’s agents clear without adding the unreported scattering.
10:8|Beneath the cherubim’s wings there appeared the form of human hands.|Keeps appearance qualification for the hands.
10:9|I looked and saw four wheels beside the cherubim: one wheel beside one cherub, another beside another. The wheels gleamed like beryl.|Retains the distributive description and mineral comparison.
10:10|All four had the same likeness, as though one wheel were set within another.|Keeps the wheel image consistent with 1:16.
10:11|When they moved, they went in any of their four directions without turning. They followed wherever the head faced, without turning as they went.|Preserves the repeated no-turning clause and unnamed head referent.
10:12|Their whole bodies, their backs, hands, wings, and wheels were full of eyes all around—the wheels belonging to all four.|Keeps eyes on all listed surfaces, not only wheels.
10:13|I heard the wheels being called “the whirling wheels.”|Retains the audible naming and distinction between wheel terms.
10:14|Each had four faces: the first was a cherub’s face, the second a human face, the third a lion’s face, and the fourth an eagle’s face.|Keeps cherub face instead of harmonizing with the ox face of chapter 1.
10:15|The cherubim rose. These were the living creatures I had seen beside the Kebar River.|Retains the narrator’s identification at this point in the vision.
10:16|When the cherubim moved, the wheels moved beside them. When the cherubim lifted their wings to rise from the ground, the wheels did not turn away from their side.|Preserves both synchronized movement and continued proximity.
10:17|When the creatures stood still, the wheels stood still; when the creatures rose, the wheels rose with them, because the spirit of the living creatures was in them.|Keeps repeated explanation and clear paired subjects.
10:18|Then the glory of the LORD left the threshold of the house and stood above the cherubim.|Marks departure from the threshold without jumping ahead to departure from the city.
10:19|As I watched, the cherubim lifted their wings and rose from the ground, with the wheels beside them. They stopped at the entrance of the east gate of the LORD’s house, with the glory of the God of Israel above them.|Keeps the departure stage and east-gate stopping point.
10:20|These were the living creatures I had seen beneath the God of Israel beside the Kebar River. I now knew they were cherubim.|Preserves the narrator’s explicit recognition.
10:21|Each had four faces and four wings, with the likeness of human hands beneath its wings.|Retains counts and likeness language.
10:22|Their faces were the same faces I had seen beside the Kebar River—the same appearance, the same creatures. Each went straight ahead.|Keeps emphatic identity despite facial terminology difference.
11:1|A spirit lifted me and brought me to the east gate of the LORD’s house, the gate facing east. At its entrance were twenty-five men. Among them I saw Jaazaniah son of Azzur and Pelatiah son of Benaiah, leaders of the people.|Distinguishes this Jaazaniah’s father from Shaphan in 8:11 and preserves count.
11:2|He said, “Son of man, these are the men who plan wrongdoing and give evil counsel in this city.|Keeps both planning and advising as accusations.
11:3|They say, ‘The time to build houses is not near. The city is the pot, and we are the meat.’|Retains the source’s difficult negative statement; note gives interrogative alternative.
11:4|So prophesy against them. Prophesy, son of man!”|Keeps the repeated imperative.
11:5|The spirit of the LORD fell upon me. He told me, “Say: This is what the LORD says: That is what you say, house of Israel. I know the thoughts that rise in your spirit.|Keeps spirit language and the contrast between speech and known thoughts.
11:6|You have multiplied the slain in this city and filled its streets with the dead.|Preserves both increase and streets filled rather than only a general violence charge.
11:7|Therefore this is what the Lord GOD says: The slain you have laid within the city are the meat, and the city is the pot. But you will be brought out of it.|Preserves inversion of the leaders’ metaphor and the source’s compressed expulsion clause.
11:8|You fear the sword, and I will bring a sword against you, declares the Lord GOD.|Keeps feared instrument as the announced outcome.
11:9|I will bring you out of the city, hand you over to foreigners, and carry out judgments against you.|Makes city referent clear and preserves three actions.
11:10|You will fall by the sword. I will judge you at Israel’s border, and you will know that I am the LORD.|Retains boundary location and recognition refrain.
11:11|This city will not be your pot, nor will you be the meat within it. I will judge you at Israel’s border.|Carries the negative across coordinated clauses; note identifies the supplied nor.
11:12|Then you will know that I am the LORD. You have not lived by my statutes or carried out my judgments, but have followed the judgments of the nations around you.”|Keeps affirmative followed here unlike 5:7’s negative.
11:13|While I was prophesying, Pelatiah son of Benaiah died. I fell facedown and cried out loudly, “Ah, Lord GOD! Are you making an end of all who remain of Israel?”|Preserves immediate death and the prophet’s protest.
11:14|The word of the LORD came to me:|Marks response without inserting an explanation of the death.
11:15|“Son of man, your brothers—your brothers, your own kin—and the whole house of Israel, all of them, are the ones the people of Jerusalem have told, ‘Stay far from the LORD. The land has been given to us as our possession.’|Keeps emphatic kinship repetition and the residents’ exclusionary claim.
11:16|Therefore say: This is what the Lord GOD says: Though I sent them far away among the nations and scattered them through other lands, I have been a sanctuary for them for a little while in the lands where they went.|Keeps God as sanctuary and notes temporal/degree ambiguity of little.
11:17|Therefore say: This is what the Lord GOD says: I will gather you from the peoples and bring you together from the lands where you have been scattered. I will give you the land of Israel.|Retains both gathering verbs and gift of land.
11:18|They will come there and remove all its detestable things and all its abominations.|Keeps comprehensive removal and third-person shift.
11:19|I will give them one heart and put a new spirit within you. I will remove the heart of stone from their flesh and give them a heart of flesh,|Preserves one heart, the them/you shift, and stone/flesh contrast.
11:20|so that they may live by my statutes, keep my judgments, and carry them out. They will be my people, and I will be their God.|Keeps purpose and covenant relationship formula.
11:21|But those whose hearts pursue their detestable things and abominations—I will bring their ways down on their own heads, declares the Lord GOD.”|Renders difficult heart pursuit without excising the contrasting judgment.
11:22|The cherubim lifted their wings, with the wheels beside them and the glory of the God of Israel above them.|Preserves three-part arrangement.
11:23|The glory of the LORD rose from the middle of the city and stopped on the mountain east of it.|Keeps unnamed mountain and next departure stage.
11:24|A spirit lifted me and brought me in the vision, by the spirit of God, to the exiles in Chaldea. Then the vision I had seen rose away from me.|Retains visionary transport and closing ascent wording.
11:25|I told the exiles everything the LORD had shown me.|Keeps communicated content grounded in the vision.
12:1|The word of the LORD came to me:|Introduces new sign instruction.
12:2|“Son of man, you live among a rebellious household. They have eyes to see but do not see, ears to hear but do not hear, for they are a rebellious household.|Retains repeated household and paired organs.
12:3|So you, son of man, pack an exile’s belongings. Go into exile in daylight, before their eyes. Move from your place to another place before their eyes. Perhaps they will see, though they are a rebellious household.|Preserves repeated visible action and tentative perhaps.
12:4|Bring your belongings out in daylight before their eyes, as belongings for exile. Then go out in the evening before their eyes, as people go into exile.|Keeps daytime packing distinct from evening departure.
12:5|Before their eyes, dig through the wall and carry your belongings out through it.|Makes implied object clear without adding a door.
12:6|Before their eyes, carry them on your shoulder and take them out in the dark. Cover your face so that you cannot see the land, for I have made you a sign to the house of Israel.”|Preserves face covering’s stated result and sign identity.
12:7|I did as I was commanded. By day I brought out my belongings as belongings for exile. In the evening I dug through the wall with my hand. In the dark I carried them out on my shoulder before their eyes.|Keeps fulfillment details and bare hand.
12:8|In the morning the word of the LORD came to me:|Retains the intervening night.
12:9|“Son of man, has not the house of Israel, that rebellious household, asked you, ‘What are you doing?’|Preserves rhetorical question and audience description.
12:10|Tell them: This is what the Lord GOD says: This burden concerns the prince in Jerusalem and the whole house of Israel living there.|Keeps burden wordplay with luggage and identifies intended recipients.
12:11|Say, ‘I am a sign to you. What I have done will be done to them: they will go into exile, into captivity.’|Preserves you/them distinction and both exile terms.
12:12|The prince among them will carry his belongings on his shoulder and leave in the dark. They will dig through the wall to bring him out. He will cover his face so that he cannot see the land with his own eyes.|Retains unnamed helpers and explicit sight detail.
12:13|I will spread my net over him, and he will be caught in my snare. I will bring him to Babylon, the land of the Chaldeans, but he will not see it, and there he will die.|Keeps apparent paradox without inserting later narrative explanation.
12:14|I will scatter to every wind all who surround him—his helpers and all his troops—and draw a sword after them.|Follows read form his help collectively and preserves pursuing sword.
12:15|They will know that I am the LORD when I disperse them among the nations and scatter them through other lands.|Retains two dispersal verbs and recognition.
12:16|But I will spare a few from sword, famine, and plague, so they may recount all their abominations among the nations where they go. Then they will know that I am the LORD.”|Keeps survivors’ testimony about wrongdoing rather than assuming innocence.
12:17|The word of the LORD came to me:|Marks a new enacted instruction.
12:18|“Son of man, eat your bread trembling, and drink your water with shaking and anxiety.|Preserves distinct bodily and emotional effects.
12:19|Tell the people of the land: This is what the Lord GOD says about the inhabitants of Jerusalem in the land of Israel: They will eat their bread in anxiety and drink their water in dismay, for their land will be stripped of all it holds because of the violence of everyone living in it.|Keeps violence as stated cause of desolation.
12:20|The inhabited cities will become ruins, and the land will become a waste. Then you will know that I am the LORD.”|Preserves contrast inhabited/ruined and shift to you.
12:21|The word of the LORD came to me:|Separates the proverb oracle.
12:22|“Son of man, what is this proverb you have in the land of Israel: ‘The days drag on, and every vision comes to nothing’?|Renders proverb naturally while retaining both delay and failed vision.
12:23|Therefore tell them: This is what the Lord GOD says: I will put an end to this proverb. They will no longer repeat it in Israel. Instead, tell them, ‘The days are near, and so is the fulfillment of every vision.’|Keeps the counterproverb and repeated days/vision terms.
12:24|There will no longer be any empty vision or flattering divination within the house of Israel.|Preserves distinct false revelation forms.
12:25|For I, the LORD, will speak whatever word I speak, and it will be done. It will be delayed no longer. In your own days, rebellious household, I will speak a word and carry it out, declares the Lord GOD.”|Retains emphatic speak/do repetition and audience’s lifetime.
12:26|The word of the LORD came to me:|Keeps a second response oracle.
12:27|“Son of man, the house of Israel is saying, ‘The vision he sees is for many days from now. He is prophesying about distant times.’|Preserves the two versions of postponement.
12:28|Therefore tell them: This is what the Lord GOD says: None of my words will be delayed any longer. Whatever word I speak will be done, declares the Lord GOD.”|Keeps no words exception and both divine formulas.
13:1|The word of the LORD came to me:|Introduces prophecy against prophets.
13:2|“Son of man, prophesy against Israel’s prophets who are prophesying. Tell those who prophesy from their own hearts, ‘Hear the word of the LORD!|Retains repeated prophecy term to show competing claims.
13:3|This is what the Lord GOD says: Woe to the foolish prophets who follow their own spirit and have seen nothing!|Keeps own spirit and absence of vision as distinct charges.
13:4|Israel, your prophets have become like jackals among ruins.|Retains ruin-dwelling animal image with no explanatory moral added.
13:5|You have not gone up into the breaches or built a wall around the house of Israel, so that it could stand in battle on the day of the LORD.|Keeps failed defensive actions and their purpose.
13:6|They see empty visions and give lying divinations. They say, “The LORD declares,” though the LORD has not sent them, and they expect their word to come true.|Keeps expectation attributed to the prophets rather than supplying deceived hearers.
13:7|Have you not seen an empty vision and spoken a lying divination? You say, “The LORD declares,” when I have not spoken.|Preserves shift to direct accusation and false formula.
13:8|“‘Therefore this is what the Lord GOD says: Because you speak emptiness and see lies, I am against you, declares the Lord GOD.|Retains both title occurrences and paired offenses.
13:9|My hand will be against the prophets who see empty visions and give lying divinations. They will have no place in my people’s council, no entry in the register of the house of Israel, and no entrance into the land of Israel. Then you will know that I am the Lord GOD.|Keeps three distinct exclusions and full recognition title.
13:10|They have misled my people, saying, “Peace,” when there is no peace. When someone builds a flimsy wall, they coat it with whitewash.|Preserves peace denial and wall image with uncertainty of coating noted.
13:11|Tell those who coat it with whitewash: It will fall! A driving rain will come; hailstones, you will fall, and a storm wind will tear it apart.|Keeps sudden address to hailstones and all destructive weather.
13:12|When the wall has fallen, will people not ask you, “Where is the coating you put on it?”|Preserves rhetorical exposure after collapse.
13:13|“‘Therefore this is what the Lord GOD says: In my fury I will unleash a storm wind, in my anger a driving rain, and in fury hailstones to destroy it.|Keeps repeated fury and corresponding storm elements.
13:14|I will tear down the wall you coated with whitewash and bring it to the ground, exposing its foundation. It will fall, and you will perish within it. Then you will know that I am the LORD.|Retains foundation exposure and deaths of its coaters.
13:15|I will spend my fury on the wall and on those who coated it with whitewash. I will tell you, “The wall is gone, and so are those who coated it—|Keeps the identification continuing into next verse.
13:16|the prophets of Israel who prophesy to Jerusalem and see visions of peace for her when there is no peace,” declares the Lord GOD.’|Preserves female city and renewed peace denial.
13:17|“And you, son of man, turn your face toward the daughters of your people who prophesy from their own hearts. Prophesy against them.|Keeps gender-specific daughters and parallel own hearts charge.
13:18|Say, ‘This is what the Lord GOD says: Woe to the women who sew bands for every wrist and make veils for heads of every height, to hunt down lives! Will you hunt down the lives of my people while keeping lives for yourselves?|Keeps uncertain ritual objects and lives language; note records anomalous my-arm wording.
13:19|You profane me among my people for handfuls of barley and pieces of bread, putting to death lives that should not die and keeping alive lives that should not live, by lying to my people who listen to lies.|Preserves payment, two reversed outcomes, and listeners’ complicity.
13:20|“‘Therefore this is what the Lord GOD says: I am against your bands with which you hunt lives like birds. I will tear them from your arms and release the lives you hunt—the lives like birds.|Preserves repeated flying image while noting difficult grammar.
13:21|I will tear away your veils and rescue my people from your hands. They will no longer be prey in your hands. Then you will know that I am the LORD.|Keeps release from the women’s control and recognition.
13:22|Because you have disheartened the righteous with lies, when I had not caused them grief, and strengthened the hands of the wicked so they would not turn from their evil path and live,|Preserves contrast of discouraged righteous and enabled wicked, with sentence continuing.
13:23|you will no longer see empty visions or practice divination. I will rescue my people from your hands, and you will know that I am the LORD.’”|Retains consequences and repeated rescue refrain.
14:1|Some of Israel’s elders came to me and sat down before me.|Keeps unnumbered visitors distinct from earlier visions.
14:2|The word of the LORD came to me:|Introduces divine assessment of the visitors.
14:3|“Son of man, these men have raised their idols in their hearts and set the stumbling block of their guilt before their faces. Should I really let them consult me?|Keeps inner idols and visible stumbling image together.
14:4|Therefore speak to them. Tell them: This is what the Lord GOD says: If anyone of the house of Israel raises idols in their heart, sets the stumbling block of their guilt before their face, and comes to the prophet, I, the LORD, will answer that person when they come, according to their many idols.|Follows read form comes and preserves measure of answer in idols.
14:5|I will seize the house of Israel by their hearts, for all of them have estranged themselves from me through their idols.|Keeps strong seize verb without softening to win back.
14:6|Therefore tell the house of Israel: This is what the Lord GOD says: Turn back! Turn away from your idols and turn your faces away from all your abominations.|Retains three turning forms and bodily orientation.
14:7|If anyone of the house of Israel, or any foreigner residing in Israel, turns away from following me, raises idols in their heart, and sets the stumbling block of their guilt before their face, then comes to a prophet to consult me, I, the LORD, will answer that person myself.|Keeps resident foreigner within the same conditions and direct divine answer.
14:8|I will set my face against that person and make them a sign and a byword. I will cut them off from my people. Then you will know that I am the LORD.|Retains four judgments and plural audience recognition.
14:9|If a prophet is deceived into speaking a word, I, the LORD, have deceived that prophet. I will stretch out my hand against him and destroy him from among my people Israel.|Keeps divine deception explicit without resolving the theological tension.
14:10|They will bear their guilt. The guilt of the one who consults will be like the guilt of the prophet,|Retains shared accountability without erasing the separate agents.
14:11|so that the house of Israel may no longer wander away from me or defile themselves with all their rebellions. They will be my people, and I will be their God, declares the Lord GOD.”|Keeps purpose and covenant formula after judgment.
14:12|The word of the LORD came to me:|Marks the next hypothetical oracle.
14:13|“Son of man, if a land sins against me by acting unfaithfully, and I stretch out my hand against it, break its staff of bread, send famine into it, and cut off humans and animals from it,|Preserves conditional setting, bread image, and animal deaths.
14:14|even if these three men were in it—Noah, Daniel, and Job—they would save only their own lives by their righteousness, declares the Lord GOD.|Follows read form Daniel with identity uncertainty in note; preserves only themselves.
14:15|If I send wild beasts through the land and they bereave it, leaving it so desolate that no one passes through because of the beasts,|Keeps bereavement and impassability in the second scenario.
14:16|even if these three men were in it, as I live, declares the Lord GOD, they would save neither sons nor daughters. They alone would be saved, and the land would be desolate.|Preserves oath and gender-specific children in the refrain.
14:17|Or if I bring a sword against that land and say, ‘Sword, pass through the land,’ cutting off humans and animals from it,|Keeps direct address to sword and paired victims.
14:18|even if these three men were in it, as I live, declares the Lord GOD, they would save neither sons nor daughters. They alone would be saved.|Retains repeated oath rather than abbreviating the scenario.
14:19|Or if I send plague into that land and pour out my fury on it in bloodshed, cutting off humans and animals from it,|Keeps plague, bloodshed, and all affected life.
14:20|even if Noah, Daniel, and Job were in it, as I live, declares the Lord GOD, they would save neither son nor daughter. By their righteousness they would save only their own lives.|Repeats names and uses singular children as here in source.
14:21|“For this is what the Lord GOD says: How much more when I send my four terrible judgments against Jerusalem—sword, famine, wild beasts, and plague—to cut off humans and animals from it!|Keeps the intensifying comparison and fourfold list.
14:22|Yet some survivors will remain in it, sons and daughters brought out. They will come to you, and you will see their ways and their deeds. Then you will be consoled over the disaster I brought upon Jerusalem, over everything I brought upon it.|Does not label survivors righteous; keeps behavior as ground of consolation.
14:23|They will console you when you see their ways and their deeds. Then you will know that I did nothing I did there without cause, declares the Lord GOD.”|Retains repeated ways/deeds and causal claim without explanatory sermon.
15:1|The word of the LORD came to me:|Keeps a distinct short oracle.
15:2|“Son of man, how is the wood of a vine better than any other wood, a vine branch among the trees of the forest?|Preserves comparison about wood rather than changing the subject to fruit.
15:3|Can its wood be used to make anything? Can people even make a peg from it to hang a vessel on?|Keeps the modest peg example and both questions.
15:4|It is given to the fire for fuel. When fire has consumed both ends and charred the middle, is it useful for anything?|Retains both ends and middle as the basis for the question.
15:5|Even when it was whole, nothing could be made from it. How much less can it be used when fire has consumed and charred it!|Preserves whole/burned contrast and intensification.
15:6|“Therefore this is what the Lord GOD says: Like the vine wood among the forest trees that I give to the fire for fuel, so I will give up the inhabitants of Jerusalem.|Keeps explicit application to inhabitants rather than replacing the image.
15:7|I will set my face against them. They have come out of the fire, but fire will consume them. When I set my face against them, you will know that I am the LORD.|Retains escaped-yet-consumed tension and repeated face phrase.
15:8|I will make the land desolate because they have acted unfaithfully, declares the Lord GOD.”|Keeps the stated cause and closing title.
16:1|The word of the LORD came to me:|Introduces the extended address.
16:2|“Son of man, confront Jerusalem with her abominations.|Keeps city as personified female addressee of the following speech.
16:3|Say, ‘This is what the Lord GOD says to Jerusalem: Your origins and your birth were in the land of the Canaanites. Your father was an Amorite and your mother a Hittite.|Preserves the metaphorical genealogy without harmonizing with patriarchal ancestry.
16:4|On the day you were born, your cord was not cut. You were not washed with water to clean you, rubbed with salt, or wrapped in cloths.|Keeps four neglected birth-care actions.
16:5|No eye pitied you enough to do even one of these things for you. Instead, you were thrown into the open field because your life was despised on the day you were born.|Names abandonment and despising without blaming the infant.
16:6|“‘I passed by and saw you kicking in your blood. I said to you in your blood, “Live!” I said to you in your blood, “Live!”|Retains both identical life commands and blood repetitions.
16:7|I made you flourish like the growth of the field. You grew and became tall and reached full womanhood. Your breasts developed and your hair grew, but you were naked and bare.|Keeps maturation and bodily details; note records difficult ornaments phrase.
16:8|I passed by and saw that your time had come, the time for love. I spread the edge of my garment over you and covered your nakedness. I swore an oath to you and entered into a covenant with you, declares the Lord GOD, and you became mine.|Preserves marriage gesture, oath, covenant, and possession claim.
16:9|I washed you with water, rinsed your blood from you, and anointed you with oil.|Keeps all three acts and repeated blood image.
16:10|I clothed you in embroidered fabric and put sandals of fine leather on your feet. I wrapped you in fine linen and covered you in costly cloth.|Avoids unjustified certainty about rare leather and cloth names; note preserves terms.
16:11|I adorned you with ornaments, putting bracelets on your wrists and a necklace around your neck.|Keeps bodily placement of both adornments.
16:12|I put a ring in your nose, earrings on your ears, and a splendid crown on your head.|Preserves nose ring rather than general jewelry.
16:13|You were adorned with gold and silver; your clothing was fine linen, costly cloth, and embroidery. You ate fine flour, honey, and oil. You became exceedingly beautiful and rose to royalty.|Follows read forms cloth/you ate, retaining food list and royal endpoint.
16:14|Your beauty made your name known among the nations. It was perfect because of the splendor I had placed upon you, declares the Lord GOD.|Keeps beauty’s attributed source and international reputation.
16:15|“‘But you trusted in your beauty and used your fame to prostitute yourself. You poured out your prostitution on every passerby; your beauty was his.|Keeps accusation and poured-out image with supplied beauty referent explicit in rationale.
16:16|You took some of your clothes and made colorful high places for yourself, and there you prostituted yourself. Such things should never happen, never be!|Retains cultic locations and the difficult final repudiation rather than deleting it.
16:17|You took your splendid ornaments, made from my gold and my silver that I had given you, and made male images for yourself. You prostituted yourself with them.|Keeps ownership repetitions and explicitly male images.
16:18|You took your embroidered clothes and covered them, and set my oil and my incense before them.|Follows read form you set and preserves gifts diverted to images.
16:19|The food I had given you—the fine flour, oil, and honey I fed you—you set before them as a pleasing aroma. That is what happened, declares the Lord GOD.|Follows second-person morphology in suffixed verb and retains food repetition.
16:20|You took your sons and daughters whom you had borne to me and sacrificed them to the idols as food. Was your prostitution not enough?|Keeps children’s relation to speaker and the food image’s horror.
16:21|You slaughtered my children and gave them over to the idols, making them pass through the fire.|Retains my children and notes supplied fire in cultic passing expression.
16:22|Through all your abominations and prostitution, you did not remember the days of your youth, when you were naked and bare, kicking in your blood.|Keeps memory failure and repeated birth imagery.
16:23|“‘After all your wickedness—woe, woe to you! declares the Lord GOD—|Retains doubled woe as interruption of continuing syntax.
16:24|you built yourself a mound and made a raised platform in every square.|Preserves two uncertain structures without asserting brothel architecture.
16:25|At every street corner you built your raised platform. You made your beauty detestable, spread your legs for every passerby, and multiplied your acts of prostitution.|Keeps explicit sexual image without euphemism or added detail.
16:26|You prostituted yourself with your Egyptian neighbors, men with large sexual organs, multiplying your prostitution to provoke me.|Renders great of flesh in its sexual context; literal wording noted.
16:27|So I stretched out my hand against you and reduced your allotted provision. I handed you over to the will of your enemies, the daughters of the Philistines, who were ashamed of your lewd conduct.|Keeps reduced allotment and personified female enemies.
16:28|You prostituted yourself with the Assyrians because you were not satisfied. Even after prostituting yourself with them, you were still not satisfied.|Retains repeated dissatisfaction and Assyrian referent.
16:29|You multiplied your prostitution in the land of merchants, Chaldea, and even then you were not satisfied.|Keeps commercial sense of Canaan word with geographic Chaldea.
16:30|How feverish your heart is, declares the Lord GOD, to do all these things, the actions of a brazen prostitute!|Marks uncertain heart descriptor for note rather than claiming one secure meaning.
16:31|You built your mound at every street corner and made your raised platform in every square. Yet you were unlike a prostitute: you scorned payment.|Follows second-person read forms and preserves payment contrast.
16:32|An adulterous wife, taking strangers instead of her husband!|Retains abrupt exclamation and marital contrast.
16:33|People give gifts to prostitutes, but you gave your gifts to all your lovers. You bribed them to come to you from all around for your prostitution.|Keeps reversed payment and active bribery.
16:34|Your prostitution was the opposite of other women’s. No one sought you out as a prostitute. You paid a fee, and no fee was paid to you. You were the opposite!|Preserves repeated reversal rather than compressing it.
16:35|“‘Therefore, prostitute, hear the word of the LORD.|Retains the direct denunciatory address to the city.
16:36|This is what the Lord GOD says: Because you poured out your lust and exposed your nakedness in prostitution with your lovers and all your abominable idols, and because of the blood of your children whom you gave to them,|Keeps difficult poured-out noun as lust with literal copper alternative in note.
16:37|I will gather all your lovers with whom you took pleasure, everyone you loved and everyone you hated. I will gather them against you from all around and expose your nakedness to them. They will see all your nakedness.|Preserves divine agency and forced exposure without softening the harm.
16:38|I will judge you as adulterous women and women who shed blood are judged. I will bring upon you the bloodshed of fury and jealousy.|Keeps both charges and jealousy without moralizing beyond the speech.
16:39|I will hand you over to them. They will demolish your mound, tear down your raised platforms, strip off your clothes, take your splendid ornaments, and leave you naked and bare.|Retains every action in the stripping and destruction sequence.
16:40|They will bring a mob against you, stone you, and cut you to pieces with their swords.|Names collective violence and dismembering explicitly.
16:41|They will burn your houses and carry out judgments against you before many women. I will put an end to your prostitution, and you will no longer pay fees.|Keeps houses and women witnesses within city allegory.
16:42|Then I will let my fury rest upon you, and my jealousy will leave you. I will be quiet and no longer angry.|Preserves anger’s cessation as spoken claim, not explanatory endorsement.
16:43|Because you did not remember the days of your youth but enraged me with all these things, I in turn will bring your ways down on your head, declares the Lord GOD. Have you not added lewdness to all your abominations?|Follows second-person read forms; renders final negative as rhetorical question with alternative noted.
16:44|“‘Everyone who uses proverbs will use this one about you: “Like mother, like daughter.”|Keeps the compact proverb without rewording merely for difference.
16:45|You are your mother’s daughter: she loathed her husband and children. You are your sisters’ sister: they loathed their husbands and children. Your mother was a Hittite and your father an Amorite.|Keeps parallel kinship insults and repeated parentage.
16:46|Your older sister is Samaria, who lives to your left with her daughters. Your younger sister, who lives to your right, is Sodom with her daughters.|Keeps kinship and left/right orientation; note explains north/south frame.
16:47|You did not merely follow their ways or practice their abominations. As though that were too little, you became more corrupt than they were in all your ways.|Renders compressed little phrase as intensification with note.
16:48|As I live, declares the Lord GOD, your sister Sodom and her daughters never did what you and your daughters have done.|Preserves oath and comparative accusation.
16:49|This was the guilt of your sister Sodom: she and her daughters had pride, plenty of food, and untroubled ease, but they did not strengthen the hand of the poor and needy.|Keeps complete stated sins and hand image without substituting later debates.
16:50|They grew haughty and committed an abomination before me, so I removed them when I saw it.|Retains undefined abomination and source’s seeing clause.
16:51|Samaria did not commit half your sins. You multiplied your abominations beyond theirs and made your sisters appear righteous by all the abominations you committed.|Keeps quantitative comparison and relative righteousness.
16:52|Bear your disgrace, you who have passed judgment on your sisters. Your sins are more abominable than theirs, so they appear more righteous than you. Be ashamed and bear your disgrace, for you have made your sisters appear righteous.|Preserves repeated disgrace and comparison rather than declaring sisters guiltless.
16:53|“‘I will restore their fortunes—the fortunes of Sodom and her daughters and the fortunes of Samaria and her daughters—and restore your fortunes among them,|Keeps all recipients of restoration and repeated fortunes.
16:54|so that you may bear your disgrace and be ashamed of all you have done, bringing them consolation.|Keeps consolation’s uncomfortable relationship to Jerusalem’s disgrace.
16:55|Your sisters, Sodom and her daughters, will return to their former state; Samaria and her daughters will return to their former state; and you and your daughters will return to yours.|Preserves all three parallel returns.
16:56|You would not even mention your sister Sodom in the days of your pride,|Keeps former silence and continuing sentence.
16:57|before your own wickedness was exposed. Now you are scorned by the daughters of Aram and all her neighbors, the daughters of the Philistines, who despise you on every side.|Retains pinned Aram and personified daughters rather than switching to Edom.
16:58|You must bear your lewdness and your abominations, declares the LORD.|Keeps responsibility statement and shorter divine title.
16:59|“‘For this is what the Lord GOD says: I will deal with you as you have dealt, you who despised the oath by breaking the covenant.|Follows read form I will do and preserves oath/covenant distinction.
16:60|Yet I will remember my covenant with you in the days of your youth and establish an everlasting covenant with you.|Keeps divine remembering in contrast to city’s forgetting.
16:61|Then you will remember your ways and be ashamed when you receive your sisters, both older and younger. I will give them to you as daughters, though not on the basis of your covenant.|Retains changed kinship and difficult covenant qualification without resolving it.
16:62|I myself will establish my covenant with you, and you will know that I am the LORD,|Keeps emphatic divine agency and continued purpose clause.
16:63|so that you may remember and be ashamed, unable to open your mouth again because of your disgrace, when I make atonement for you for everything you have done, declares the Lord GOD.’”|Retains atonement and silencing rather than reducing ending to simple reassurance.
17:1|The word of the LORD came to me:|Introduces the riddle oracle.
17:2|“Son of man, pose a riddle and tell a parable to the house of Israel.|Keeps both literary forms.
17:3|Say, ‘This is what the Lord GOD says:\nA great eagle, great of wing,\nwith long feathers and thick, colorful plumage,\ncame to Lebanon\nand took the top of a cedar.|Preserves the bird’s full description and tree setting in lineated riddle.
17:4|He plucked the highest of its young shoots,\ncarried it to a land of merchants,\nand set it in a city of traders.|Keeps paired commercial locations and highest shoot.
17:5|He took seed from the land\nand set it in a field for sowing.\nHe placed it beside abundant water,\nsetting it like a willow.|Preserves seed-to-vine development and willow comparison.
17:6|It sprouted and became a low, spreading vine,\nits branches turned toward him,\nits roots beneath him.\nIt became a vine, put out branches,\nand sent out shoots.|Keeps spatial dependence and repeated vine development.
17:7|“‘But there was another great eagle,\nwith great wings and plentiful plumage.\nThis vine bent its roots toward him\nand sent its branches toward him\nfrom the beds where it was planted,\nso that he might water it.|Preserves change of eagle and seeking water despite prior abundance.
17:8|It had been planted in good soil\nbeside abundant water,\nto put out branches and bear fruit,\nto become a splendid vine.’|Keeps potential flourishing and repeated water.
17:9|“Say, ‘This is what the Lord GOD says:\nWill it thrive?\nWill he not tear up its roots, strip its fruit,\nand make all its fresh leaves wither?\nNo great arm or mighty host will be needed\nto uproot it.|Keeps questions and minimal force required; first eagle remains contextual agent.
17:10|Though it is planted, will it thrive?\nWhen the east wind strikes it, will it not wither completely?\nIn the very beds where it grew, it will wither.’”|Retains repeated thrive/wither and exact growing location.
17:11|The word of the LORD came to me:|Separates interpretation from riddle.
17:12|“Say to the rebellious household, ‘Do you not know what these things mean?’ Tell them: The king of Babylon came to Jerusalem, took its king and its officials, and brought them back with him to Babylon.|Keeps interpretation’s named king and captives without importing personal names.
17:13|He took someone of royal descent, made a covenant with him, and put him under oath. He also took away the leading men of the land,|Preserves oath, covenant, royal descent, and removal of leaders.
17:14|so that the kingdom would remain lowly and not rise up, and would stand by keeping his covenant.|Connects political survival to treaty keeping.
17:15|But the king rebelled against him, sending envoys to Egypt to obtain horses and a large army. Will he thrive? Will someone who does this escape? Can he break a covenant and escape?|Keeps triple questions and echo of riddle’s thrive.
17:16|As I live, declares the Lord GOD, he will die in Babylon, in the land of the king who made him king, whose oath he despised and whose covenant he broke.|Keeps intertwined kings and reason for announced death.
17:17|Pharaoh with his great army and mighty host will do nothing for him in the war, when siege ramps are piled up and siegeworks built to cut off many lives.|Preserves Pharaoh’s failed help and siege’s human cost.
17:18|He despised the oath by breaking the covenant. He gave his hand in pledge, yet did all these things. He will not escape.|Keeps hand pledge and repeated no escape.
17:19|“Therefore this is what the Lord GOD says: As I live, I will bring down on his head my oath that he despised and my covenant that he broke.|Preserves shift to God’s oath and covenant, not merely the human treaty.
17:20|I will spread my net over him, and he will be caught in my snare. I will bring him to Babylon and enter into judgment with him there for his unfaithfulness to me.|Keeps net/snare parallel with 12:13 and divine litigation.
17:21|All the fugitives from all his troops will fall by the sword, and those who remain will be scattered to every wind. Then you will know that I, the LORD, have spoken.|Follows pinned fugitives rather than variant choice troops.
17:22|“This is what the Lord GOD says:\nI myself will take a shoot from the top of the lofty cedar\nand set it out.\nFrom the highest of its young shoots I will pluck a tender one\nand plant it on a high and towering mountain.|Keeps God’s direct action and return of cedar shoot image.
17:23|On Israel’s high mountain I will plant it.\nIt will put out branches, bear fruit,\nand become a splendid cedar.\nEvery kind of bird, every winged creature, will dwell beneath it;\nthey will dwell in the shade of its branches.|Preserves two bird expressions and repeated dwelling without named political fulfillment.
17:24|All the trees of the field will know that I am the LORD.\nI bring the high tree low and lift the low tree high;\nI dry up the green tree and make the dry tree flourish.\nI, the LORD, have spoken, and I will do it.”|Keeps both reversal pairs and divine commitment without interpreting the trees individually.
18:1|The word of the LORD came to me:|Introduces the proverb dispute.
18:2|“What do you mean by repeating this proverb about the land of Israel: ‘Fathers eat sour grapes, and their children’s teeth are set on edge’?|Keeps fathers for the ensuing father/son cases and the sensory proverb.
18:3|As I live, declares the Lord GOD, you will no longer repeat this proverb in Israel.|Preserves oath and prohibition.
18:4|Every life belongs to me. The father’s life and the son’s life alike belong to me. The person who sins is the one who will die.|Renders nephesh as life/person while keeping father/son relation.
18:5|“Suppose a man is righteous and practices justice and righteousness.|Keeps specific male example and paired ethical terms.
18:6|He does not eat on the mountains or lift his eyes to the idols of the house of Israel. He does not defile his neighbor’s wife or approach a woman during her menstrual uncleanness.|Preserves cultic eating and sexual/ritual prohibitions separately.
18:7|He oppresses no one, returns the pledge taken for a debt, and commits no robbery. He gives his bread to the hungry and clothes the naked.|Keeps both restraints and positive provision.
18:8|He does not lend at interest or take a profit. He keeps his hand from injustice and judges fairly between one person and another.|Does not restrict the source’s interest prohibition to excessive rates.
18:9|He lives by my statutes and keeps my judgments, acting faithfully. That man is righteous; he will certainly live, declares the Lord GOD.|Retains concluding verdict and emphatic life.
18:10|“But suppose he has a violent son who sheds blood and does any of these things,|Makes transition to second generation explicit; note flags difficult extra word.
18:11|though the father did none of them. The son eats on the mountains and defiles his neighbor’s wife.|Identifies father and son to clarify compressed pronouns.
18:12|He oppresses the poor and needy, commits robbery, and does not return a pledge. He lifts his eyes to idols and commits abominations.|Preserves all five charges.
18:13|He lends at interest and takes a profit. Will he live? He will not live! He has committed all these abominations; he will certainly be put to death. His blood will be on his own head.|Keeps question, emphatic denial, and personal blood-accountability.
18:14|“Now suppose this man has a son who sees all the sins his father has committed, sees them, and does not do the same.|Retains repeated seeing and identifies third generation.
18:15|He does not eat on the mountains or lift his eyes to the idols of the house of Israel. He does not defile his neighbor’s wife.|Keeps repeated ethical catalogue and absent menstruation clause absent.
18:16|He oppresses no one, takes no pledge, and commits no robbery. He gives his bread to the hungry and clothes the naked.|Keeps takes no pledge distinct from first man’s returns pledge.
18:17|He keeps his hand from harming the poor, takes no interest or profit, carries out my judgments, and lives by my statutes. He will not die for his father’s guilt; he will certainly live.|Retains pinned poor reading and makes restrained harm intelligible.
18:18|But his father, who extorted, robbed his brother, and did what was wrong among his people—he will die for his own guilt.|Keeps brother and emphatic distinction of the father’s liability.
18:19|“Yet you ask, ‘Why does the son not bear the father’s guilt?’ Because the son has practiced justice and righteousness and kept all my statutes, carrying them out. He will certainly live.|Preserves objectors’ question and response’s ethical basis.
18:20|The person who sins is the one who will die. A son will not bear his father’s guilt, nor a father his son’s guilt. The righteousness of the righteous will belong to them, and the wickedness of the wicked will belong to them.|Keeps reciprocal father/son clauses and generic closing principles.
18:21|“But if a wicked person turns from all the sins they have committed, keeps all my statutes, and practices justice and righteousness, they will certainly live; they will not die.|Follows plural sins read form and full conditional sequence.
18:22|None of their rebellions will be remembered against them. They will live because of the righteousness they have practiced.|Keeps not remembered rather than replacing it with an abstract doctrine.
18:23|Do I take any pleasure in the death of the wicked, declares the Lord GOD? Is it not in their turning from their ways and living?|Retains two questions and positive alternative.
18:24|“But if a righteous person turns from righteousness and does wrong, committing all the abominations the wicked commit, will they live? None of their righteous deeds will be remembered. They will die for their unfaithfulness and the sin they have committed.|Preserves question and symmetrical memory reversal.
18:25|“Yet you say, ‘The Lord’s way is not fair.’ Listen, house of Israel: Is my way unfair? Is it not your ways that are unfair?|Keeps quoted Lord distinct from LORD and repeated fairness language.
18:26|When a righteous person turns from righteousness, does wrong, and dies because of it, they die for the wrong they have done.|Preserves causal repetition.
18:27|When a wicked person turns from the wickedness they have practiced and does what is just and right, they preserve their own life.|Keeps individual agency without adding a doctrinal qualification.
18:28|They considered their ways and turned from all the rebellions they had committed. They will certainly live; they will not die.|Follows read form turned and keeps emphatic paired result.
18:29|Yet the house of Israel says, ‘The Lord’s way is not fair.’ Are my ways unfair, house of Israel? Is it not your ways that are unfair?|Retains the repeated objection rather than referring back by summary.
18:30|“Therefore I will judge you, house of Israel, each according to your ways, declares the Lord GOD. Turn back! Turn away from all your rebellions, so that guilt will not become your stumbling block.|Keeps corporate address, individual assessment, and stumbling image.
18:31|Throw off all the rebellions you have committed. Make yourselves a new heart and a new spirit. Why should you die, house of Israel?|Preserves imperative human agency here rather than harmonizing with 11:19’s gift.
18:32|For I take no pleasure in the death of anyone who dies, declares the Lord GOD. Turn back and live!”|Keeps broad death statement and paired closing commands.
19:1|“Take up a lament for the princes of Israel,|Retains plural princes and genre designation.
19:2|and say:\nWhat was your mother? A lioness!\nShe lay among lions\nand raised her cubs among young lions.|Preserves question-answer image and both groups of lions.
19:3|She brought up one of her cubs;\nhe became a young lion.\nHe learned to tear prey\nand devoured people.|Keeps human victims inside the lion image.
19:4|The nations heard about him;\nhe was caught in their pit.\nThey brought him with hooks\nto the land of Egypt.|Retains trap, hooks, and destination without naming the king.
19:5|She saw that her waiting was hopeless,\nthat her hope had perished.\nShe took another of her cubs\nand made him a young lion.|Keeps failed hope and second cub.
19:6|He prowled among lions\nand became a young lion.\nHe learned to tear prey\nand devoured people.|Retains near-identical maturation lines for the second prince.
19:7|He knew his widows\nand laid waste their cities.\nThe land and all it held were appalled\nat the sound of his roar.|Retains difficult pinned knew/widows with alternative strongholds reading in note.
19:8|Nations from the surrounding provinces\nset themselves against him.\nThey spread their net over him;\nhe was caught in their pit.|Keeps net and pit as distinct trapping images.
19:9|They put him in a cage with hooks\nand brought him to the king of Babylon.\nThey brought him into strongholds,\nso his voice would no longer be heard\non the mountains of Israel.|Retains captivity apparatus and silenced roar without choosing a historical king.
19:10|Your mother was like a vine in your blood,\nplanted beside water,\nfruitful and full of branches\nbecause of abundant water.|Preserves obscure in your blood rather than silently emending to vineyard.
19:11|She had strong branches\nfit for rulers’ scepters.\nIt grew tall above the thick foliage,\nconspicuous in its height\nand its many branches.|Keeps shift from vine’s feminine to tall branch’s masculine in source without forcing exact anatomy.
19:12|But she was uprooted in fury\nand thrown to the ground.\nThe east wind dried her fruit.\nHer strong branches were torn off and withered;\nfire consumed them.|Preserves destruction’s sequence and source number shifts as collective branches.
19:13|Now she is planted in the wilderness,\nin a dry and thirsty land.|Keeps present exile as planting and thirst metaphor.
19:14|Fire went out from one of her branches\nand consumed her fruit.\nNo strong branch remained in her,\nno scepter for ruling.”\nThis is a lament, and it is used as a lament.|Keeps fire from within and final genre statement separate from quoted poem.
20:1|In the seventh year, on the tenth day of the fifth month, some of Israel’s elders came to consult the LORD and sat down before me.|Preserves precise date and audience’s purpose.
20:2|The word of the LORD came to me:|Keeps introduction to the answer.
20:3|“Son of man, speak to the elders of Israel. Tell them, ‘This is what the Lord GOD says: Have you come to consult me? As I live, I will not let you consult me, declares the Lord GOD.’|Preserves both divine formulas and sworn refusal.
20:4|Will you judge them? Will you judge them, son of man? Confront them with their ancestors’ abominations.|Retains repeated judicial question and historical charge.
20:5|Tell them: This is what the Lord GOD says: On the day I chose Israel, I raised my hand in an oath to the descendants of the house of Jacob. I made myself known to them in the land of Egypt and raised my hand to them, saying, ‘I am the LORD your God.’|Keeps two hand-raising acts and self-identification.
20:6|On that day I raised my hand to them, promising to bring them out of Egypt into a land I had searched out for them, flowing with milk and honey, the glory of all lands.|Retains searched-out land, oath gesture, and conventional abundance image.
20:7|I told them, ‘Each of you, throw away the detestable things your eyes are drawn to. Do not defile yourselves with Egypt’s idols. I am the LORD your God.’|Preserves eyes, disposal command, and repeated divine identity.
20:8|But they rebelled against me and refused to listen. None of them threw away the detestable things their eyes were drawn to, and they did not abandon Egypt’s idols. So I said I would pour out my fury on them and spend my anger against them in the land of Egypt.|Keeps rebellion in Egypt and announced wrath without harmonizing to Exodus narrative.
20:9|But I acted for the sake of my name, so it would not be profaned in the sight of the nations among whom they lived. In those nations’ sight I had made myself known to Israel by bringing them out of Egypt.|Clarifies two groups of pronouns and public name concern.
20:10|I brought them out of Egypt and led them into the wilderness.|Preserves two-stage journey.
20:11|I gave them my statutes and made my judgments known to them: whoever carries them out will live by them.|Keeps statutes/judgments pair and life formula.
20:12|I also gave them my Sabbaths as a sign between me and them, so they would know that I am the LORD who makes them holy.|Retains plural Sabbaths, sign, and sanctifying agency.
20:13|But the house of Israel rebelled against me in the wilderness. They did not live by my statutes and rejected my judgments, by which a person who carries them out will live. They greatly profaned my Sabbaths. So I said I would pour out my fury on them in the wilderness and destroy them.|Keeps full repeated life formula and intensified Sabbath offense.
20:14|But I acted for the sake of my name, so it would not be profaned in the sight of the nations who had seen me bring them out.|Preserves repeated motivation rather than summarizing.
20:15|I also raised my hand in an oath to them in the wilderness that I would not bring them into the land I had given them, flowing with milk and honey, the glory of all lands.|Keeps exclusion oath and repeated land description.
20:16|They rejected my judgments, did not live by my statutes, and profaned my Sabbaths, because their hearts followed their idols.|Preserves the internal causal link.
20:17|Yet my eye spared them from destruction, and I did not make an end of them in the wilderness.|Keeps sparing eye in contrast with prior no-pity oracles.
20:18|I told their children in the wilderness, ‘Do not live by your ancestors’ statutes or keep their judgments. Do not defile yourselves with their idols.|Marks new generation and distinguishes ancestral from divine rules.
20:19|I am the LORD your God. Live by my statutes, keep my judgments, and carry them out.|Preserves three imperative actions.
20:20|Keep my Sabbaths holy. They will be a sign between me and you, so you will know that I am the LORD your God.’|Retains repeated sign and identity formula.
20:21|But the children rebelled against me. They did not live by my statutes or keep my judgments by carrying them out, though a person who carries them out will live by them. They profaned my Sabbaths. So I said I would pour out my fury on them and spend my anger against them in the wilderness.|Keeps the next generation’s full repeated cycle.
20:22|But I drew back my hand and acted for the sake of my name, so it would not be profaned in the sight of the nations who had seen me bring them out.|Preserves withdrawn hand and public motivation.
20:23|I also raised my hand in an oath to them in the wilderness that I would disperse them among the nations and scatter them through other lands,|Keeps dispersal oath distinct from exclusion oath.
20:24|because they did not carry out my judgments, rejected my statutes, and profaned my Sabbaths. Their eyes followed their ancestors’ idols.|Retains eyes in this explanation rather than substituting hearts.
20:25|I also gave them statutes that were not good and judgments by which they could not live.|Preserves direct divine giving of not-good rules without explanatory mitigation.
20:26|I defiled them through their gifts, as they made every firstborn pass through the fire, so that I might devastate them, so that they would know that I am the LORD.|Keeps divine agency, repeated purpose, and fire supplied from 20:31 with note.
20:27|“Therefore, son of man, speak to the house of Israel. Tell them: This is what the Lord GOD says: In this too your ancestors insulted me by acting unfaithfully toward me.|Retains additional historical charge.
20:28|I brought them into the land I had raised my hand to give them. Yet whenever they saw a high hill or a leafy tree, there they offered their sacrifices, there they presented their provoking offerings, there they placed their pleasing aromas, and there they poured out their drink offerings.|Keeps repeated there and all four ritual acts.
20:29|I asked them, ‘What is this high place you go to?’ So it has been called Bamah to this day.|Keeps naming wordplay in transliteration and explains it in note.
20:30|Therefore tell the house of Israel: This is what the Lord GOD says: Are you defiling yourselves in the ways of your ancestors, whoring after their detestable things?|Retains accusatory question and sexual metaphor.
20:31|When you bring your gifts and make your children pass through the fire, you defile yourselves with all your idols to this day. Should I let you consult me, house of Israel? As I live, declares the Lord GOD, I will not let you consult me.|Keeps explicit fire, continuing practice, and repeated refusal.
20:32|What rises in your minds will never happen. You say, ‘We will be like the nations, like the peoples of other lands, serving wood and stone.’|Preserves categoric denial and material objects of worship.
20:33|“As I live, declares the Lord GOD, I will surely reign over you with a strong hand, an outstretched arm, and poured-out fury.|Keeps oath and all three features of divine kingship.
20:34|I will bring you out from the peoples and gather you from the lands where you have been scattered, with a strong hand, an outstretched arm, and poured-out fury.|Retains full repeated formula in gathering promise.
20:35|I will bring you into the wilderness of the peoples and enter into judgment with you there, face to face.|Keeps unusual wilderness phrase and direct encounter.
20:36|As I entered into judgment with your ancestors in the wilderness of Egypt, so I will enter into judgment with you, declares the Lord GOD.|Preserves historical analogy and judicial register.
20:37|I will make you pass under the rod and bring you into the bond of the covenant.|Keeps shepherd image and covenant bond without paraphrasing as generic discipline.
20:38|I will purge from among you those who rebel and transgress against me. I will bring them out of the land where they reside, but they will not enter the land of Israel. Then you will know that I am the LORD.|Keeps exclusion within return rather than smoothing into universal restoration.
20:39|“As for you, house of Israel, this is what the Lord GOD says: Go, each of you, and serve your idols! But afterward you will surely listen to me, and you will no longer profane my holy name with your gifts and your idols.|Chooses oath-like future clause while recording conditional alternative in note.
20:40|For on my holy mountain, on Israel’s high mountain, declares the Lord GOD, the whole house of Israel, all of them, will serve me in the land. There I will accept them, and there I will require your contributions, your choicest gifts, and all your holy offerings.|Keeps whole-house emphasis and there repetition.
20:41|I will accept you as a pleasing aroma when I bring you out from the peoples and gather you from the lands where you have been scattered. Through you I will show my holiness in the sight of the nations.|Preserves people as aroma and public holiness.
20:42|Then you will know that I am the LORD when I bring you into the land of Israel, the land I raised my hand to give your ancestors.|Keeps recognition linked to fulfilled land oath.
20:43|There you will remember your ways and all the deeds by which you defiled yourselves. You will loathe yourselves for all the evil you have done.|Retains memory and self-loathing without reframing as a therapeutic message.
20:44|You will know that I am the LORD when I deal with you for the sake of my name, rather than according to your evil ways and corrupt deeds, house of Israel, declares the Lord GOD.”|Keeps closing contrast of name and deserved treatment.
20:45|The word of the LORD came to me:|Binds public 20:45 to Hebrew 21:1 without losing the new oracle.
20:46|“Son of man, turn your face southward. Speak out against the south and prophesy against the forest of the Negeb.|Keeps three southern expressions without collapsing the locations.
20:47|Tell the forest of the Negeb: Hear the word of the LORD! This is what the Lord GOD says: I am kindling a fire in you that will consume every green tree and every dry tree. Its blazing flame will not be quenched, and every face from south to north will be scorched by it.|Keeps tree contrast, unquenched fire, and geographic sweep.
20:48|All flesh will see that I, the LORD, have kindled it. It will not be quenched.”|Preserves all flesh and repeated unquenched claim.
20:49|I said, “Ah, Lord GOD! They say about me, ‘Is he not just a teller of parables?’”|Keeps prophet’s reported complaint rather than explaining the parable here.
21:1|The word of the LORD came to me:|Binds public 21:1 to Hebrew 21:6.
21:2|“Son of man, turn your face toward Jerusalem. Speak out against the sanctuaries and prophesy against the land of Israel.|Preserves plural sanctuaries and three targets.
21:3|Tell the land of Israel: This is what the LORD says: I am against you. I will draw my sword from its sheath and cut off both righteous and wicked from you.|Keeps righteous alongside wicked without harmonizing with chapter 18.
21:4|Because I will cut off both righteous and wicked from you, my sword will leave its sheath against all flesh from south to north.|Retains repeated pairing and geographic reach.
21:5|All flesh will know that I, the LORD, have drawn my sword from its sheath. It will not return again.|Keeps recognition and no return to sheath.
21:6|“And you, son of man, groan before their eyes, your body doubled over, groaning bitterly.|Renders broken loins as bodily collapse, literal idiom noted.
21:7|When they ask, ‘Why are you groaning?’ say, ‘Because of the news that is coming. Every heart will melt, every hand hang limp, every spirit grow faint, and every knee run with water. Look, it is coming; it will happen, declares the Lord GOD.’”|Preserves four bodily responses and repeated certainty.
21:8|The word of the LORD came to me:|Marks the sword poem.
21:9|“Son of man, prophesy. Say, ‘This is what the Lord says:\nA sword, a sword,\nsharpened and polished!|Keeps Lord without tetragrammaton and doubled sword.
21:10|Sharpened for slaughter,\npolished to flash like lightning!\nOr should we rejoice?\nThe scepter of my son—it despises every tree.|Preserves difficult scepter clause and pronoun ambiguity with note.
21:11|It has been given for polishing,\nto be gripped in a hand.\nThe sword is sharpened and polished,\nto be placed in a killer’s hand.|Keeps preparation and intended wielder.
21:12|Cry out and wail, son of man!\nIt is against my people,\nagainst all the princes of Israel.\nThey are given over to the sword with my people.\nSo strike your thigh!|Retains shared victims and mourning gesture.
21:13|For testing is coming.\nAnd what if even the scepter it despises is no more?\ndeclares the Lord GOD.|Marks difficult relation to scepter rather than silently replacing the clause.
21:14|“‘And you, son of man, prophesy!\nStrike your hands together.\nLet the sword strike twice, three times—\na sword for the slain,\na sword for great slaughter,\nclosing in on them.|Preserves doubled/tripled force and encircling weapon.
21:15|To melt hearts and multiply the fallen,\nI have set the slaughtering sword at all their gates.\nAh, it is made to flash,\nreadied for slaughter!|Keeps gates, hearts, and uncertain rare sword noun in note.
21:16|Gather yourself, sword! Strike right!\nSet yourself! Strike left!\nWherever your edge is directed.|Keeps direct weapon address and both directions.
21:17|I too will strike my hands together\nand let my fury rest.\nI, the LORD, have spoken.’”|Retains matching divine gesture and cessation of fury.
21:18|The word of the LORD came to me:|Introduces the forked-road sign.
21:19|“Son of man, mark out two roads for the sword of Babylon’s king to take. Both are to start in the same land. Make a signpost where the road branches toward a city.|Keeps common starting point and hand-sign idiom as signpost.
21:20|Mark a road for the sword to reach Rabbah of the Ammonites, and another to Judah, to fortified Jerusalem.|Preserves both destinations and fortified status.
21:21|For the king of Babylon stands at the fork, where the two roads begin, to practice divination. He shakes arrows, consults the teraphim, and inspects a liver.|Retains three divination methods without replacing teraphim with generic gods.
21:22|In his right hand is the divination for Jerusalem: to set battering rams, open his mouth for slaughter, raise a battle cry, place battering rams against the gates, heap up a ramp, and build siegeworks.|Keeps repeated rams and full assault sequence.
21:23|To those who have sworn oaths, it will look like false divination. But he will call their guilt to mind, and they will be captured.|Leaves oath relationship and he referent open with note.
21:24|“Therefore this is what the Lord GOD says: You have brought your guilt to mind by exposing your rebellions and making your sins visible in all your deeds. Because you have brought yourselves to mind, you will be seized by the hand.|Preserves repeated remembrance and bodily seizure.
21:25|And you, profane and wicked prince of Israel, whose day has come, the time of final punishment,|Keeps address and notes profane/slain ambiguity.
21:26|this is what the Lord GOD says:\nRemove the turban! Take off the crown!\nThings will not remain as they are.\nRaise what is low; bring down what is high.|Preserves two headpieces and reversals without imposing later offices.
21:27|A ruin, a ruin, a ruin I will make it!\nEven this will not remain\nuntil the one comes to whom judgment belongs,\nand I will give it to him.|Keeps triple ruin and unnamed claimant with right/judgment ambiguity.
21:28|“And you, son of man, prophesy. Say: This is what the Lord GOD says concerning the Ammonites and their taunts:\nA sword, a sword drawn for slaughter,\npolished to devour, to flash like lightning!|Retains transition to Ammon and returning sword cry.
21:29|While they see empty visions for you\nand give you lying divinations,\nyou are laid against the necks of the slain, the wicked,\nwhose day has come,\nthe time of final punishment.|Keeps sword/personified addressee ambiguity for note.
21:30|Return it to its sheath!\nIn the place where you were created,\nin the land of your origin,\nI will judge you.|Keeps sudden return command and origin language.
21:31|I will pour out my indignation on you\nand blow upon you with the fire of my fury.\nI will hand you over to brutal men,\ncraftsmen of destruction.|Preserves fire/breath and destructive craftsmanship.
21:32|You will be fuel for the fire.\nYour blood will lie within the land.\nYou will no longer be remembered,\nfor I, the LORD, have spoken.”|Keeps disappearance of memory and bodily blood.
22:1|The word of the LORD came to me:|Introduces indictment of the bloody city.
22:2|“And you, son of man, will you judge? Will you judge the city of bloodshed? Confront her with all her abominations.|Retains doubled judge and female city personification.
22:3|Say, ‘This is what the Lord GOD says: City that sheds blood within herself, bringing her time near, and makes idols to defile herself!|Keeps apostrophe and consequences of both crimes.
22:4|You have become guilty through the blood you shed and unclean through the idols you made. You have brought your days near and reached your appointed years. So I have made you an object of scorn to the nations and ridicule to every land.|Preserves days/years pairing and public shame.
22:5|Those near and far will mock you, you of defiled name, full of turmoil.|Keeps paired audience and two city descriptions.
22:6|“‘Look at Israel’s princes among you, each using his power to shed blood.|Makes arm idiom intelligible as exercised power.
22:7|Among you father and mother are treated with contempt. Within you the resident foreigner is extorted; among you the orphan and widow are oppressed.|Preserves all vulnerable relationships and repeated within-you structure.
22:8|You despise my holy things and profane my Sabbaths.|Keeps holiness contrast and plural Sabbaths.
22:9|Among you are slanderers who cause bloodshed. Among you people eat on the mountains and practice lewdness.|Preserves lethal slander, cultic meals, and sexual wrongdoing separately.
22:10|Among you men uncover their fathers’ nakedness and violate women during their menstrual uncleanness.|Keeps father’s nakedness idiom and explicit violation rather than neutral intercourse.
22:11|One commits an abomination with his neighbor’s wife; another lewdly defiles his daughter-in-law; another violates his sister, his father’s daughter, among you.|Preserves three distinct relationships and violation verbs.
22:12|Among you bribes are taken to shed blood. You take interest and profit, extort your neighbors for gain, and forget me, declares the Lord GOD.|Keeps violence, economic harms, and forgetting as cumulative charges.
22:13|“‘I strike my hands together at the dishonest gain you have made and the bloodshed within you.|Preserves divine gesture and its two objects.
22:14|Will your heart endure? Will your hands remain strong in the days when I deal with you? I, the LORD, have spoken, and I will do it.|Keeps bodily questions and divine commitment.
22:15|I will disperse you among the nations, scatter you through other lands, and put an end to your uncleanness.|Retains three coordinated actions.
22:16|You will be profaned through your own doing in the sight of the nations. Then you will know that I am the LORD.’”|Keeps difficult reflexive relation with note rather than silent inheritance rendering.
22:17|The word of the LORD came to me:|Marks new furnace image.
22:18|“Son of man, the house of Israel has become dross to me. All of them are copper, tin, iron, and lead in a furnace; they have become the dross of silver.|Retains all four metals and silver slag comparison.
22:19|Therefore this is what the Lord GOD says: Because you have all become dross, I am gathering you into Jerusalem.|Keeps all and gathering into judgment.
22:20|As silver, copper, iron, lead, and tin are gathered into a furnace and fire is blown upon them to melt them, so I will gather you in my anger and fury. I will put you in and melt you.|Keeps changed order of metals and each furnace action.
22:21|I will gather you and blow upon you with the fire of my fury, and you will be melted within the city.|Clarifies city as referent without replacing furnace metaphor.
22:22|As silver is melted in a furnace, so you will be melted within it. Then you will know that I, the LORD, have poured out my fury upon you.”|Preserves repeated melting and recognition.
22:23|The word of the LORD came to me:|Introduces broad social indictment.
22:24|“Son of man, tell her, ‘You are a land not cleansed, not rained upon on the day of indignation.’|Keeps both uncleansed and unrained images.
22:25|The conspiracy of her prophets within her is like a roaring lion tearing prey. They devour lives, seize wealth and precious things, and multiply widows within her.|Retains pinned prophets instead of emending to princes.
22:26|Her priests violate my instruction and profane my holy things. They make no distinction between holy and common, and teach no distinction between unclean and clean. They shut their eyes to my Sabbaths, and I am profaned among them.|Keeps two distinct ritual contrasts and divine profanation.
22:27|Her officials within her are like wolves tearing prey, shedding blood and destroying lives for dishonest gain.|Preserves predation and economic motive.
22:28|Her prophets coat things with whitewash for them, seeing empty visions and giving them lying divinations. They say, ‘This is what the Lord GOD says,’ when the LORD has not spoken.|Keeps whitewash echo of chapter 13 and two divine names.
22:29|The people of the land practice extortion and robbery. They oppress the poor and needy and extort the resident foreigner, denying justice.|Keeps popular culpability distinct from leaders’ and resident foreigner’s mistreatment.
22:30|I looked among them for someone to build up the wall and stand in the breach before me on behalf of the land, so that I would not destroy it. But I found no one.|Preserves intercession as defensive image and failed search.
22:31|So I poured out my indignation on them and consumed them with the fire of my fury. I brought their ways down on their own heads, declares the Lord GOD.”|Keeps completed prophetic presentation and repayment image.
23:1|The word of the LORD came to me:|Introduces second city allegory.
23:2|“Son of man, there were two women, daughters of one mother.|Keeps shared maternity and gender-specific figures.
23:3|They prostituted themselves in Egypt, prostituted themselves in their youth. There their breasts were squeezed, there their virgin breasts were handled.|Preserves repeated youth and passive bodily treatment without adding consent.
23:4|Their names were Oholah, the older, and her sister Oholibah. They became mine and bore sons and daughters. Oholah is Samaria, and Oholibah is Jerusalem.|Keeps names, children, and explicit city identification.
23:5|“Oholah prostituted herself while she was mine. She lusted after her lovers, the Assyrians nearby,|Retains marital possession and source nearby term with alternative noted.
23:6|clothed in blue, governors and commanders, all desirable young men, horsemen riding horses.|Keeps clothing, ranks, desirability, and mounted status.
23:7|She gave herself in prostitution to them, all the choicest men of Assyria. With everyone she lusted after, with all their idols, she defiled herself.|Preserves human and idol objects together.
23:8|She did not abandon the prostitution she began in Egypt. They had lain with her in her youth, handled her virgin breasts, and poured out their lust upon her.|Keeps men’s actions and poured-out sexual image.
23:9|So I handed her over to her lovers, to the Assyrians she lusted after.|Preserves divine agency and repeated object of desire.
23:10|They exposed her nakedness, took her sons and daughters, and killed her with the sword. She became a byword among women as they carried out judgments against her.|Keeps forced exposure, captivity, killing, and audience.
23:11|“Her sister Oholibah saw this, yet became more corrupt in her lust and prostitution than her sister.|Retains seeing yet worsening rather than ignorance.
23:12|She lusted after the Assyrians—governors and commanders nearby, splendidly dressed horsemen riding horses, all desirable young men.|Keeps repeated catalogue linking sisters.
23:13|I saw that she had defiled herself. Both followed the same path.|Retains divine seeing and common way.
23:14|She added to her prostitution. She saw men portrayed on a wall, images of Chaldeans drawn in red,|Keeps visual representation and pigment.
23:15|with belts around their waists and flowing turbans on their heads. All looked like officers, resembling Babylonians whose native land was Chaldea.|Keeps clothing and distinct Babylon/Chaldea designations.
23:16|As soon as she saw them, she lusted after them and sent envoys to them in Chaldea.|Preserves immediate sight/desire and political envoys.
23:17|The Babylonians came to her bed of love and defiled her with their prostitution. After she was defiled by them, she turned from them in disgust.|Keeps changing desire and mutual political-sexual metaphor.
23:18|When she openly displayed her prostitution and exposed her nakedness, I turned from her in disgust, just as I had turned from her sister.|Preserves matching disgust verbs and divine subject.
23:19|Yet she multiplied her prostitution, remembering the days of her youth when she prostituted herself in Egypt.|Keeps remembered youth as incentive rather than repentance.
23:20|She lusted after their lovers, whose sexual organs were like those of donkeys and whose emissions were like those of horses.|Preserves explicit animal comparisons without euphemistic body/strength substitution.
23:21|You longed for the lewdness of your youth, when the Egyptians handled your breasts, your youthful breasts.|Keeps shift to direct address and repeated body term.
23:22|“Therefore, Oholibah, this is what the Lord GOD says: I am stirring up against you the lovers from whom you turned in disgust, and I will bring them against you from every side:|Retains reversed lovers and hostile encirclement.
23:23|the Babylonians and all the Chaldeans, Pekod, Shoa, and Koa, with all the Assyrians—desirable young men, governors and commanders, officers and men of rank, all riding horses.|Preserves all names and ranks without speculative identifications.
23:24|They will come against you with weapons, chariots, and wagons, with a multitude of peoples. They will surround you with large shields, small shields, and helmets. I will entrust judgment to them, and they will judge you by their own judgments.|Keeps uncertain opening equipment word noted and two shield types.
23:25|I will direct my jealousy against you, and they will deal with you in fury. They will cut off your nose and ears, and your survivors will fall by the sword. They will take your sons and daughters, and what remains of you will be consumed by fire.|Keeps mutilation, children, and repeated remnant outcomes explicit.
23:26|They will strip off your clothes and take your splendid ornaments.|Retains stripping as inflicted action.
23:27|I will put an end to your lewdness and the prostitution you began in Egypt. You will no longer lift your eyes to them or remember Egypt.|Keeps eyes/memory reversal.
23:28|For this is what the Lord GOD says: I am handing you over to those you hate, to those from whom you turned in disgust.|Preserves both hatred and disgust.
23:29|They will deal with you hatefully, take everything you worked for, and leave you naked and bare. Your naked prostitution will be exposed, your lewdness and prostitution.|Keeps labor lost and repeated sexual shame terms.
23:30|These things will be done to you because you prostituted yourself with the nations and defiled yourself with their idols.|Preserves passive consequence and stated cause.
23:31|You followed your sister’s path, so I will put her cup into your hand.|Keeps sister/path/cup connection.
23:32|“This is what the Lord GOD says:\nYou will drink your sister’s cup,\ndeep and wide.\nYou will become an object of laughter and ridicule;\nthe cup holds much.|Preserves cup capacity and public mockery.
23:33|You will be filled with drunkenness and sorrow,\nwith a cup of horror and desolation,\nthe cup of your sister Samaria.|Keeps paired effects and named sister.
23:34|You will drink it and drain it,\ngnaw its shards\nand tear your breasts.\nFor I have spoken,\ndeclares the Lord GOD.|Preserves violent shard/breast image and notes difficult action verb.
23:35|“Therefore this is what the Lord GOD says: Because you forgot me and cast me behind your back, you must bear your lewdness and prostitution.”|Keeps bodily dismissal and responsibility.
23:36|The LORD said to me, “Son of man, will you judge Oholah and Oholibah? Tell them their abominations.|Retains both named defendants.
23:37|They have committed adultery, and blood is on their hands. They have committed adultery with their idols and made the children they bore to me pass through the fire as food for those idols.|Keeps blood, divine parenthood, and food imagery; fire supplied as earlier.
23:38|They have also done this to me: on that same day they defiled my sanctuary and profaned my Sabbaths.|Preserves same-day detail and two holy institutions.
23:39|On the very day they slaughtered their children for their idols, they entered my sanctuary to profane it. That is what they did inside my house.|Keeps temporal shock and repeated sanctuary location.
23:40|“They even sent for men from far away. A messenger was sent to them, and they came. For them you bathed, painted your eyes, and put on ornaments.|Preserves they/you shift and three preparations.
23:41|You sat on a splendid couch, with a table set before it, and on it you placed my incense and my oil.|Keeps furnishings and divine ownership of offerings.
23:42|The sound of a carefree crowd was there. Along with men from the common multitude, drinkers were brought from the wilderness. They put bracelets on the women’s wrists and splendid crowns on their heads.|Uses drinkers with Sabeans alternative noted; preserves female recipients.
23:43|Then I said of the woman worn out by adultery, ‘Now they will prostitute themselves with her, and she with them.’|Follows plural read form and notes extremely compressed final syntax.
23:44|They went in to her as men go in to a prostitute. So they went in to Oholah and Oholibah, those lewd women.|Keeps repeated approach and named figures.
23:45|But righteous men will judge them as adulterous women and women who shed blood are judged, for they are adulteresses and blood is on their hands.|Preserves designation righteous without identifying judges.
23:46|“For this is what the Lord GOD says: Bring a mob against them and hand them over to terror and plunder.|Keeps command and two outcomes.
23:47|The mob will stone them and cut them down with swords. They will kill their sons and daughters and burn their houses.|Names children’s killing and households destroyed.
23:48|I will put an end to lewdness in the land, and all women will take warning and not practice your lewdness.|Keeps claim of warning within the speech without extending it into commentary.
23:49|They will bring your lewdness back upon you, and you will bear the sins of your idols. Then you will know that I am the Lord GOD.”|Retains responsibility and full recognition title.
24:1|In the ninth year, on the tenth day of the tenth month, the word of the LORD came to me:|Preserves exact siege date.
24:2|“Son of man, write down this date, this very day. On this very day the king of Babylon has laid siege to Jerusalem.|Keeps repeated this very day and source read form write.
24:3|Tell the rebellious household a parable. Say: This is what the Lord GOD says:\nPut the pot on, put it on!\nPour water into it.|Preserves repeated pot command and connection to chapter 11.
24:4|Gather the pieces into it,\nevery good piece, thigh and shoulder.\nFill it with the choicest bones.|Keeps cuts and bones rather than generic meat.
24:5|Take the choicest of the flock.\nPile bones beneath it too.\nBring it to a rolling boil;\nlet its bones cook within it.|Retains pinned bones beneath rather than silently changing to wood.
24:6|“Therefore this is what the Lord GOD says:\nWoe to the city of bloodshed,\nthe pot with corrosion inside it,\nwhose corrosion has not come out!\nEmpty it piece by piece;\ncast no lot for it.|Keeps corrosion and no-lot instruction with interpretive uncertainty noted.
24:7|Her blood is within her.\nShe set it on bare rock;\nshe did not pour it on the ground\nto cover it with dust.|Preserves exposed blood and contrast with covered blood.
24:8|To stir up fury and exact vengeance,\nI have set her blood on bare rock,\nso it cannot be covered.|Keeps shift from city’s act to divine act.
24:9|“Therefore this is what the Lord GOD says:\nWoe to the city of bloodshed!\nI too will make the pile high.|Retains repeated woe and divine increase of fire pile.
24:10|Heap up the wood,\nkindle the fire,\ncook the meat thoroughly,\nseason the mixture,\nand let the bones be charred.|Keeps cooking sequence and uncertain mixture command in note.
24:11|Set the empty pot on its coals,\nso its copper grows hot and burns,\nits uncleanness melts within it,\nand its corrosion is consumed.|Preserves pot’s material and transition from cooking to cleansing.
24:12|The effort has wearied me,\nyet its heavy corrosion will not come out.\nInto the fire with its corrosion!|Retains failed effort and abrupt fire conclusion with syntax note.
24:13|Your uncleanness is lewdness. I tried to cleanse you, but you would not become clean. You will not be cleansed of your uncleanness again until I have let my fury rest upon you.|Keeps failed cleansing and delayed result without claiming purity already achieved.
24:14|I, the LORD, have spoken. It is coming, and I will act. I will not hold back, spare, or relent. They will judge you according to your ways and your deeds, declares the Lord GOD.”|Retains they will judge rather than silently shifting to I.
24:15|The word of the LORD came to me:|Introduces personal loss sign.
24:16|“Son of man, I am taking away the delight of your eyes with a sudden blow. You must not mourn or weep or let your tears flow.|Preserves divine taking and three prohibited grief expressions.
24:17|Groan in silence. Perform no mourning rites for the dead. Keep your turban bound on and your sandals on your feet. Do not cover your upper lip or eat the bread people bring.”|Keeps specific ritual gestures and human-provided bread.
24:18|I spoke to the people in the morning. In the evening my wife died. The next morning I did as I had been commanded.|Retains stark sequence without inventing the wife’s voice or cause of illness.
24:19|The people asked me, “Will you not tell us what these things you are doing mean for us?”|Keeps question’s communal significance.
24:20|I answered, “The word of the LORD came to me:|Marks quoted report with nested speech.
24:21|‘Tell the house of Israel: This is what the Lord GOD says: I am about to profane my sanctuary, the pride of your strength, the delight of your eyes, what your hearts cherish. The sons and daughters you left behind will fall by the sword.|Preserves sanctuary’s three descriptions and children’s deaths.
24:22|You will do as I have done. You will not cover your upper lips or eat the bread people bring.|Keeps source’s abrupt first-person reference to Ezekiel within report, note explains shift.
24:23|Your turbans will remain on your heads and your sandals on your feet. You will not mourn or weep, but waste away in your guilt and groan to one another.|Retains unexpressed ritual mourning beside mutual groaning.
24:24|Ezekiel will be a sign to you. You will do everything he has done. When this happens, you will know that I am the Lord GOD.’”|Keeps third-person prophet identification and full title.
24:25|“And you, son of man, on the day I take away their stronghold, their joy and splendor, the delight of their eyes and the longing of their hearts, their sons and daughters,|Preserves list and delayed main clause rather than equating every item.
24:26|on that day a fugitive will come to you and bring the news to your ears.|Keeps repeated day and bodily hearing.
24:27|On that day your mouth will open when the fugitive comes. You will speak and no longer be silent. You will be a sign to them, and they will know that I am the LORD.”|Keeps mouth opening, sign, and recognition without dating later fulfillment.
