15:1|Some people came down from Judea and began teaching the brothers and sisters, “Unless you are circumcised according to the custom of Moses, you cannot be saved.”|Preserves origin, teaching, inclusive audience, circumcision, Mosaic custom, and salvation claim.
15:2|After Paul and Barnabas had no small disagreement and debate with them, the church appointed Paul, Barnabas, and some others to go up to Jerusalem to the apostles and elders about this question.|Keeps named disputants, intensity, church action, delegation, destination, and issue.
15:3|Sent on their way by the church, they traveled through Phoenicia and Samaria, describing in detail the conversion of the Gentiles. This brought great joy to all the brothers and sisters.|Preserves church support, route, Gentile conversion, comprehensive audience, and joy.
15:4|When they arrived in Jerusalem, the church, the apostles, and the elders welcomed them, and they reported everything God had done through them.|Keeps arrival, three welcoming groups, report, and divine agency.
15:5|But some believers from the party of the Pharisees stood and said, “The Gentiles must be circumcised and commanded to keep the law of Moses.”|Preserves believers’ Pharisaic identity, Gentile referent, necessity, circumcision, and law.
15:6|The apostles and elders gathered to consider this matter.|Keeps decision-makers, gathering, and purpose.
15:7|After much debate, Peter stood and said to them, “Brothers and sisters, you know that some time ago God chose among you that through my mouth the Gentiles should hear the message of the good news and believe.|Uses inclusive address and preserves debate, divine choice, Peter’s speech, Gentile hearing, gospel, and faith.
15:8|God, who knows the heart, testified for them by giving them the Holy Spirit just as he did to us.|Keeps divine heart-knowledge, testimony, equal Spirit gift, and comparison.
15:9|He made no distinction between us and them, cleansing their hearts by faith.|Preserves non-discrimination, two groups, inward cleansing, and faith.
15:10|So why are you now testing God by placing on the disciples’ necks a yoke that neither our ancestors nor we have been able to bear?|Keeps challenge, divine testing, yoke image, disciples, ancestors, and inability.
15:11|No, we believe that we are saved through the grace of the Lord Jesus, in the same way they are.”|Preserves grace, Lord Jesus, salvation, faith, and equal manner.
15:12|The whole assembly fell silent and listened as Barnabas and Paul described all the signs and wonders God had done through them among the Gentiles.|Keeps collective silence, named speakers, miracles, divine agency, and Gentile setting.
15:13|When they finished speaking, James responded, “Brothers and sisters, listen to me.|Preserves sequence, speaker, inclusive address, and summons.
15:14|Simeon has described how God first intervened to take from the Gentiles a people for his name.|Keeps Simeon’s name, divine initiative, Gentiles, people, and name.
15:15|The words of the prophets agree with this, as it is written:|Preserves prophetic agreement and quotation frame.
15:16|‘After this I will return and rebuild David’s fallen tent. I will rebuild its ruins and restore it,|Keeps divine return, Davidic tent image, fall, ruins, rebuilding, and restoration.
15:17|so that the rest of humanity may seek the Lord—even all the Gentiles who bear my name, says the Lord, who does these things|Preserves purpose, human remnant, seeking, Gentile inclusion, name, and divine action.
15:18|known from long ago.’|Keeps ancient divine knowledge in the compressed closing line.
15:19|“Therefore, my judgment is that we should not trouble the Gentiles who are turning to God.|Preserves James’s judgment, non-burdening, Gentiles, and conversion.
15:20|Instead, we should write to tell them to abstain from things polluted by idols, sexual immorality, meat from strangled animals, and blood.|Keeps proposed letter and all four restrictions.
15:21|For from ancient generations Moses has had people proclaiming him in every city, since he is read in the synagogues every Sabbath.”|Preserves antiquity, cities, Moses, public reading, synagogues, and Sabbath frequency.
15:22|Then the apostles and elders, together with the whole church, decided to choose men from among them and send them to Antioch with Paul and Barnabas. They chose Judas called Barsabbas and Silas, leaders among the brothers and sisters.|Keeps corporate decision, chosen male envoys, destination, companions, names, and leadership.
15:23|They sent this letter with them: “The apostles and elders, your brothers, to the Gentile brothers and sisters in Antioch, Syria, and Cilicia: Greetings.|Preserves senders’ kinship, Gentile recipients, three regions, and formal greeting.
15:24|We have heard that some people went out from us without our authorization and troubled you with their words, unsettling your minds.|Keeps unauthorized origin, verbal trouble, and inward disruption.
15:25|So we have unanimously decided to choose men and send them to you with our beloved Barnabas and Paul,|Preserves consensus, chosen envoys, destination, affection, and names.
15:26|men who have risked their lives for the name of our Lord Jesus Christ.|Keeps costly danger, lives, divine name, and full title.
15:27|Therefore we have sent Judas and Silas, who will tell you these same things in person.|Preserves named envoys, oral confirmation, and agreement with letter.
15:28|It seemed good to the Holy Spirit and to us not to place any further burden on you beyond these essential requirements:|Keeps shared discernment, Spirit, human community, restraint, burden image, and necessity.
15:29|abstain from food sacrificed to idols, from blood, from meat from strangled animals, and from sexual immorality. You will do well to keep yourselves from these things. Farewell.”|Preserves all four requirements, self-restraint, commendation, and farewell.
15:30|So they were sent off and went down to Antioch, where they gathered the community and delivered the letter.|Keeps departure, destination, assembled community, and delivery.
15:31|When the people read it, they rejoiced at its encouragement.|Preserves reading, communal joy, and consoling force.
15:32|Judas and Silas, who were themselves prophets, encouraged and strengthened the brothers and sisters with many words.|Keeps names, prophetic role, extensive speech, inclusive community, encouragement, and strengthening.
15:33|After spending some time there, they were sent back in peace by the brothers and sisters to those who had sent them.|Preserves duration, peaceful dismissal, inclusive community, and return to senders.
15:35|But Paul and Barnabas remained in Antioch, teaching and proclaiming the good news of the Lord’s word with many others.|Keeps absent verse label, two leaders, location, dual ministry, message, and co-workers.
15:36|After some days Paul said to Barnabas, “Let us return and visit the brothers and sisters in every city where we proclaimed the Lord’s word, to see how they are doing.”|Preserves timing, named speakers, return, inclusive communities, every city, prior mission, and pastoral purpose.
15:37|Barnabas wanted to take John, who was called Mark, with them.|Keeps Barnabas’s desire and both of John Mark’s names.
15:38|But Paul thought they should not take someone who had deserted them in Pamphylia and had not gone with them to the work.|Preserves Paul’s judgment, prior departure, location, and unfinished work.
15:39|Their disagreement became so sharp that they separated from each other. Barnabas took Mark and sailed to Cyprus,|Keeps severe conflict, separation, named pair, and destination.
15:40|while Paul chose Silas and left, commended by the brothers and sisters to the Lord’s grace.|Preserves contrast, named companion, departure, inclusive community, and grace.
15:41|He traveled through Syria and Cilicia, strengthening the churches.|Keeps route and strengthening purpose.
16:1|Paul also came to Derbe and Lystra. A disciple named Timothy was there, the son of a Jewish woman who was a believer and a Greek father.|Preserves route, Timothy’s discipleship, mother’s ethnicity and faith, and father’s ethnicity.
16:2|The brothers and sisters in Lystra and Iconium spoke well of him.|Keeps inclusive witnesses, two cities, and good reputation.
16:3|Paul wanted Timothy to travel with him, so he took him and circumcised him because of the Jewish people in those places, since they all knew his father was Greek.|Preserves Paul’s purpose, circumcision, social reason, local audience, and paternal ethnicity.
16:4|As they traveled through the cities, they delivered the decisions reached by the apostles and elders in Jerusalem for the believers to observe.|Keeps route, delivery, authoritative decision-makers, Jerusalem, recipients, and observance.
16:5|So the churches were strengthened in the faith and grew in number every day.|Preserves strengthening, faith, numerical growth, and daily frequency.
16:6|They traveled through the region of Phrygia and Galatia, having been prevented by the Holy Spirit from speaking the word in Asia.|Keeps route, Spirit restraint, message, and province.
16:7|When they came near Mysia, they tried to enter Bithynia, but the Spirit of Jesus did not allow them.|Preserves geography, attempted movement, and distinctive Spirit title.
16:8|So they passed by Mysia and went down to Troas.|Keeps route and destination.
16:9|During the night Paul saw a vision: a Macedonian man was standing and pleading with him, “Cross over to Macedonia and help us.”|Preserves time, vision, ethnicity, posture, plea, movement, and communal need.
16:10|After Paul saw the vision, we immediately tried to leave for Macedonia, concluding that God had called us to proclaim the good news to them.|Keeps first-person shift, immediacy, destination, discernment, divine call, and mission.
16:11|We sailed from Troas straight to Samothrace, and the next day to Neapolis.|Preserves first-person route and timing.
16:12|From there we went to Philippi, a leading city of that district of Macedonia and a Roman colony. We stayed in that city for several days.|Keeps route, civic status, regional identity, colony, and duration.
16:13|On the Sabbath we went outside the city gate beside a river, where we expected to find a place of prayer. We sat down and spoke with the women who had gathered there.|Preserves Sabbath, gate, river, prayer place, posture, and female gathering.
16:14|One of those listening was a woman named Lydia, a seller of purple cloth from Thyatira who worshiped God. The Lord opened her heart to respond to what Paul was saying.|Keeps name, gender, occupation, origin, devotion, divine action, heart, and Paul’s speech.
16:15|After she and her household were baptized, she urged us, “If you consider me faithful to the Lord, come and stay at my house.” And she persuaded us.|Preserves household baptism, Lydia’s invitation, conditional appeal, hospitality, and insistence.
16:16|Once, as we were going to the place of prayer, a slave girl who had a spirit of divination met us. By fortune-telling she earned a great deal of money for her owners.|Keeps first-person setting, enslaved girl, spirit, divination, profit, and exploitative owners.
16:17|She followed Paul and us, crying out, “These people are servants of the Most High God, who proclaim to you a way of salvation.”|Preserves pursuit, named group, divine title, service, proclamation, and indefinite way.
16:18|She kept doing this for many days. Finally Paul became deeply troubled, turned to the spirit, and said, “I command you in the name of Jesus Christ to come out of her.” And it came out that very hour.|Keeps duration, Paul’s distress, spirit as addressee, Jesus’ name, command, woman, and immediacy.
16:19|When her owners realized that their hope of profit was gone, they seized Paul and Silas and dragged them into the marketplace before the authorities.|Preserves economic motive, ownership, seizure, named victims, force, marketplace, and officials.
16:20|They brought them to the magistrates and said, “These men are Jews and are throwing our city into turmoil.|Keeps accusation, ethnic identification, and civic disturbance claim.
16:21|They advocate customs that we Romans are not permitted to accept or practice.”|Preserves cultural charge, Roman identity, and legal-social prohibition.
16:22|The crowd joined in attacking them, and the magistrates tore the clothes off them and ordered them beaten with rods.|Keeps collective assault, official action, stripping, and bodily violence.
16:23|After striking them many times, they threw them into prison and ordered the jailer to guard them securely.|Preserves repeated blows, imprisonment, jailer, and strict custody.
16:24|Receiving this order, he put them in the inner prison and fastened their feet in the stocks.|Keeps response, deeper confinement, feet, and stocks.
16:25|Around midnight Paul and Silas were praying and singing hymns to God, and the other prisoners were listening to them.|Preserves time, names, prayer, song, God, prisoners, and hearing.
16:26|Suddenly there was such a violent earthquake that the prison’s foundations shook. At once all the doors opened and everyone’s chains came loose.|Keeps suddenness, earthquake severity, foundations, every door, every prisoner, and released bonds.
16:27|When the jailer woke and saw the prison doors open, he drew his sword and was about to kill himself because he thought the prisoners had escaped.|Preserves waking, sight, weapon, suicide attempt, and mistaken cause.
16:28|But Paul shouted loudly, “Do not harm yourself! We are all here.”|Keeps Paul’s urgent intervention, self-harm prohibition, and all prisoners present.
16:29|The jailer called for lights, rushed in, and fell trembling before Paul and Silas.|Preserves lights, haste, fear, posture, and names.
16:30|He brought them outside and asked, “Sirs, what must I do to be saved?”|Keeps movement, respectful address, necessity, action, and salvation question.
16:31|They replied, “Believe in the Lord Jesus, and you will be saved—you and your household.”|Preserves faith, title, salvation, and household horizon.
16:32|Then they spoke the Lord’s word to him and to everyone in his house.|Keeps message, jailer, and whole household audience.
16:33|At that hour of the night, the jailer took them and washed their wounds. Immediately he and everyone in his household were baptized.|Preserves nighttime, compassionate care, wounds, immediacy, jailer, and household baptism.
16:34|He brought them into his home and set food before them. He and his whole household rejoiced because he had come to believe in God.|Keeps hospitality, meal, household joy, faith, and God.
16:35|When morning came, the magistrates sent officers with the order, “Release those men.”|Preserves timing, officials, messengers, and release command.
16:36|The jailer reported these words to Paul: “The magistrates have sent orders for you to be released. So come out now and go in peace.”|Keeps speaker, report, authorities, release, movement, and peace.
16:37|But Paul told the officers, “They beat us publicly without a trial, even though we are Roman citizens, and threw us into prison. Now they want to send us away secretly? Absolutely not! They must come themselves and escort us out.”|Preserves public beating, lack of trial, citizenship, prison, secrecy, refusal, and demanded remedy.
16:38|The officers reported these words to the magistrates, who became afraid when they heard that Paul and Silas were Roman citizens.|Keeps report, authorities, fear, and both men’s citizenship.
16:39|They came and apologized to them, escorted them out, and asked them to leave the city.|Preserves official approach, entreaty, public escort, and request.
16:40|After leaving the prison, Paul and Silas went to Lydia’s house. They saw and encouraged the brothers and sisters, then departed.|Keeps release, names, Lydia, inclusive community, encouragement, and departure.
17:1|Paul and Silas traveled through Amphipolis and Apollonia and came to Thessalonica, where there was a Jewish synagogue.|Names travelers for continuity and preserves route, destination, and synagogue.
17:2|As was his custom, Paul went in to them. For three Sabbaths he reasoned with them from the Scriptures,|Keeps custom, speaker, synagogue audience, exact duration, reasoning, and Scripture.
17:3|explaining and demonstrating that the Messiah had to suffer and rise from the dead. “This Jesus I am proclaiming to you is the Messiah,” he said.|Preserves interpretation, necessity, suffering, resurrection, named Jesus, and messianic claim.
17:4|Some of them were persuaded and joined Paul and Silas, along with a large number of devout Greeks and not a few prominent women.|Keeps mixed response, named leaders, many Greeks, female prominence, and scale.
17:5|But some Jewish people became jealous. They recruited wicked men from the marketplace, formed a mob, and set the city in an uproar. They attacked Jason’s house, trying to bring Paul and Silas out to the public assembly.|Avoids collective blame while preserving jealousy, hired agitators, mob, city unrest, Jason, and intended seizure.
17:6|When they could not find them, they dragged Jason and some other believers before the city officials, shouting, “These men who have turned the world upside down have come here too,|Keeps failed search, dragged victims, civic officials, accusation, world image, and arrival.
17:7|and Jason has welcomed them. They all act against Caesar’s decrees, saying there is another king—Jesus.”|Preserves hospitality, political charge, imperial authority, kingship, and Jesus.
17:8|When the crowd and city officials heard these things, they were disturbed.|Keeps two audiences, hearing, and alarm.
17:9|After taking security from Jason and the others, the officials released them.|Preserves bond, named host, companions, authorities, and release.
17:10|That very night the brothers and sisters sent Paul and Silas away to Berea. When they arrived, they went into the Jewish synagogue.|Keeps nighttime urgency, inclusive community, names, destination, arrival, and venue.
17:11|The people there were more receptive than those in Thessalonica. They welcomed the word with great eagerness and examined the Scriptures every day to see whether these things were so.|Preserves comparison, openness, message, eagerness, daily investigation, Scripture, and testing.
17:12|Many of them believed, including not a few prominent Greek women and men.|Keeps belief, Greek identity, social standing, both genders, and scale.
17:13|But when some Jewish people from Thessalonica learned that Paul was also proclaiming God’s word in Berea, they came there too, agitating and stirring up the crowds.|Avoids collective blame while preserving origin, report, Paul, message, destination, and crowd disturbance.
17:14|The brothers and sisters immediately sent Paul away toward the sea, but Silas and Timothy remained there.|Uses inclusive community language and preserves immediacy, Paul’s route, and named men who stayed.
17:15|Those escorting Paul brought him as far as Athens. Then they left with instructions for Silas and Timothy to join him as soon as possible.|Keeps escort, destination, departure, named recipients, and urgency.
17:16|While Paul waited for them in Athens, his spirit was deeply troubled when he saw that the city was full of idols.|Preserves waiting, location, inward reaction, sight, city, and idolatry.
17:17|So he reasoned in the synagogue with Jewish people and others who worshiped God, and every day in the marketplace with anyone who happened to be there.|Keeps two venues, three audiences, daily frequency, and reasoning.
17:18|Some Epicurean and Stoic philosophers also debated with him. Some asked, “What is this babbler trying to say?” Others said, “He seems to be proclaiming foreign gods.” They said this because he was proclaiming the good news about Jesus and the resurrection.|Preserves schools, debate, insults, perceived foreign deities, and explanation involving Jesus and resurrection.
17:19|They took him and brought him to the Areopagus, asking, “May we know what this new teaching is that you are presenting?|Keeps movement, named council/place, question, novelty, and teaching.
17:20|You are bringing some strange things to our ears, and we want to know what they mean.”|Preserves hearing image, strangeness, desire, and meaning.
17:21|Now all the Athenians and visiting foreigners spent their time doing nothing but telling or hearing something new.|Keeps local and foreign groups, habitual time, speech, hearing, and novelty.
17:22|Paul stood in the middle of the Areopagus and said, “People of Athens, I see that you are very religious in every way.|Preserves posture, location, address, observation, and respectful ambiguity.
17:23|For as I walked around and examined your objects of worship, I even found an altar inscribed, ‘To an unknown god.’ Therefore, what you worship without knowing, this I proclaim to you.|Keeps observation, worship objects, inscription, ignorance, worship, and proclamation.
17:24|The God who made the world and everything in it is Lord of heaven and earth and does not live in temples made by human hands.|Preserves creation, universal lordship, heaven and earth, and handmade-temple contrast.
17:25|Nor is he served by human hands as though he needed anything, since he himself gives everyone life, breath, and everything else.|Keeps worship-service language, divine self-sufficiency, universal gift, life, breath, and all things.
17:26|From one ancestor he made every nation of humanity to live over the whole face of the earth, determining their appointed times and the boundaries of where they would live.|Preserves shared human origin, every nation, whole earth, divine appointment, times, and boundaries.
17:27|He did this so that they might seek God and perhaps reach out for him and find him, though he is not far from each one of us.|Keeps purpose, seeking, tactile image, finding, divine nearness, and each person.
17:28|‘For in him we live and move and exist.’ As some of your own poets have said, ‘For we too are his offspring.’|Preserves both quotations, embodied existence, local poets, and kinship image.
17:29|Since we are God’s offspring, we should not think that the divine nature is like gold, silver, or stone—an image shaped by human art and imagination.|Keeps inference, divine kinship, three materials, image, artistry, and human thought.
17:30|God overlooked the times of ignorance, but now he commands all people everywhere to repent,|Preserves temporal contrast, divine patience, universal command, geography, and repentance.
17:31|because he has set a day when he will judge the world with justice through a man he has appointed. He has given everyone assurance of this by raising him from the dead.”|Keeps appointed day, world judgment, justice, human judge, divine appointment, universal assurance, and resurrection.
17:32|When they heard about the resurrection of the dead, some mocked, but others said, “We will hear you again about this.”|Preserves hearing, resurrection, divided response, mockery, and future hearing.
17:33|So Paul left them.|Keeps Paul’s simple departure.
17:34|But some people joined him and believed, including Dionysius the Areopagite, a woman named Damaris, and others with them.|Preserves attachment, faith, both named converts, Damaris’s gender, and others.
18:1|After this, Paul left Athens and went to Corinth.|Keeps sequence, named traveler, origin, and destination.
18:2|There he found a Jewish man named Aquila, a native of Pontus, who had recently come from Italy with his wife Priscilla because Claudius had ordered all Jewish people to leave Rome. Paul went to see them,|Preserves ethnicity, name, origin, Italy, wife’s name, imperial order, community, Rome, and Paul’s visit.
18:3|and because they shared the same trade, he stayed and worked with them. They were tentmakers by trade.|Keeps shared occupation, residence, labor, and tentmaking.
18:4|Every Sabbath Paul reasoned in the synagogue, trying to persuade both Jewish and Greek people.|Preserves weekly frequency, speaker, venue, reasoning, persuasion, and both groups.
18:5|When Silas and Timothy came down from Macedonia, Paul devoted himself to the word, testifying to the Jewish people that Jesus is the Messiah.|Keeps arrivals, origin, Paul’s concentrated ministry, testimony, audience, Jesus, and title.
18:6|But when they opposed him and spoke abusively, he shook out his clothes and told them, “Your blood is on your own heads! I am innocent. From now on I will go to the Gentiles.”|Preserves opposition, abusive speech, symbolic act, blood idiom, innocence, and mission turn.
18:7|He left there and went to the house of a man named Titius Justus, a worshiper of God whose house was next door to the synagogue.|Keeps movement, full name, devotion, residence, and proximity.
18:8|Crispus, the synagogue leader, believed in the Lord along with his whole household. Many Corinthians who heard also believed and were baptized.|Preserves name, role, household faith, city group, hearing, belief, and baptism.
18:9|The Lord said to Paul in a vision during the night, “Do not be afraid. Keep speaking and do not be silent,|Keeps divine speaker, Paul, vision, time, fear prohibition, and paired commands.
18:10|because I am with you, and no one will attack and harm you, for I have many people in this city.”|Preserves divine presence, protection, harm, possession, many people, and city.
18:11|So Paul stayed there for a year and six months, teaching God’s word among them.|Keeps exact duration, residence, teaching, message, and community.
18:12|While Gallio was proconsul of Achaia, some Jewish people made a united attack on Paul and brought him before the judgment seat.|Preserves official, province, opponents without collective blame, attack, Paul, and tribunal.
18:13|They said, “This man is persuading people to worship God in a way contrary to the law.”|Keeps accusation, persuasion, worship, God, and law.
18:14|Just as Paul was about to speak, Gallio told the accusers, “If this were a matter of wrongdoing or a serious crime, I would have reason to hear you patiently.|Preserves interrupted defense, named official, conditional crime, and judicial patience.
18:15|But since it involves questions about words, names, and your own law, see to it yourselves. I refuse to be a judge of these matters.”|Keeps three dispute categories, delegation, and refusal.
18:16|Then he drove them from the judgment seat.|Preserves official expulsion and tribunal.
18:17|Then they all seized Sosthenes, the synagogue leader, and beat him in front of the judgment seat. Gallio showed no concern about any of it.|Keeps collective action, named victim, role, beating, location, and official indifference.
18:18|Paul remained for many days, then said farewell to the brothers and sisters and sailed for Syria, accompanied by Priscilla and Aquila. At Cenchreae he had his hair cut because he had taken a vow.|Preserves duration, inclusive farewell, destination, named companions, location, haircut, and vow.
18:19|They reached Ephesus, where Paul left Priscilla and Aquila. He himself entered the synagogue and reasoned with the Jewish people.|Keeps destination, separation, named couple, Paul, venue, audience, and reasoning.
18:20|When they asked him to stay longer, he declined.|Preserves request, duration, and refusal.
18:21|But as he said farewell, he told them, “I will return to you again, God willing.” Then he sailed from Ephesus.|Keeps farewell, promised return, divine will, departure, and origin.
18:22|When he landed at Caesarea, he went up and greeted the church, then went down to Antioch.|Preserves landing, ascent, church greeting, descent, and destination.
18:23|After spending some time there, Paul left and traveled from place to place through the region of Galatia and Phrygia, strengthening all the disciples.|Keeps duration, Paul, route, comprehensive disciples, and strengthening.
18:24|Now a Jewish man named Apollos, a native of Alexandria, came to Ephesus. He was eloquent and powerful in the Scriptures.|Preserves ethnicity, name, origin, destination, eloquence, and scriptural competence.
18:25|He had been instructed in the way of the Lord. Fervent in spirit, he spoke and taught accurately about Jesus, though he knew only John’s baptism.|Keeps instruction, Way, fervor, accurate teaching, Jesus, limitation, and John’s baptism.
18:26|He began to speak boldly in the synagogue. When Priscilla and Aquila heard him, they took him aside and explained the way of God to him more accurately.|Preserves boldness, venue, named couple in source order, hearing, private instruction, and greater accuracy.
18:27|When Apollos wanted to cross into Achaia, the brothers and sisters encouraged him and wrote to the disciples to welcome him. On arriving, he greatly helped those who had come to believe through grace,|Keeps desire, destination, inclusive community, recommendation, welcome, arrival, help, believers, and grace.
18:28|for he vigorously refuted the Jewish opponents in public, demonstrating from the Scriptures that Jesus is the Messiah.|Preserves force, public debate, audience without collective blame, Scripture, Jesus, and messianic conclusion.
19:1|While Apollos was in Corinth, Paul traveled through the inland regions and came to Ephesus. There he found some disciples|Preserves the simultaneous setting, Paul's inland route, Ephesus, and the disciples he encountered.
19:2|and asked them, “Did you receive the Holy Spirit when you came to believe?” They answered, “No, we have not even heard that there is a Holy Spirit.”|Keeps Paul's question tied to believing and their emphatic lack of knowledge.
19:3|He asked, “Then into what were you baptized?” They said, “Into John's baptism.”|Preserves the baptismal question and their precise reply.
19:4|Paul said, “John baptized with a baptism of repentance, telling the people to believe in the one coming after him—that is, in Jesus.”|Keeps repentance, John's forward-looking message, and the explicit identification of Jesus.
19:5|When they heard this, they were baptized into the name of the Lord Jesus.|Preserves their response and the baptismal formula.
19:6|When Paul laid his hands on them, the Holy Spirit came upon them, and they began speaking in tongues and prophesying.|Keeps sequence, touch, the Spirit's coming, and both resulting activities.
19:7|There were about twelve men in all.|Preserves the approximate number and the source's gender-specific term.
19:8|Paul entered the synagogue and spoke boldly for three months, reasoning with the people and persuading them about the kingdom of God.|Keeps venue, boldness, duration, reasoned persuasion, and subject.
19:9|But when some became stubborn and refused to believe, speaking evil of the Way before the crowd, Paul withdrew from them. He took the disciples with him and reasoned daily in the lecture hall of Tyrannus.|Preserves resistance, public slander, separation, the disciples, daily activity, and named venue.
19:10|This continued for two years, so that everyone living in Asia heard the word of the Lord—both Jewish and Greek people.|Keeps duration, regional scope, proclamation, and both named populations.
19:11|God was doing extraordinary miracles through Paul's hands,|Preserves God as agent, the exceptional character of the powers, and Paul's hands as means.
19:12|so that even cloths and work aprons that had touched his skin were carried to the sick. Their diseases left them, and the evil spirits came out.|Keeps the concrete objects, bodily contact, transport, healings, and exorcisms without embellishment.
19:13|Some itinerant Jewish exorcists also tried invoking the name of the Lord Jesus over those who had evil spirits. They would say, “I command you by the Jesus whom Paul proclaims.”|Preserves the practitioners' identity, attempt, invoked name, afflicted people, and derivative formula.
19:14|Seven sons of a Jewish chief priest named Sceva were doing this.|Keeps the number, family relationship, ethnicity, office, and name.
19:15|But the evil spirit answered them, “Jesus I know, and Paul I recognize—but who are you?”|Preserves the spirit's differentiated knowledge and taunting question.
19:16|Then the man in whom the evil spirit lived leaped on them, overpowered them, and prevailed against them. They fled from that house naked and wounded.|Keeps the human agent, violent actions, result, exposure, and wounds.
19:17|This became known to everyone living in Ephesus, both Jewish and Greek people. Fear fell on them all, and the name of the Lord Jesus was magnified.|Preserves the city's two populations, fear, and the honoring of Jesus' name.
19:18|Many who had believed came confessing and openly reporting their practices.|Keeps the believers, confession, and public disclosure without specifying more than the source.
19:19|A considerable number who had practiced magic brought their books together and burned them in front of everyone. They calculated their value and found it came to fifty thousand pieces of silver.|Preserves the magical context, books, public burning, calculation, and exact amount.
19:20|In this powerful way, the word of the Lord kept growing and prevailing.|Keeps the summary's force, growth, and victory language.
19:21|After these things were completed, Paul resolved in the Spirit to pass through Macedonia and Achaia and go to Jerusalem. He said, “After I have been there, I must also see Rome.”|Preserves temporal transition, Spirit-qualified resolve, route, destination, and necessity of Rome.
19:22|He sent two of his assistants, Timothy and Erastus, into Macedonia, while he stayed in Asia for a time.|Keeps the two named helpers, their destination, and Paul's temporary stay.
19:23|About that time, a serious disturbance arose concerning the Way.|Preserves timing, the scale of the disturbance, and the movement's title.
19:24|A silversmith named Demetrius made silver shrines of Artemis and brought the craftsmen a great deal of business.|Keeps name, trade, material, goddess, craftsmen, and economic benefit.
19:25|He gathered them together, along with workers in related trades, and said, “Men, you know that our prosperity comes from this business.|Preserves the organized trade group, male address, and explicit financial motive.
19:26|You see and hear that not only in Ephesus but throughout almost all of Asia, this Paul has persuaded and turned away a large crowd by saying that gods made by hands are not gods.|Keeps Demetrius's accusation, regional reach, Paul's influence, and critique of handmade gods.
19:27|There is danger not only that our trade will fall into disrepute, but also that the temple of the great goddess Artemis will be regarded as nothing and that she herself—whom all Asia and the inhabited world worships—will be stripped of her majesty.”|Preserves the paired economic and cultic threats, temple, title, geographic claim, worship, and majesty.
19:28|When they heard this, they became furious and began shouting, “Great is Artemis of the Ephesians!”|Keeps cause, anger, shouting, and the exact acclamation.
19:29|The city was filled with confusion, and the people rushed together into the theater, dragging along Gaius and Aristarchus, Macedonian traveling companions of Paul.|Preserves citywide disorder, collective rush, violence, names, origin, and relationship to Paul.
19:30|Paul wanted to enter the assembly, but the disciples would not let him.|Keeps Paul's intent and the disciples' prevention.
19:31|Even some provincial officials who were his friends sent word urging him not to venture into the theater.|Preserves the officials' status, friendship, message, and warning.
19:32|Some were shouting one thing and some another, for the assembly was in confusion, and most of them did not know why they had gathered.|Keeps conflicting shouts, disorder, and the crowd's ignorance.
19:33|Some in the crowd prompted Alexander after the Jewish people put him forward. Alexander motioned with his hand and wanted to make a defense before the people.|Preserves the uncertain crowd action, named man, communal initiative, gesture, and intended defense.
19:34|But when they recognized that he was Jewish, they all shouted with one voice for about two hours, “Great is Artemis of the Ephesians!”|Keeps recognition, ethnicity, unanimity, duration, and repeated acclamation.
19:35|After the city clerk quieted the crowd, he said, “People of Ephesus, who does not know that the city of the Ephesians is guardian of the temple of great Artemis and of her image that fell from heaven?|Preserves the official, calming action, civic address, temple guardianship, goddess, and heaven-fallen object.
19:36|Since these facts cannot be denied, you must remain calm and do nothing rash.|Keeps his premise and both imperatives.
19:37|For you have brought these men here even though they have neither robbed temples nor blasphemed our goddess.|Preserves the two exonerating claims and communal possessive.
19:38|If Demetrius and the craftsmen with him have a complaint against anyone, the courts are open and there are proconsuls. Let them bring charges against one another.|Keeps names, legal grievance, available institutions, officials, and reciprocal litigation.
19:39|But if you seek anything beyond that, it will be settled in the lawful assembly.|Preserves the alternative request and lawful civic process.
19:40|As it is, we are in danger of being charged with rioting because of today's events, since there is no cause we can give to account for this disorderly gathering.” After saying this, he dismissed the assembly.|Keeps legal danger, date, lack of defensible cause, accountability, and dismissal.
20:1|After the uproar ended, Paul sent for the disciples and encouraged them. Then he said farewell and left to go to Macedonia.|Preserves the transition, summons, encouragement, farewell, and destination.
20:2|He traveled through those regions, giving the believers much encouragement, and then came to Greece.|Keeps route, extensive encouragement, and arrival.
20:3|After spending three months there, he was about to sail for Syria when a plot was made against him by some Jewish opponents, so he decided to return through Macedonia.|Preserves duration, intended voyage, hostile plot without collective blame, and changed route.
20:4|He was accompanied by Sopater son of Pyrrhus from Berea; Aristarchus and Secundus from Thessalonica; Gaius from Derbe; Timothy; and Tychicus and Trophimus from Asia.|Preserves every name, patronymic, and place association in the list.
20:5|These men went on ahead and waited for us in Troas.|Keeps the advance party, first-person narrator, and location.
20:6|After the days of Unleavened Bread, we sailed from Philippi and joined them at Troas five days later. We stayed there seven days.|Preserves festival, origin, destination, five-day journey, and seven-day stay.
20:7|On the first day of the week, when we gathered to break bread, Paul spoke with them. Because he intended to leave the next day, he continued speaking until midnight.|Keeps day, gathering, bread-breaking, Paul's speech, travel plan, and midnight duration.
20:8|There were many lamps in the upstairs room where we were gathered.|Preserves the many lamps, upper room, and narrator's presence.
20:9|A young man named Eutychus was sitting in the window. As Paul spoke at length, Eutychus sank into a deep sleep. Overcome by sleep, he fell from the third floor and was picked up dead.|Keeps name, position, prolonged speech, progressive sleep, height, fall, and reported death.
20:10|Paul went down, bent over him, and took him in his arms. “Do not be alarmed,” he said, “for his life is in him.”|Preserves Paul's descent, bodily actions, reassurance, and statement about life.
20:11|Then Paul went back upstairs, broke the bread and ate. He spoke with them for a long time, until dawn, and then left.|Keeps ascent, bread-breaking, eating, extended conversation, dawn, and departure.
20:12|They took the young man home alive and were greatly comforted.|Preserves his life and the community's strong consolation.
20:13|We went on ahead to the ship and sailed for Assos, intending to take Paul aboard there. He had arranged it this way because he intended to travel there on foot.|Keeps first-person route, pickup plan, Paul's arrangement, and walking.
20:14|When he met us at Assos, we took him aboard and went to Mitylene.|Preserves reunion, embarkation, and destination.
20:15|Sailing from there, we arrived opposite Chios the next day. On the following day we reached Samos, and the day after that we came to Miletus.|Keeps exact sequence, named locations, and days.
20:16|Paul had decided to sail past Ephesus so that he would not lose time in Asia, for he was hurrying to be in Jerusalem on the day of Pentecost, if possible.|Preserves decision, reason, region, urgency, Jerusalem, feast, and qualification.
20:17|From Miletus he sent to Ephesus and summoned the elders of the church.|Keeps origin, destination, summons, office, and community.
20:18|When they came to him, he said, “You yourselves know how I lived among you the whole time, from the first day I set foot in Asia,|Preserves their firsthand knowledge, Paul's conduct, total duration, first day, and region.
20:19|serving the Lord with all humility, with tears, and amid the trials that came upon me through the plots of Jewish opponents.|Keeps service, humility, tears, trials, and hostile plots without collective blame.
20:20|You know that I held back nothing beneficial, but proclaimed it to you and taught you publicly and from house to house.|Preserves the negative claim, benefit, proclamation, teaching, and both settings.
20:21|I testified to both Jewish and Greek people about repentance toward God and faith in our Lord Jesus.|Keeps both audiences and the paired response toward God and Jesus.
20:22|And now, compelled by the Spirit, I am going to Jerusalem without knowing what will happen to me there,|Preserves present transition, Spirit-bound compulsion, destination, and uncertainty.
20:23|except that in city after city the Holy Spirit warns me that chains and afflictions await me.|Keeps the exception, repeated locations, divine warning, imprisonment, and suffering.
20:24|But I do not consider my life worth anything to myself, if only I may finish my course and the ministry I received from the Lord Jesus: to testify to the good news of God's grace.|Preserves self-disregard, race image, received ministry, Jesus, testimony, gospel, and grace.
20:25|“And now I know that none of you among whom I went about proclaiming the kingdom will ever see my face again.|Keeps Paul's stated knowledge, entire audience, itinerant proclamation, kingdom, and finality.
20:26|Therefore I testify to you today that I am innocent of the blood of everyone,|Preserves formal witness, present day, innocence, and blood idiom.
20:27|for I did not shrink from declaring to you the whole purpose of God.|Keeps causal link, lack of reserve, proclamation, totality, and divine purpose.
20:28|Watch over yourselves and the whole flock, in which the Holy Spirit has made you overseers, to shepherd the church of God, which he obtained through the blood of his own Son.|Preserves self-watch, flock, Spirit's appointment, oversight, shepherding, God's church, acquisition, and the difficult “blood of his own” construction.
20:29|I know that after my departure, fierce wolves will come in among you and will not spare the flock.|Keeps Paul's knowledge, timing, wolf metaphor, intrusion, and danger.
20:30|Even from among your own number, men will rise up speaking distorted things to draw the disciples away after themselves.|Preserves internal origin, gender-specific actors, distorted speech, purpose, and diverted allegiance.
20:31|Therefore stay alert, remembering that for three years, night and day, I never stopped warning each one of you with tears.|Keeps command, memory, exact duration, continuous labor, individual care, and tears.
20:32|And now I entrust you to God and to the word of his grace, which is able to build you up and give you an inheritance among all who are sanctified.|Preserves entrusting, God, grace-word, ability, construction image, inheritance, and sanctified company.
20:33|I coveted no one's silver, gold, or clothing.|Keeps first-person denial and all three objects.
20:34|You yourselves know that these hands provided for my needs and for those who were with me.|Preserves their knowledge, Paul's manual labor, his needs, and companions' needs.
20:35|In everything I showed you that by working hard in this way, we must help the weak and remember the words of the Lord Jesus, who himself said, ‘It is more blessed to give than to receive.’”|Keeps Paul's example, hard work, obligation, weak people, remembered saying, and giving/receiving contrast.
20:36|After saying this, he knelt down with all of them and prayed.|Preserves sequence, posture, company, and prayer.
20:37|They all wept greatly, embraced Paul, and kissed him tenderly.|Keeps universal grief, physical embrace, named person, and affectionate farewell.
20:38|They were grieving most of all because he had said that they would never see his face again. Then they accompanied him to the ship.|Preserves reason for deepest grief, repeated finality, face idiom, and escort.
21:1|After tearing ourselves away from them, we set sail on a straight course to Cos, the next day to Rhodes, and from there to Patara.|Keeps emotional separation, first-person voyage, direct sailing, and exact route.
21:2|Finding a ship crossing to Phoenicia, we went aboard and set sail.|Preserves search, destination, boarding, and departure.
21:3|When Cyprus came into view, we left it on our left, sailed toward Syria, and landed at Tyre, where the ship was to unload its cargo.|Keeps sighting, nautical orientation, route, landing, and cargo purpose.
21:4|We sought out the disciples and stayed there seven days. Through the Spirit they kept telling Paul not to set foot in Jerusalem.|Preserves active search, disciples, duration, Spirit-mediated warning, repetition, and destination.
21:5|When our days there were over, we left and continued our journey. All of them, including women and children, escorted us outside the city. We knelt on the beach and prayed.|Keeps elapsed time, departure, whole families, escort, location, posture, and prayer.
21:6|After saying farewell to one another, we boarded the ship, and they returned home.|Preserves mutual farewell and the two groups' movements.
21:7|We completed the voyage from Tyre and arrived at Ptolemais. We greeted the brothers and sisters and stayed with them for one day.|Keeps route, greeting, inclusive community term, and duration.
21:8|The next day we left and came to Caesarea. We entered the house of Philip the evangelist, one of the Seven, and stayed with him.|Preserves timing, route, host's name and roles, house, and hospitality.
21:9|He had four unmarried daughters who prophesied.|Keeps exact number, gender, unmarried status, and prophetic activity.
21:10|After we had stayed for several days, a prophet named Agabus came down from Judea.|Preserves duration, office, name, directional idiom, and origin.
21:11|He came to us, took Paul's belt, bound his own feet and hands, and said, “This is what the Holy Spirit says: ‘In this way the Jewish leaders in Jerusalem will bind the man who owns this belt and hand him over to Gentiles.’”|Keeps enacted sign, body parts, divine speech, location, binding, owner, and transfer; “leaders” avoids collective blame while retaining identity.
21:12|When we heard this, both we and the local believers pleaded with Paul not to go up to Jerusalem.|Preserves shared hearing, both groups, repeated pleading, and destination.
21:13|Then Paul answered, “What are you doing, weeping and breaking my heart? I am ready not only to be bound but even to die in Jerusalem for the name of the Lord Jesus.”|Keeps question, emotional effect, readiness, two escalating outcomes, place, and motive.
21:14|Since he would not be persuaded, we became quiet and said, “Let the Lord's will be done.”|Preserves failed persuasion, cessation, and submission to the Lord's will.
21:15|After those days, we made our preparations and went up to Jerusalem.|Keeps timing, preparation, conventional ascent, and destination.
21:16|Some disciples from Caesarea went with us, bringing us to Mnason of Cyprus, an early disciple with whom we were to stay.|Preserves companions, origin, host, ethnic/geographic identity, longstanding discipleship, and lodging.
21:17|When we arrived in Jerusalem, the brothers and sisters welcomed us gladly.|Keeps arrival, inclusive community, and joyful reception.
21:18|The next day Paul went with us to see James, and all the elders were present.|Preserves timing, Paul, narrator group, James, and all elders.
21:19|After greeting them, Paul recounted one by one the things God had done among the Gentiles through his ministry.|Keeps greeting, detailed report, God as agent, Gentile setting, and Paul's service as means.
21:20|When they heard this, they glorified God. Then they said to Paul, “You see, brother, how many tens of thousands of believers there are among the Jewish people, and they are all zealous for the Law.|Preserves their praise, fraternal address, very large number, Jewish believers, and zeal.
21:21|But they have been informed that you teach all the Jewish people living among the Gentiles to abandon Moses, telling them not to circumcise their children or follow the customs.|Keeps the report as allegation, diaspora setting, apostasy language, Moses, circumcision, children, and customs.
21:22|What then should be done? They will certainly hear that you have come.|Preserves deliberative question and certainty of the news.
21:23|So do what we tell you. We have four men who are under a vow.|Keeps directive, exact number, gender, and vow.
21:24|Take these men with you, purify yourself along with them, and pay their expenses so they may shave their heads. Then everyone will know that there is nothing to the reports they have heard about you, but that you yourself live in obedience to the Law.|Preserves accompaniment, purification, payment, shaving, public purpose, rebuttal, conduct, and Law.
21:25|As for the Gentiles who have believed, we sent them our decision that they should keep away from food sacrificed to idols, from blood, from what is strangled, and from sexual immorality.”|Keeps the earlier decision, Gentile believers, and all four requirements present in the pinned text.
21:26|Then Paul took the men, and the next day he purified himself with them and entered the temple. He announced when the days of purification would be completed and when the offering would be made for each of them.|Preserves men, next day, shared purification, temple, declared completion, offering, and each participant.
21:27|When the seven days were nearly over, some Jewish people from Asia saw Paul in the temple, stirred up the whole crowd, and seized him,|Keeps timing, exact days, regional opponents without collective blame, temple, agitation, and seizure.
21:28|shouting, “People of Israel, help us! This is the man who teaches everyone everywhere against our people, the Law, and this place. What is more, he has brought Greeks into the temple and defiled this holy place.”|Preserves public appeal, sweeping accusations, three targets, Greeks, temple, and alleged defilement.
21:29|For they had previously seen Trophimus the Ephesian with Paul in the city and assumed that Paul had brought him into the temple.|Keeps prior sighting, name, origin, association, location, and the narrator's identification of an inference.
21:30|The whole city was stirred up, and the people came running together. They seized Paul, dragged him out of the temple, and immediately the doors were shut.|Preserves scale, rush, seizure, violence, movement, and closed doors.
21:31|While they were trying to kill him, word reached the commander of the cohort that all Jerusalem was in turmoil.|Keeps attempted killing, report, military office, and citywide disorder.
21:32|He immediately took soldiers and centurions and ran down to them. When they saw the commander and the soldiers, they stopped beating Paul.|Preserves urgency, military personnel, movement, sight, and cessation of violence.
21:33|Then the commander came near, arrested Paul, and ordered him to be bound with two chains. He began asking who he was and what he had done.|Keeps approach, seizure, exact number of chains, and both questions.
21:34|Some in the crowd shouted one thing and some another. Since the commander could not learn the truth because of the uproar, he ordered Paul to be taken into the barracks.|Preserves conflicting claims, inability to establish facts, cause, order, and destination.
21:35|When Paul reached the steps, the soldiers had to carry him because of the crowd's violence,|Keeps location, necessity, military action, and reason.
21:36|for the multitude of people followed, shouting, “Away with him!”|Preserves following crowd and lethal-sounding cry without softening.
21:37|As Paul was about to be brought into the barracks, he said to the commander, “May I say something to you?” The commander replied, “You know Greek?|Keeps timing, polite request, direct addressee, and surprised language question.
21:38|Then you are not the Egyptian who some time ago started a revolt and led four thousand assassins out into the wilderness?”|Preserves the mistaken identity, revolt, exact number, violent group's label, and wilderness.
21:39|Paul said, “I am a Jewish man from Tarsus in Cilicia, a citizen of no insignificant city. I ask you, permit me to speak to the people.”|Keeps gender, ethnicity, hometown, province, civic claim, and request.
21:40|When the commander gave permission, Paul stood on the steps and motioned to the people with his hand. When there was a deep silence, he addressed them in the Hebrew language, saying:|Preserves permission, posture, location, gesture, silence, and named language.
22:1|“Brothers and fathers, listen now to my defense before you.”|Keeps Paul's male kinship address, appeal to hear, timing, and formal defense.
22:2|When they heard him addressing them in the Hebrew language, they became even quieter. Then he said:|Preserves the language, audience response, and speech transition.
22:3|“I am a Jewish man, born in Tarsus of Cilicia but brought up in this city at the feet of Gamaliel. I was educated in strict conformity with the law of our ancestors and was zealous for God, just as all of you are today.|Keeps gender, ethnicity, birthplace, upbringing, teacher, strict ancestral Law, zeal, and comparison.
22:4|I persecuted this Way to the death, binding and delivering to prison both men and women,|Preserves Paul's agency, movement title, lethal extent, imprisonment, and both genders.
22:5|as the high priest and the whole council of elders can testify about me. I even received letters from them to our fellow Jews in Damascus, and I went there to bring those who were there as prisoners to Jerusalem to be punished.|Keeps named witnesses, letters, recipients, route, binding, return, and punitive purpose.
22:6|“As I was traveling and approaching Damascus, about noon a brilliant light from heaven suddenly flashed around me.|Preserves journey, proximity, time, intensity, heavenly origin, and sudden encircling light.
22:7|I fell to the ground and heard a voice saying to me, ‘Saul, Saul, why are you persecuting me?’|Keeps fall, auditory event, doubled name, and question.
22:8|I answered, ‘Who are you, Lord?’ He said to me, ‘I am Jesus the Nazarene, whom you are persecuting.’|Preserves question, respectful title, self-identification, geographic epithet, and accusation.
22:9|Those who were with me saw the light but did not understand the voice of the one speaking to me.|Keeps companions, visual perception, and the distinction between hearing a sound and comprehending the speaker.
22:10|I asked, ‘What should I do, Lord?’ The Lord said to me, ‘Get up and go into Damascus. There you will be told everything you have been appointed to do.’|Preserves question, command, destination, future disclosure, total scope, and appointment.
22:11|Since I could not see because of the glory of that light, those with me led me by the hand, and I came into Damascus.|Keeps blindness, cause, guidance, companions, and arrival.
22:12|“A man named Ananias, devout according to the Law and well spoken of by all the Jewish people living there,|Preserves name, gender, devotion measured by Law, and communal reputation.
22:13|came to me, stood beside me, and said, ‘Brother Saul, regain your sight.’ At that very moment I looked up and saw him.|Keeps approach, position, kinship address, command, immediate restoration, and sight.
22:14|He said, ‘The God of our ancestors has chosen you to know his will, to see the Righteous One, and to hear a voice from his own mouth,|Preserves ancestral God, prior choice, three infinitives, title, and direct voice.
22:15|because you will be his witness to all people of what you have seen and heard.|Keeps appointment as witness, universal audience, and firsthand content.
22:16|And now why delay? Get up, be baptized, and wash away your sins, calling on his name.’|Preserves urgency, imperatives, baptism, cleansing image, sins, and invocation.
22:17|“After I returned to Jerusalem and was praying in the temple, I fell into a trance|Keeps return, city, prayer, temple, and altered visionary state.
22:18|and saw him saying to me, ‘Hurry and leave Jerusalem quickly, because they will not accept your testimony about me.’|Preserves vision, urgent doubled command, reason, rejection, testimony, and referent.
22:19|I said, ‘Lord, they themselves know that in synagogue after synagogue I imprisoned and beat those who believed in you.|Keeps Paul's appeal to their knowledge, repeated venues, imprisonment, beating, and victims' faith.
22:20|And when the blood of your witness Stephen was being shed, I myself stood there approving and guarding the clothes of those who killed him.’|Preserves bloodshed, Stephen's name and witness role, Paul's presence, approval, garments, and killers.
22:21|Then he said to me, ‘Go, for I will send you far away to the Gentiles.’”|Keeps command, divine commissioning, distance, and Gentile destination.
22:22|They listened to him up to this statement. Then they raised their voices and said, “Remove such a man from the earth! He should not be allowed to live!”|Preserves point of rupture, crowd speech, demand for removal, and explicit death wish.
22:23|As they were shouting, throwing off their cloaks, and tossing dust into the air,|Keeps all three agitated actions.
22:24|the commander ordered Paul to be brought into the barracks and said he should be interrogated by flogging, so that he might learn why they were shouting against him like this.|Preserves military order, location, torture method, purpose, and crowd hostility.
22:25|But when they stretched him out with the straps, Paul said to the centurion standing there, “Is it lawful for you to flog a Roman citizen who has not been condemned?”|Keeps preparation for flogging, straps, officer, legal question, citizenship, and lack of conviction.
22:26|When the centurion heard this, he went to the commander and reported it, saying, “What are you about to do? This man is a Roman citizen.”|Preserves hearing, movement, report, warning question, gender, and citizenship.
22:27|The commander came and asked Paul, “Tell me, are you a Roman citizen?” He said, “Yes.”|Keeps approach, direct question, and concise confirmation.
22:28|The commander replied, “I acquired this citizenship for a large sum of money.” Paul said, “But I was born a citizen.”|Preserves the contrast between purchased and birth citizenship.
22:29|Immediately those who were about to interrogate him withdrew. The commander was also afraid when he learned that Paul was a Roman citizen and that he had bound him.|Keeps immediate withdrawal, intended interrogation, fear, discovery, citizenship, and prior binding.
22:30|The next day, wanting to know for certain why Paul was being accused by the Jewish leaders, the commander released him and ordered the chief priests and the entire council to meet. Then he brought Paul down and set him before them.|Preserves timing, aim at certainty, accusers without collective blame, release, authorities, whole council, and presentation.
23:1|Paul looked intently at the council and said, “Brothers, I have lived before God with an entirely clear conscience to this very day.”|Keeps intense gaze, male kinship address, conduct before God, whole conscience, and present endpoint.
23:2|At this, the high priest Ananias ordered those standing near Paul to strike him on the mouth.|Preserves office, name, command, nearby agents, victim, and bodily violence.
23:3|Then Paul said to him, “God is about to strike you, you whitewashed wall! You sit there judging me according to the Law, yet contrary to the Law you order me to be struck?”|Keeps divine warning, vivid insult, judicial setting, Law repetition, hypocrisy, and violence.
23:4|Those standing nearby said, “Do you insult God's high priest?”|Preserves speakers, rebuke, God, and office.
23:5|Paul said, “Brothers, I did not know he was the high priest, for it is written: ‘You must not speak evil of a ruler of your people.’”|Keeps Paul's stated ignorance, kinship address, scriptural grounding, prohibition, and ruler.
23:6|When Paul realized that one part of the council were Sadducees and the other Pharisees, he called out, “Brothers, I am a Pharisee, a son of Pharisees. I am on trial concerning the hope and resurrection of the dead!”|Preserves his perception, two groups, shouted address, identity, lineage, hope, resurrection, and trial.
23:7|When he said this, a dispute broke out between the Pharisees and Sadducees, and the assembly was divided.|Keeps cause, intergroup dispute, and divided crowd.
23:8|For the Sadducees say there is no resurrection, angel, or spirit, while the Pharisees affirm them all.|Preserves narrator's three-part doctrinal contrast.
23:9|A great outcry arose, and some scribes from the Pharisees' party stood up and argued forcefully: “We find nothing wrong with this man. What if a spirit or an angel spoke to him?”|Keeps loud conflict, scribes' alignment, vigorous dispute, acquittal, and unfinished conditional possibility.
23:10|As the dispute became violent, the commander feared that Paul would be torn apart by them. He ordered the troops to go down, take him from their midst by force, and bring him into the barracks.|Preserves escalating conflict, fear, bodily danger, military order, forcible rescue, and destination.
23:11|The following night the Lord stood beside Paul and said, “Take courage! For just as you have testified about me in Jerusalem, so you must also testify in Rome.”|Keeps timing, the Lord's presence, encouragement, past witness, necessity, and Rome.
23:12|When day came, some Jewish men formed a conspiracy and bound themselves under a curse, saying they would neither eat nor drink until they had killed Paul.|Preserves time, specific conspirators without collective blame, oath-curse, abstention, and murderous goal.
23:13|More than forty men joined this plot.|Keeps the lower-bound number, gender, and conspiracy.
23:14|They went to the chief priests and elders and said, “We have bound ourselves under a solemn curse to taste nothing until we have killed Paul.|Preserves authorities approached, emphatic curse, fasting, named target, and intent.
23:15|Now then, you and the council should notify the commander to bring him down to you, as though you intended to examine his case more carefully. We are ready to kill him before he comes near.”|Keeps collusion request, deception, official, feigned inquiry, ambush, and readiness.
23:16|But Paul's sister's son heard about the ambush. He went to the barracks, entered, and told Paul.|Preserves exact relationship, hearing, route, entry, and warning.
23:17|Paul called one of the centurions and said, “Take this young man to the commander, for he has something to report to him.”|Keeps summons, one officer, young man, destination, and report.
23:18|So the centurion took him to the commander and said, “The prisoner Paul called me and asked me to bring this young man to you because he has something to tell you.”|Preserves escort, addressee, Paul's prisoner status, request, and message.
23:19|The commander took him by the hand, drew him aside privately, and asked, “What is it that you have to report to me?”|Keeps protective gesture, private setting, and direct question.
23:20|He said, “The Jewish leaders have agreed to ask you to bring Paul down to the council tomorrow, pretending they intend to inquire more carefully about him.|Preserves conspirators as leaders, agreement, request, timing, destination, and pretense.
23:21|Do not be persuaded by them, because more than forty of their men are waiting in ambush for him. They have bound themselves under a curse neither to eat nor drink until they kill him. They are ready now, waiting for your consent.”|Keeps warning, exact lower-bound number, ambush, repeated curse, current readiness, and awaited authorization.
23:22|The commander dismissed the young man, instructing him, “Tell no one that you have disclosed these things to me.”|Preserves dismissal, secrecy order, and disclosure.
23:23|Then he summoned two centurions and said, “Prepare two hundred soldiers, seventy horsemen, and two hundred spearmen to go as far as Caesarea at nine tonight.|Keeps two officers, three exact troop counts, destination, and departure time.
23:24|Provide mounts for Paul so they may bring him safely to Governor Felix.”|Preserves plural animals, Paul, protective aim, office, and name.
23:25|He wrote a letter in this form:|Keeps introduction to the written document.
23:26|“Claudius Lysias, to His Excellency Governor Felix: Greetings.|Preserves both names, honorific, office, and epistolary salutation.
23:27|This man was seized by some Jewish people and was about to be killed by them. I came with the troops and rescued him when I learned that he was a Roman citizen.|Keeps seizure and lethal danger without collective blame, military rescue, and the letter's self-serving timing claim.
23:28|Wanting to know the reason they were accusing him, I brought him down before their council.|Preserves investigative aim, accusation, movement, and forum.
23:29|I found that he was accused about questions of their Law, but there was no charge against him deserving death or imprisonment.|Keeps legal-religious subject and the explicit absence of capital or custodial grounds.
23:30|When I was informed of a plot against the man, I sent him to you at once and ordered his accusers also to state their case against him before you.”|Preserves discovery, plot, immediate transfer, order, accusers, and new venue.
23:31|So the soldiers followed their orders, took Paul, and brought him by night to Antipatris.|Keeps obedience, named prisoner, nighttime movement, and destination.
23:32|The next day they let the horsemen continue with him and returned to the barracks.|Preserves timing, cavalry escort, Paul's continuation, and soldiers' return.
23:33|When the horsemen entered Caesarea, they delivered the letter to the governor and presented Paul to him.|Keeps arrival, document delivery, office, and presentation of prisoner.
23:34|After reading the letter, the governor asked which province Paul was from. Learning that he was from Cilicia,|Preserves reading, jurisdictional question, and provincial origin.
23:35|he said, “I will hear your case when your accusers arrive as well.” Then he ordered Paul to be kept under guard in Herod's headquarters.|Keeps promised hearing, condition, accusers, custody order, and named facility.
24:1|Five days later, the high priest Ananias came down with some elders and an attorney named Tertullus. They presented their case against Paul to the governor.|Preserves exact interval, name and office, elders, advocate, and accusation before governor.
24:2|When Paul was summoned, Tertullus began to accuse him, saying, “Because of you we enjoy lasting peace, and through your foresight reforms are being made for this nation.|Keeps summons, accuser, flattering claims, peace, foresight, reforms, and nation.
24:3|In every way and everywhere, Most Excellent Felix, we acknowledge this with deepest gratitude.|Preserves sweeping scope, honorific, name, acknowledgment, and thanks.
24:4|But so as not to detain you any longer, I ask you in your kindness to hear us briefly.|Keeps courtesy, brevity, request, and appeal to clemency.
24:5|We have found this man to be a plague, one who stirs up riots among Jewish people throughout the world, and a ringleader of the sect of the Nazarenes.|Preserves the hostile metaphor, accusation of worldwide unrest, population, leadership, and sect name.
24:6|He even tried to desecrate the temple, so we seized him.|Keeps alleged attempt, temple, escalation, and arrest.
24:8|By examining him yourself, you will be able to learn the truth about all these charges we bring against him.”|Preserves direct examination, governor's capacity, comprehensive accusations, and omitted verse 7.
24:9|The other Jewish leaders joined in the accusation, asserting that these things were so.|Keeps allied accusers and their claim without implicating the whole people.
24:10|When the governor motioned for him to speak, Paul answered: “Knowing that you have been a judge over this nation for many years, I gladly make my defense.|Preserves permission, office, long experience, confidence, and formal defense.
24:11|You can verify that it has been no more than twelve days since I went up to Jerusalem to worship.|Keeps verifiability, maximum number, ascent, city, and purpose.
24:12|They did not find me arguing with anyone in the temple or stirring up a crowd in the synagogues or anywhere in the city.|Preserves three venues and denials of dispute and incitement.
24:13|Nor can they prove to you the charges they are now making against me.|Keeps lack of proof, addressee, present accusations, and target.
24:14|But I admit this to you: I worship the God of our ancestors according to the Way, which they call a sect. I believe everything written in the Law and in the Prophets,|Preserves admission, ancestral God, disputed label, worship, and comprehensive scriptural belief.
24:15|and I have a hope in God—which these men themselves also await—that there will be a resurrection of both the righteous and the unrighteous.|Keeps hope's object, shared expectation, future resurrection, and both moral categories.
24:16|For this reason I always strive to maintain a clear conscience before God and people.|Preserves causal link, disciplined effort, continual conscience, and both audiences.
24:17|“After several years, I came to bring charitable gifts to my nation and to present offerings.|Keeps elapsed years, return, aid, nation, and offerings.
24:18|While I was doing this, they found me purified in the temple, without a crowd and without any disturbance.|Preserves ritual state, venue, and both denials.
24:19|But there were some Jewish people from Asia who ought to be here before you to accuse me if they had anything against me.|Keeps specific regional witnesses without collective blame, their proper presence, accusation, and condition.
24:20|Or let these men here say what wrongdoing they found when I stood before the council,|Preserves challenge to present accusers, wrongdoing, and prior forum.
24:21|unless it was this one statement I shouted while standing among them: ‘It is concerning the resurrection of the dead that I am on trial before you today.’”|Keeps sole possible issue, loud declaration, resurrection, trial, and today.
24:22|Then Felix, who was well informed about the Way, adjourned the proceedings, saying, “When Commander Lysias comes down, I will decide your case.”|Preserves Felix's knowledge, postponement, named commander, movement, and promised decision.
24:23|He ordered the centurion to keep Paul in custody but give him some freedom and not prevent any of his own people from attending to his needs.|Keeps officer, custody, leniency, Paul's associates, and service.
24:24|Several days later, Felix came with his wife Drusilla, who was Jewish. He sent for Paul and listened to him speak about faith in Christ Jesus.|Preserves interval, couple, her name and ethnicity, summons, hearing, and topic.
24:25|But as Paul reasoned about righteousness, self-control, and the coming judgment, Felix became afraid and answered, “Go away for now. When I find an opportunity, I will send for you.”|Keeps three subjects, fear, dismissal, present timing, and indefinite recall.
24:26|At the same time, he was hoping Paul would give him money. For that reason he sent for him frequently and talked with him.|Preserves corrupt expectation, Paul, causal repetition, and conversation.
24:27|After two years had passed, Porcius Festus succeeded Felix. Wanting to gain favor with the Jewish leaders, Felix left Paul imprisoned.|Keeps exact duration, both officials, succession, political motive, specific beneficiaries, and continued confinement.
25:1|Three days after Festus arrived in the province, he went up from Caesarea to Jerusalem.|Preserves interval, official, arrival, province, origin, and destination.
25:2|The chief priests and leaders of the Jewish people presented their case against Paul to him and pleaded with him,|Keeps specific authorities, accusation, named target, and appeal.
25:3|asking as a favor that he summon Paul to Jerusalem, because they were arranging an ambush to kill him along the way.|Preserves favor, transfer request, location, concealed ambush, route, and murder.
25:4|Festus answered that Paul was being held in Caesarea and that he himself would be returning there soon.|Keeps custody, location, governor's movement, and timing.
25:5|“Therefore,” he said, “let your influential men come down with me and accuse him if the man has done anything wrong.”|Preserves selected representatives, downward journey, accusation, and conditional wrongdoing.
25:6|After staying among them no more than eight or ten days, Festus went down to Caesarea. The next day he sat on the judgment seat and ordered Paul to be brought in.|Keeps alternative exact duration, route, next day, tribunal, and command.
25:7|When Paul appeared, the Jewish leaders who had come down from Jerusalem surrounded him and brought many serious charges they could not prove.|Preserves appearance, specific accusers, origin, encirclement, gravity, and lack of proof.
25:8|Paul defended himself: “I have committed no offense against the Law of the Jewish people, the temple, or Caesar.”|Keeps formal defense and all three denied offenses.
25:9|But Festus, wanting to gain favor with the Jewish leaders, asked Paul, “Are you willing to go up to Jerusalem and be tried there before me on these charges?”|Preserves political motive, specific beneficiaries, destination, trial, governor's presence, and charges.
25:10|Paul said, “I am standing before Caesar's judgment seat, where I ought to be tried. I have done no wrong to the Jewish people, as you yourself know very well.|Keeps imperial jurisdiction, obligation, innocence toward the people, and governor's knowledge.
25:11|If I am guilty of wrongdoing and have done anything deserving death, I do not refuse to die. But if there is nothing to their charges against me, no one can hand me over to them as a favor. I appeal to Caesar.”|Preserves conditional guilt, capital threshold, acceptance of death, denial, protection from political surrender, and appeal.
25:12|After Festus conferred with his council, he answered, “You have appealed to Caesar; to Caesar you will go.”|Keeps consultation, appeal repetition, and binding destination.
25:13|Several days later, King Agrippa and Bernice arrived in Caesarea to pay their respects to Festus.|Preserves interval, titles and names, destination, and formal visit.
25:14|Since they were staying there for many days, Festus presented Paul's case to the king: “There is a man Felix left here as a prisoner.|Keeps duration, case referral, king, Paul, predecessor, and confinement.
25:15|When I was in Jerusalem, the chief priests and elders of the Jewish people brought charges against him, asking for a sentence of condemnation.|Preserves location, specific authorities, accusation, and requested judgment.
25:16|I answered that it is not Roman practice to hand anyone over before the accused meets the accusers face to face and has an opportunity to answer the charge.|Keeps Roman custom, prohibition, confrontation, accusers, and right of defense.
25:17|So when they assembled here, I made no delay. The next day I sat on the judgment seat and ordered the man to be brought in.|Preserves arrival, absence of delay, next day, tribunal, and order.
25:18|When his accusers stood up, they brought none of the crimes I had expected against him.|Keeps accusers, formal stance, absence of expected charges, and Festus's perspective.
25:19|Instead, they had certain disputes with him about their own religion and about a dead man named Jesus whom Paul claimed was alive.|Preserves Festus's distancing vocabulary, disputed issues, Jesus' reported death, Paul, and life claim.
25:20|At a loss about how to investigate these matters, I asked whether he wished to go to Jerusalem and be tried there concerning them.|Keeps uncertainty, inquiry, proposed destination, consent, and trial.
25:21|But when Paul appealed to be held for the emperor's decision, I ordered him kept in custody until I could send him to Caesar.”|Preserves appeal, custody, imperial adjudication, order, and transfer.
25:22|Agrippa said to Festus, “I would like to hear the man myself.” Festus replied, “Tomorrow you will hear him.”|Keeps both speakers, desire, direct hearing, and exact timing.
25:23|So the next day Agrippa and Bernice came with great ceremony and entered the audience hall with the commanders and prominent men of the city. At Festus's command, Paul was brought in.|Preserves timing, names, display, venue, military and civic elite, command, and prisoner.
25:24|Festus said, “King Agrippa and all you men present with us, you see this man. The whole Jewish leadership has petitioned me about him, both in Jerusalem and here, shouting that he should no longer live.|Keeps formal address, male audience, prisoner, specific leadership rather than entire ethnicity, two places, and death demand.
25:25|But I found that he had done nothing deserving death. Since he himself appealed to the emperor, I decided to send him.|Preserves official finding, capital innocence, appeal, and decision.
25:26|Yet I have nothing definite to write to my lord about him. Therefore I have brought him before all of you, and especially before you, King Agrippa, so that after this examination I may have something to write.|Keeps lack of definite charge, imperial addressee, public examination, king, and documentary purpose.
25:27|For it seems unreasonable to me to send a prisoner without also indicating the charges against him.”|Preserves Festus's judgment, transfer, prisoner, and missing accusations.
26:1|Agrippa said to Paul, “You have permission to speak for yourself.” Then Paul stretched out his hand and began his defense:|Keeps permission, self-defense, gesture, and speech opening.
26:2|“King Agrippa, I consider myself fortunate that I am to make my defense before you today against all the accusations brought by Jewish leaders,|Preserves direct address, present-day defense, total charges, and specific accusers.
26:3|especially because you are well acquainted with all the Jewish customs and controversies. Therefore I beg you to listen to me patiently.|Keeps king's expertise, both customs and disputes, appeal, and patience.
26:4|“All the Jewish people know how I have lived from my youth, from the beginning among my own nation and in Jerusalem.|Preserves broad communal knowledge, lifelong conduct, youth, nation, and city.
26:5|They have known me from long ago—if they are willing to testify—that according to the strictest party of our religion, I lived as a Pharisee.|Keeps longstanding knowledge, conditional testimony, strictness, religious group, and identity.
26:6|And now I stand on trial because of my hope in the promise God made to our ancestors,|Preserves present trial, hope, divine promise, and ancestral recipients.
26:7|the promise our twelve tribes hope to attain as they earnestly serve God night and day. It is for this hope, O king, that I am accused by Jewish leaders.|Keeps twelve tribes, hope, continual devoted service, royal address, and specific accusers.
26:8|Why is it considered unbelievable among you that God raises the dead?|Preserves rhetorical question, divine agency, and resurrection.
26:9|“I myself was convinced that I ought to do many things in opposition to the name of Jesus the Nazarene.|Keeps Paul's former judgment, obligation, many hostile acts, name, and epithet.
26:10|And that is what I did in Jerusalem. With authority from the chief priests, I locked up many of the holy ones in prison, and when they were put to death, I cast my vote against them.|Preserves city, authorized imprisonment, victims' title, executions, and Paul's complicity.
26:11|I punished them often in all the synagogues and tried to force them to blaspheme. I was so furiously enraged against them that I persecuted them even in foreign cities.|Keeps repeated punishment, venues, coercion, blasphemy, extreme rage, pursuit, and foreign reach.
26:12|“On one such occasion I was traveling to Damascus with authority and a commission from the chief priests.|Preserves narrative link, destination, authorization, and commissioning authorities.
26:13|At midday on the road, O king, I saw a light from heaven brighter than the sun shining around me and those traveling with me.|Keeps time, road, royal address, heavenly source, comparison, and companions.
26:14|When we had all fallen to the ground, I heard a voice saying to me in the Hebrew language, ‘Saul, Saul, why are you persecuting me? It is hard for you to kick against the goads.’|Preserves universal fall, voice, language, doubled name, question, and proverbial image.
26:15|I said, ‘Who are you, Lord?’ The Lord answered, ‘I am Jesus, whom you are persecuting.|Keeps question, title, divine self-identification, and accusation.
26:16|But get up and stand on your feet. I have appeared to you for this purpose: to appoint you as a servant and witness both of what you have seen of me and of what I will show you.|Preserves two commands, apparition's purpose, appointment, two roles, past and future revelation.
26:17|I will rescue you from your own people and from the Gentiles—to whom I am sending you|Keeps divine protection, both populations, and commission toward Gentiles.
26:18|to open their eyes, so that they may turn from darkness to light and from the authority of Satan to God, and receive forgiveness of sins and a place among those sanctified by faith in me.’|Preserves sight purpose, two transfers, Satan and God, forgiveness, allotted share, sanctified people, and faith in Jesus.
26:19|“Therefore, King Agrippa, I was not disobedient to the heavenly vision.|Keeps inference, royal address, obedience framed negatively, and vision's origin.
26:20|Instead, I declared first to those in Damascus, then in Jerusalem and throughout all Judea, and also to the Gentiles, that they should repent and turn to God, doing deeds worthy of repentance.|Preserves sequence and scope, both populations, repentance, return, and fitting deeds.
26:21|For this reason, some Jewish leaders seized me in the temple and tried to kill me.|Keeps causal connection, specific opponents, location, arrest, and attempted killing.
26:22|But I have received help from God to this day, and so I stand here testifying to both small and great. I say nothing beyond what the Prophets and Moses said would happen:|Preserves divine help, present endurance, all social ranks, bounded testimony, prophets, Moses, and prediction.
26:23|that the Messiah would suffer and, as the first to rise from the dead, would proclaim light both to our people and to the Gentiles.”|Keeps Messiah, suffering, first resurrection, light proclamation, Israel, and Gentiles.
26:24|As Paul was making this defense, Festus said loudly, “You are out of your mind, Paul! Your great learning is driving you insane.”|Preserves legal setting, named speakers, loud interruption, accusation, and alleged cause.
26:25|But Paul said, “I am not out of my mind, Most Excellent Festus. I am speaking words of truth and sound judgment.|Keeps respectful denial, honorific, name, truth, and rationality.
26:26|The king knows about these matters, and I speak boldly to him. I am convinced that none of this has escaped his notice, for it was not done in a corner.|Preserves king's knowledge, frankness, comprehensive public knowledge, and corner idiom.
26:27|King Agrippa, do you believe the Prophets? I know that you believe.”|Keeps direct royal question, scriptural witnesses, and asserted answer.
26:28|Agrippa said to Paul, “In such a short time, are you trying to persuade me to become a Christian?”|Preserves speaker and addressee, ambiguous short-time expression as a question, persuasion, and Christian label.
26:29|Paul replied, “Whether in a short time or a long time, I pray to God that not only you but also everyone listening to me today may become as I am—except for these chains.”|Keeps time alternatives, prayer to God, king and all hearers, present day, likeness, and poignant exception.
26:30|Then the king stood up, along with the governor, Bernice, and those seated with them.|Preserves all named/status participants and joint departure gesture.
26:31|After withdrawing, they said to one another, “This man is doing nothing deserving death or imprisonment.”|Keeps private consultation and explicit legal conclusion.
26:32|Agrippa said to Festus, “This man could have been released if he had not appealed to Caesar.”|Preserves both officials, possible release, condition, and imperial appeal.
27:1|When it was decided that we would sail for Italy, Paul and some other prisoners were handed over to a centurion named Julius of the Imperial Cohort.|Preserves decision, first-person voyage, destination, prisoners, officer, name, and unit.
27:2|We boarded a ship from Adramyttium that was about to sail to ports along the coast of Asia, and we put out to sea. Aristarchus, a Macedonian from Thessalonica, was with us.|Keeps ship's origin, intended route, departure, companion's name, region, and city.
27:3|The next day we put in at Sidon. Julius treated Paul kindly and allowed him to visit his friends and receive their care.|Preserves timing, port, centurion's name, humane treatment, permission, friends, and care.
27:4|From there we put out to sea and sailed under the shelter of Cyprus because the winds were against us.|Keeps departure, island, sheltered route, and adverse winds.
27:5|After sailing across the open sea off Cilicia and Pamphylia, we came to Myra in Lycia.|Preserves maritime route and all three geographic names.
27:6|There the centurion found an Alexandrian ship sailing for Italy and put us aboard it.|Keeps officer, ship's origin and destination, discovery, and transfer.
27:7|We sailed slowly for many days and with difficulty came near Cnidus. Since the wind would not allow us to continue directly, we sailed under the shelter of Crete near Salmone.|Preserves slow duration, difficulty, locations, wind's hindrance, and protected route.
27:8|Coasting along it with difficulty, we came to a place called Fair Havens, near the city of Lasea.|Keeps arduous coastal movement and both place names.
27:9|A great deal of time had passed, and sailing had already become dangerous because even the Fast was now over. So Paul warned them,|Preserves elapsed time, nautical danger, Jewish calendar marker, and warning.
27:10|“Men, I can see that this voyage is going to bring disaster and great loss, not only to the cargo and ship but also to our lives.”|Keeps male address, Paul's assessment, disaster, and all three endangered objects.
27:11|But the centurion was persuaded more by the pilot and the shipowner than by what Paul said.|Preserves officer, competing authorities, comparison, and rejection of Paul's advice.
27:12|Since the harbor was unsuitable for wintering, the majority decided to sail on from there, hoping somehow to reach Phoenix, a harbor of Crete facing southwest and northwest, and spend the winter there.|Keeps harbor problem, majority decision, tentative hope, named destination, orientation, and wintering.
27:13|When a gentle south wind began to blow, they thought they had secured their purpose. They weighed anchor and sailed close along the coast of Crete.|Preserves wind, mistaken confidence, anchor action, and coastal route.
27:14|But before long a hurricane-force wind called the Northeaster swept down from the island.|Keeps sudden reversal, violent wind, name, direction, and island.
27:15|The ship was caught and could not face into the wind, so we gave way to it and were driven along.|Preserves ship's helplessness, wind, surrender, and involuntary movement.
27:16|Running under the shelter of a small island called Cauda, we barely managed to get the ship's boat under control.|Keeps protected route, island name, difficulty, and dinghy.
27:17|After hoisting it aboard, the sailors used cables to brace the ship. Fearing they would run aground on the Syrtis, they lowered the sea anchor and let the ship be driven along.|Preserves boat recovery, undergirding, named shoals, fear, gear, and drifting.
27:18|Because the storm was battering us so violently, the next day they began throwing the cargo overboard.|Keeps severe storm, first-person danger, timing, and jettisoned cargo.
27:19|On the third day, they threw the ship's gear overboard with their own hands.|Preserves exact day, human agency, equipment, and disposal.
27:20|When neither sun nor stars appeared for many days and a severe storm continued to rage, all hope that we would be saved was finally taken away.|Keeps navigational darkness, long duration, storm, first-person group, and total loss of hope.
27:21|After they had gone a long time without food, Paul stood among them and said, “Men, you should have listened to me and not sailed from Crete; then you would have avoided this disaster and loss.|Preserves fasting, Paul's position, male address, retrospective warning, origin, and losses.
27:22|But now I urge you to take courage, because not one of you will lose your life—only the ship will be lost.|Keeps present exhortation, courage, universal survival, and ship's loss.
27:23|For last night an angel of the God to whom I belong and whom I serve stood beside me|Preserves timing, angel, God's ownership, Paul's worship, and presence.
27:24|and said, ‘Do not be afraid, Paul. You must stand before Caesar, and look: God has graciously given you everyone sailing with you.’|Keeps reassurance, name, necessity of imperial hearing, divine grace, and preservation of all aboard.
27:25|So take courage, men! For I trust God that it will happen exactly as I have been told.|Preserves repeated command, male address, faith in God, and confidence in message.
27:26|But we must run aground on some island.”|Keeps adversative necessity and unspecified island.
27:27|On the fourteenth night, as we were being driven across the Adriatic Sea, around midnight the sailors sensed that land was drawing near.|Preserves exact night, involuntary drift, sea name, time, sailors, and inference.
27:28|They took soundings and found the depth was twenty fathoms. A little farther on they took soundings again and found it was fifteen fathoms.|Keeps repeated nautical measurement, sequence, and both exact depths.
27:29|Fearing we might run aground on rocks, they dropped four anchors from the stern and prayed for daylight.|Preserves danger, first-person group, exact anchors, stern, and longing prayer.
27:30|The sailors tried to escape from the ship and lowered the boat into the sea, pretending they intended to lay out anchors from the bow.|Keeps escape attempt, dinghy action, deceit, and feigned task.
27:31|Paul said to the centurion and soldiers, “Unless these men remain in the ship, you cannot be saved.”|Preserves addressees, necessary condition, remaining sailors, and survival.
27:32|Then the soldiers cut the ropes of the boat and let it fall away.|Keeps military response, cutting, ropes, boat, and release.
27:33|Until day was about to dawn, Paul urged everyone to eat, saying, “Today is the fourteenth day you have kept watch and gone without food, taking nothing.|Preserves dawn, universal appeal, exact duration, vigilance, and fasting.
27:34|Therefore I urge you to eat, for this is necessary for your survival. Not a hair from any of your heads will be lost.”|Keeps exhortation, survival purpose, and proverbial total protection.
27:35|After saying this, Paul took bread, gave thanks to God in front of them all, broke it, and began to eat.|Preserves sequence, bread, public thanksgiving, breaking, and eating.
27:36|Then everyone took courage and ate some food themselves.|Keeps universal renewed courage and eating.
27:37|There were 276 people in all on the ship.|Preserves the exact total and human count.
27:38|When they had eaten enough, they lightened the ship by throwing the grain into the sea.|Keeps satiety, purpose, ship, grain, and sea.
27:39|When daylight came, they did not recognize the land, but they noticed a bay with a beach and planned to run the ship ashore there if they could.|Preserves morning, unknown land, observed geography, tentative plan, and conditional ability.
27:40|They cut away the anchors and left them in the sea, at the same time loosening the ropes that held the rudders. Then they raised the foresail to the wind and headed for the beach.|Keeps anchors, sea, simultaneous rudder release, sail, wind, and direction.
27:41|But they struck a sandbar between two seas and ran the ship aground. The bow stuck fast and remained immovable, while the stern began to break apart under the pounding waves.|Preserves shoal, two-water location, grounding, fixed bow, disintegrating stern, and force.
27:42|The soldiers planned to kill the prisoners so that none could swim away and escape.|Keeps lethal military plan, prisoners, and preventive motive.
27:43|But the centurion, wanting to save Paul, prevented them from carrying out their plan. He ordered those who could swim to jump overboard first and make for land,|Preserves officer's motive, Paul, prevention, orders, swimmers, sequence, and shore.
27:44|and the rest to follow, some on planks and others on pieces of the ship. In this way everyone reached land safely.|Keeps remaining people's means and the universal rescue outcome.
28:1|Once we had reached safety, we learned that the island was called Malta.|Preserves completed rescue, discovery, island, and name.
28:2|The local people showed us extraordinary kindness. Because of the rain and cold, they kindled a fire and welcomed all of us.|Renders the Greek outsider label neutrally while keeping exceptional kindness, weather, fire, and universal welcome.
28:3|Paul gathered a bundle of brushwood and put it on the fire. A viper, driven out by the heat, fastened onto his hand.|Keeps Paul's labor, fuel, fire, snake species, heat, and bodily attachment.
28:4|When the local people saw the creature hanging from his hand, they said to one another, “This man must be a murderer. Though he escaped from the sea, Justice has not allowed him to live.”|Keeps observation, accusation, sea rescue, personified Justice, and death expectation.
28:5|But Paul shook the creature off into the fire and suffered no harm.|Preserves response, fire, and absence of injury.
28:6|They expected him to swell up or suddenly fall down dead. But after waiting a long time and seeing nothing unusual happen to him, they changed their minds and began saying he was a god.|Keeps both expected outcomes, delay, observation, reversal, and divine misidentification.
28:7|Near that place were lands belonging to the island's leading man, whose name was Publius. He welcomed us and showed us hospitality for three days.|Preserves nearby estate, rank, name, reception, and exact duration.
28:8|Publius's father was lying sick with fever and dysentery. Paul went in to him, prayed, laid his hands on him, and healed him.|Keeps relationship, both ailments, Paul's movement, prayer, touch, and healing.
28:9|After this happened, the rest of the sick people on the island also came and were healed.|Preserves sequence, remaining island sufferers, arrival, and healing.
28:10|They honored us in many ways, and when we were preparing to sail, they supplied everything we needed.|Keeps repeated honor, first-person group, departure, provision, and needs.
28:11|After three months, we set sail on an Alexandrian ship that had wintered at the island and bore the Twin Gods as its figurehead.|Preserves exact interval, ship's origin, wintering, island, and pagan emblem.
28:12|We put in at Syracuse and stayed there three days.|Keeps port and exact duration.
28:13|From there we weighed anchor and came to Rhegium. A day later a south wind sprang up, and on the second day we came to Puteoli.|Preserves departure, both destinations, wind, and day sequence.
28:14|There we found brothers and sisters who invited us to stay with them for seven days. And in this way we came to Rome.|Keeps inclusive community, invitation, exact duration, and arrival in Rome.
28:15|The brothers and sisters there heard about us and came as far as the Forum of Appius and Three Taverns to meet us. When Paul saw them, he thanked God and took courage.|Preserves inclusive believers, news, both places, welcome, sight, thanksgiving, and courage.
28:16|When we entered Rome, Paul was allowed to live by himself with the soldier guarding him.|Keeps first-person arrival, city, permission, private lodging, and military guard.
28:17|Three days later, Paul called together the local leaders of the Jewish community. When they assembled, he said, “Brothers, though I had done nothing against our people or our ancestral customs, I was handed over as a prisoner from Jerusalem into the hands of the Romans.|Preserves interval, specific leaders, male kinship address, two denials, prisoner status, origin, and Roman custody.
28:18|After examining me, they wanted to release me because there was no basis for a death sentence against me.|Keeps Roman inquiry, intended release, and absence of capital cause.
28:19|But when the Jewish leaders objected, I was compelled to appeal to Caesar—not that I had any accusation to bring against my nation.|Preserves specific opposition, necessity, imperial appeal, and refusal to accuse his people.
28:20|For this reason I asked to see you and speak with you, because it is for the hope of Israel that I am wearing this chain.”|Keeps cause, meeting request, conversation, Israel's hope, and literal restraint.
28:21|They said to him, “We have received no letters from Judea about you, and none of the brothers arriving here has reported or spoken anything evil about you.|Preserves reply, no written or oral report, origin, community messengers, and no adverse claim.
28:22|But we want to hear from you what you think, for we know that people everywhere speak against this sect.”|Keeps desire for firsthand hearing, viewpoint, common knowledge, geographic breadth, and opposition.
28:23|They set a day to meet with Paul, and even more people came to his lodging. From morning until evening he explained the kingdom of God, solemnly testifying and trying to persuade them about Jesus from both the Law of Moses and the Prophets.|Preserves appointed day, larger attendance, lodging, full duration, kingdom, testimony, persuasion, Jesus, and both scriptural divisions.
28:24|Some were persuaded by what he said, but others refused to believe.|Keeps divided response and contrast.
28:25|They disagreed with one another and began to leave after Paul made this one statement: “The Holy Spirit rightly spoke through the prophet Isaiah to your ancestors,|Preserves disagreement, departure, single concluding word, Spirit, prophetic mediation, name, and ancestors.
28:26|saying, ‘Go to this people and say: You will indeed hear but never understand; you will indeed look but never perceive.|Keeps divine command, people, emphatic repeated hearing and seeing, and failed comprehension.
28:27|For this people's heart has grown dull; they hear with difficulty, and they have closed their eyes. Otherwise they might see with their eyes, hear with their ears, understand with their heart, turn back, and I would heal them.’|Preserves heart, ears, eyes, self-closure, potential perception, return, and divine healing.
28:28|Therefore let it be known to you that this salvation from God has been sent to the Gentiles, and they will listen.”|Keeps inference, formal disclosure, divine salvation, Gentile recipients, and confident hearing.
28:30|Paul stayed for two full years in his own rented lodging and welcomed everyone who came to him.|Preserves the omission of verse 29, exact duration, rented home, and unrestricted welcome.
28:31|He proclaimed the kingdom of God and taught about the Lord Jesus Christ with complete boldness and without hindrance.|Keeps the two ministries and subjects, full boldness, and emphatic final freedom.
