1:1|The record of the origins of Jesus the Messiah, son of David, son of Abraham.|Keeps genesis/origins broader than a mere name list and preserves the two defining ancestral titles.
1:2|Abraham fathered Isaac; Isaac fathered Jacob; Jacob fathered Judah and his brothers.|Retains the repeated begetting pattern and Judah’s brothers.
1:3|Judah fathered Perez and Zerah by Tamar; Perez fathered Hezron; Hezron fathered Ram.|Preserves both twins, mother, and exact sequence.
1:4|Ram fathered Amminadab; Amminadab fathered Nahshon; Nahshon fathered Salmon.|Keeps the three linked generations in the same cadence.
1:5|Salmon fathered Boaz by Rahab; Boaz fathered Obed by Ruth; Obed fathered Jesse.|Retains both named women and every relationship.
1:6|Jesse fathered David the king. David fathered Solomon by Uriah’s wife.|Keeps king attached to David and the deliberate identification through Uriah rather than supplying Bathsheba.
1:7|Solomon fathered Rehoboam; Rehoboam fathered Abijah; Abijah fathered Asaph.|Follows pinned Asaph rather than harmonizing to Asa.
1:8|Asaph fathered Jehoshaphat; Jehoshaphat fathered Joram; Joram fathered Uzziah.|Retains the source’s compressed genealogy without inserting omitted kings.
1:9|Uzziah fathered Jotham; Jotham fathered Ahaz; Ahaz fathered Hezekiah.|Preserves the three royal links and established names.
1:10|Hezekiah fathered Manasseh; Manasseh fathered Amos; Amos fathered Josiah.|Follows pinned Amos rather than harmonizing to Amon.
1:11|Josiah fathered Jeconiah and his brothers at the time of the deportation to Babylon.|Keeps the deportation hinge and the source’s brothers.
1:12|After the deportation to Babylon, Jeconiah fathered Shealtiel; Shealtiel fathered Zerubbabel.|Retains the repeated historical hinge before the next generation group.
1:13|Zerubbabel fathered Abiud; Abiud fathered Eliakim; Eliakim fathered Azor.|Preserves all three otherwise unexplained links.
1:14|Azor fathered Zadok; Zadok fathered Achim; Achim fathered Eliud.|Maintains the genealogy’s deliberately repeated cadence.
1:15|Eliud fathered Eleazar; Eleazar fathered Matthan; Matthan fathered Jacob.|Retains the exact final three links before Joseph.
1:16|Jacob fathered Joseph, Mary’s husband. From her was born Jesus, who is called the Messiah.|Makes the feminine from-whom referent explicit and preserves the switch to passive birth.
1:17|So there were fourteen generations from Abraham to David, fourteen from David to the deportation to Babylon, and fourteen from the deportation to Babylon to the Messiah.|Retains all three fourteens and historical boundaries without repairing the literary count.
1:18|This is how the birth of Jesus the Messiah came about. His mother Mary was pledged in marriage to Joseph, but before they came together she was found to be pregnant through the Holy Spirit.|Preserves binding betrothal, prior-to-union timing, and divine agency.
1:19|Her husband Joseph was righteous and did not want to expose her to public disgrace, so he decided to divorce her quietly.|Keeps righteousness alongside restraint and renders the legal separation clearly.
1:20|While he was considering this, an angel of the Lord appeared to him in a dream. “Joseph, son of David,” he said, “do not be afraid to take Mary as your wife. The child conceived in her is from the Holy Spirit.|Keeps Davidic address, dream, and conception’s source.
1:21|She will bear a son, and you must name him Jesus, because he will save his people from their sins.”|Preserves Joseph’s naming responsibility and salvation from sins, with name-wordplay noted.
1:22|All this happened to fulfill what the Lord had spoken through the prophet:|Retains the first fulfillment formula and both divine and prophetic agency.
1:23|“Look, the virgin will conceive and bear a son,\nand they will name him Emmanuel,”\nwhich means “God with us.”|Follows Matthew’s Greek virgin and plural they-will-name, preserving the text’s own translation.
1:24|When Joseph woke, he did what the angel of the Lord had commanded and took his wife home.|Keeps waking, obedience, and receiving Mary as linked actions.
1:25|But he did not have sexual relations with her until she bore a son. He named him Jesus.|Makes knew explicit while leaving what follows until unstated and retaining the pinned absence of firstborn.
2:1|After Jesus was born in Bethlehem of Judea, during King Herod’s reign, magi from the east arrived in Jerusalem.|Retains magi without adding kings, number, or names.
2:2|“Where is the one born king of the Jews?” they asked. “We saw his star at its rising and have come to bow before him.”|Keeps born king and the rising/east ambiguity in a note; bowing does not predetermine the visitors’ theology.
2:3|When King Herod heard this, he was alarmed, and all Jerusalem with him.|Preserves the city’s shared disturbance without inventing its motive.
2:4|He gathered all the people’s chief priests and scribes and asked them where the Messiah was to be born.|Keeps both named groups and the expected birth-location question.
2:5|“In Bethlehem of Judea,” they told him, “for this is what was written through the prophet:|Retains the quoted scriptural basis and regional identification.
2:6|‘And you, Bethlehem in Judah’s land,\nare by no means least among Judah’s rulers,\nfor from you will come a ruler\nwho will shepherd my people Israel.’”|Follows Matthew’s quotation rather than harmonizing its wording to Micah’s Hebrew.
2:7|Then Herod secretly summoned the magi and determined from them exactly when the star had appeared.|Preserves secrecy and precise chronological inquiry.
2:8|He sent them to Bethlehem, saying, “Go and search carefully for the child. When you find him, report back to me, so I too can go and bow before him.”|Keeps Herod’s professed purpose in his own speech without endorsing it.
2:9|After hearing the king, they went on their way. The star they had seen at its rising went ahead of them until it stopped over the place where the child was.|Retains the star’s narrative movement without substituting an astronomical explanation.
2:10|When they saw the star, they were overwhelmed with joy.|Carries the piled-up Greek intensification into natural English.
2:11|They entered the house and saw the child with Mary his mother. They fell down and bowed before him. Then they opened their treasure chests and offered him gifts: gold, frankincense, and myrrh.|Preserves house, mother, bodily homage, and all three gifts.
2:12|Warned in a dream not to return to Herod, they went home by another route.|Retains dream warning and changed route without supplying the warning’s speaker.
2:13|After they left, an angel of the Lord appeared to Joseph in a dream. “Get up,” he said. “Take the child and his mother and flee to Egypt. Stay there until I tell you, because Herod is about to search for the child to kill him.”|Keeps flight, destination, waiting condition, and explicit threatened killing.
2:14|Joseph got up, took the child and his mother during the night, and left for Egypt.|Preserves the urgent nighttime response and repeated child/mother wording.
2:15|He stayed there until Herod’s death. This fulfilled what the Lord had spoken through the prophet: “Out of Egypt I called my son.”|Retains fulfillment and the quotation without rewriting Hosea’s earlier context.
2:16|When Herod realized the magi had outwitted him, he became furious. He sent men to kill all the boys in Bethlehem and the surrounding district who were two years old or younger, according to the time he had learned from the magi.|Preserves deliberate killing, male children, age boundary, location, and the timing link.
2:17|Then what had been spoken through Jeremiah the prophet was fulfilled:|Keeps named prophetic attribution.
2:18|“A voice was heard in Ramah,\nweeping and great mourning—\nRachel weeping for her children,\nrefusing to be comforted,\nbecause they are no more.”|Preserves maternal grief and refusal of comfort without adding closure.
2:19|After Herod died, an angel of the Lord appeared in a dream to Joseph in Egypt.|Keeps both death transition and dream location.
2:20|“Get up,” he said. “Take the child and his mother and go to the land of Israel, because those who sought the child’s life are dead.”|Retains the source’s plural those despite the immediate singular Herod reference.
2:21|Joseph got up, took the child and his mother, and entered the land of Israel.|Preserves the obedient repetition of the command.
2:22|But when he heard that Archelaus ruled Judea in place of his father Herod, he was afraid to go there. Warned in a dream, he withdrew to the region of Galilee.|Keeps named succession, fear, and the second relocation warning.
2:23|He settled in a town called Nazareth, fulfilling what was spoken through the prophets: “He will be called a Nazarene.”|Preserves plural prophets and the unassigned quotation rather than inventing a single source.
3:1|In those days John the Baptist appeared in the Judean wilderness, proclaiming,|Keeps wilderness, title, and the announcement’s narrative arrival.
3:2|“Repent, for the kingdom of heaven has drawn near!”|Retains repentance and the kingdom’s nearness as a recurring formula.
3:3|This is the one spoken of through Isaiah the prophet:\n“A voice cries out in the wilderness:\n‘Prepare the Lord’s way;\nmake his paths straight.’”|Keeps the quotation’s voice, wilderness, and road-preparation imagery.
3:4|John wore clothing made of camel’s hair and a leather belt around his waist. His food was locusts and wild honey.|Retains all concrete clothing and food details without modern substitutes.
3:5|People from Jerusalem, all Judea, and the whole Jordan region went out to him.|Makes the geographical collective subjects natural while retaining their broad scope.
3:6|They confessed their sins and were baptized by him in the Jordan River.|Keeps confession and baptism together without asserting a technical order beyond narrative flow.
3:7|When he saw many Pharisees and Sadducees coming to his baptism, he said, “You brood of vipers! Who warned you to flee the coming wrath?|Preserves the named groups, biting insult, and question about warning.
3:8|Produce fruit worthy of repentance.|Retains the fruit image and repentance connection.
3:9|Do not think you can say to yourselves, ‘We have Abraham as our father.’ I tell you, God can raise up children for Abraham from these stones.|Keeps ancestral claim and stones/children reversal without adding a doctrine of replacement.
3:10|The ax is already lying at the trees’ root. Every tree that fails to produce good fruit is cut down and thrown into the fire.|Preserves already, root, and the repeated fruit judgment.
3:11|I baptize you in water for repentance. But the one coming after me is stronger than I am; I am not worthy even to carry his sandals. He will baptize you in the Holy Spirit and fire.|Keeps water/Spirit/fire and carrying sandals rather than harmonizing to untying them.
3:12|His winnowing fork is in his hand. He will clear his threshing floor and gather his wheat into the storehouse, but burn the chaff with fire that cannot be put out.”|Retains each agricultural implement/action and the fire’s unquenchability.
3:13|Then Jesus came from Galilee to John at the Jordan to be baptized by him.|Keeps Jesus’ stated purpose and locations.
3:14|John tried to stop him. “I need to be baptized by you,” he said, “and you come to me?”|Retains John’s attempted resistance and surprised question.
3:15|Jesus answered, “Allow it for now. This is how it is fitting for us to fulfill all righteousness.” Then John allowed him.|Preserves now, us, righteousness, and the repeated allowing without overexplaining the theology.
3:16|After Jesus was baptized, he immediately came up from the water. The heavens opened, and he saw God’s Spirit descending like a dove and coming upon him.|Keeps the visual subject he and the dove comparison rather than declaring a literal bird.
3:17|A voice from heaven said, “This is my beloved Son; in him I delight.”|Preserves third-person public declaration and divine delight.
4:1|Then the Spirit led Jesus into the wilderness to be tested by the devil.|Keeps the Spirit’s leading and the devil’s testing as distinct roles.
4:2|He fasted for forty days and forty nights, and afterward he was hungry.|Retains both forty periods and the bodily hunger.
4:3|The tempter approached him and said, “If you are God’s Son, tell these stones to become loaves of bread.”|Preserves conditional challenge and plural stones/loaves.
4:4|Jesus answered, “It is written, ‘A human being does not live by bread alone, but by every word that comes from God’s mouth.’”|Keeps the scriptural answer and mouth image with inclusive human referent.
4:5|Then the devil took him into the holy city and placed him on the temple’s high edge.|Retains holy city and the uncertain architectural edge without inventing a precise height.
4:6|“If you are God’s Son,” he said, “throw yourself down. For it is written:\n‘He will command his angels concerning you,’\nand,\n‘They will lift you on their hands,\nso your foot will not strike a stone.’”|Preserves the devil’s scriptural citation and both quoted clauses.
4:7|Jesus told him, “It is also written, ‘Do not put the Lord your God to the test.’”|Retains the balancing scriptural reply and test verb.
4:8|Again the devil took him, this time to a very high mountain, and showed him all the world’s kingdoms and their glory.|Keeps the comprehensive kingdoms/glory offer and mountain setting.
4:9|“I will give you all of this,” he said, “if you fall down and worship me.”|Retains the explicit exchange condition and bodily submission.
4:10|Jesus said, “Go away, Satan! For it is written, ‘Worship the Lord your God and serve him alone.’”|Keeps Satan’s name, both worship/service verbs, and exclusive alone.
4:11|Then the devil left him, and angels came and attended to him.|Retains departure followed by angelic service.
4:12|When Jesus heard that John had been handed over, he withdrew to Galilee.|Preserves handed-over wording that recurs in the Gospel, with arrest context in a note.
4:13|He left Nazareth and settled in Capernaum beside the sea, in the territory of Zebulun and Naphtali.|Keeps settlement, shoreline, and both tribal names.
4:14|This fulfilled what was spoken through Isaiah the prophet:|Retains the named fulfillment introduction.
4:15|“Land of Zebulun and land of Naphtali,\nthe road by the sea, beyond the Jordan,\nGalilee of the nations—|Keeps every geographical element and nations rather than silently interpreting the population.
4:16|the people sitting in darkness have seen a great light;\nfor those sitting in the land and shadow of death,\nlight has dawned.”|Preserves sitting repeated and light/darkness/death imagery.
4:17|From then on Jesus began to proclaim, “Repent, for the kingdom of heaven has drawn near!”|Repeats John’s proclamation exactly to preserve narrative continuity.
4:18|Walking beside the Sea of Galilee, he saw two brothers, Simon called Peter and his brother Andrew, casting a net into the sea, for they were fishermen.|Retains both names, kinship, and fishing action.
4:19|“Come after me,” he said, “and I will make you fishers of people.”|Preserves the fishing metaphor and inclusive object without replacing it with recruitment explanation.
4:20|At once they left their nets and followed him.|Keeps immediate response and concrete abandoned equipment.
4:21|Going farther, he saw two more brothers, James son of Zebedee and his brother John. They were in the boat with their father Zebedee, mending their nets. He called them,|Retains the full family scene and net-mending work.
4:22|and at once they left the boat and their father and followed him.|Keeps both things left and the repeated immediate following.
4:23|He traveled throughout Galilee, teaching in their synagogues, proclaiming the good news of the kingdom, and healing every disease and illness among the people.|Retains teaching/proclamation/healing as three distinct activities.
4:24|Word about him spread throughout Syria. People brought him everyone suffering from various diseases and severe pain, those afflicted by demons, those with seizures, and those who were paralyzed. He healed them.|Preserves the distinct afflictions without conflating seizures with demonic possession.
4:25|Large crowds followed him from Galilee, the Decapolis, Jerusalem, Judea, and beyond the Jordan.|Keeps all five places and the broad following.
5:1|When Jesus saw the crowds, he went up the mountain and sat down. His disciples came to him,|Keeps setting, teaching posture, and distinct disciples within the crowd scene.
5:2|and he began to teach them:|Renders opened-his-mouth as the beginning of formal speech.
5:3|“Blessed are the poor in spirit,\nfor the kingdom of heaven is theirs.|Retains the qualification in spirit and present possession rather than paraphrasing the blessing.
5:4|Blessed are those who mourn,\nfor they will be comforted.|Keeps mourning broad and the passive future comfort.
5:5|Blessed are the gentle,\nfor they will inherit the earth.|Renders praus as gentle with meekness noted, retaining inheritance and earth/land range.
5:6|Blessed are those who hunger and thirst for righteousness,\nfor they will be filled.|Preserves both bodily desires and righteousness as a recurring term.
5:7|Blessed are the merciful,\nfor they will receive mercy.|Keeps the mercy reciprocity with clear passive sense.
5:8|Blessed are the pure in heart,\nfor they will see God.|Retains heart and seeing without adding an explanation of purity.
5:9|Blessed are the peacemakers,\nfor they will be called God’s children.|Uses children for the inclusive human group while retaining the divine-family image.
5:10|Blessed are those persecuted for righteousness,\nfor the kingdom of heaven is theirs.|Matches the opening kingdom promise and retains persecution’s stated cause.
5:11|You are blessed when people insult you, persecute you, and falsely say every kind of evil against you because of me.|Keeps the shift to direct address, falsity, and because-of-me qualification.
5:12|Rejoice and celebrate, because your reward in heaven is great. That is how they persecuted the prophets before you.|Retains both joy commands and the prophetic continuity.
5:13|You are the salt of the earth. But if salt loses its saltiness, how can it be made salty again? It is good for nothing except to be thrown outside and trampled underfoot.|Keeps the riddle and concrete fate without replacing salt with its supposed function.
5:14|You are the light of the world. A city set on a mountain cannot be hidden.|Retains both light and elevated-city images.
5:15|No one lights a lamp and puts it under a grain basket. They put it on a lampstand, where it shines for everyone in the house.|Preserves the household objects and universal household benefit.
5:16|In the same way, let your light shine before people, so they may see your good works and glorify your Father in heaven.|Keeps the purpose directed to the Father rather than personal recognition.
5:17|Do not think I came to abolish the Law or the Prophets. I came to fulfill them, not to abolish them.|Retains both scriptural divisions and repeated abolish/fulfill contrast.
5:18|Truly I tell you: until heaven and earth pass away, not one smallest letter or pen stroke will pass from the Law until everything happens.|Preserves both until clauses and the exactness image without specifying what everything must mean.
5:19|So whoever sets aside even one of these least commandments and teaches others to do the same will be called least in the kingdom of heaven. But whoever practices and teaches them will be called great in the kingdom of heaven.|Retains least/great and doing/teaching parallels.
5:20|For I tell you, unless your righteousness exceeds that of the scribes and Pharisees, you will certainly not enter the kingdom of heaven.|Keeps the strong negative and righteousness comparison without caricaturing the named groups.
5:21|You have heard that it was said to those of old, ‘Do not murder,’ and, ‘Whoever murders will answer to the court.’|Preserves address to earlier people and both quoted clauses.
5:22|But I tell you: anyone angry with a brother or sister will answer to the court. Whoever calls a brother or sister ‘Raca’ will answer to the council, and whoever says ‘Fool!’ will answer to fiery Gehenna.|Follows the pinned absence of without-cause, retains Raca/Gehenna with vocabulary support, and keeps the escalating judgments.
5:23|So if you are bringing your gift to the altar and remember there that a brother or sister has something against you,|Keeps the grievance as held by the other person and leaves the condition open.
5:24|leave your gift there before the altar. First go and be reconciled with that person; then come and offer your gift.|Preserves the order of reconciliation before offering.
5:25|Come to terms with your accuser quickly while you are on the way together. Otherwise your accuser may hand you to the judge, the judge to the officer, and you will be thrown into prison.|Keeps the legal progression and urgency of action on the way.
5:26|Truly I tell you: you will not get out until you have paid the last quadrans.|Retains the smallest-debt image and ancient coin with vocabulary help.
5:27|You have heard that it was said, ‘Do not commit adultery.’|Retains the quotation without a later textual expansion.
5:28|But I tell you: anyone who looks at a woman in order to desire her has already committed adultery with her in his heart.|Keeps purposeful looking, specific male/woman relationship, and inner adultery; does not turn all noticing into the claim.
5:29|If your right eye causes you to stumble, tear it out and throw it away. It is better to lose one part of your body than for your whole body to be thrown into Gehenna.|Preserves disturbing hyperbole, right eye, and part/whole contrast, with literary form noted.
5:30|And if your right hand causes you to stumble, cut it off and throw it away. It is better to lose one part of your body than for your whole body to go into Gehenna.|Keeps the repeated hand version and source’s slightly different final verb.
5:31|It was also said, ‘Whoever divorces his wife must give her a certificate of divorce.’|Preserves the gendered legal setting and written certificate.
5:32|But I tell you: anyone who divorces his wife, except on grounds of sexual immorality, causes her to be involved in adultery, and anyone who marries a divorced woman commits adultery.|Retains exception, causative responsibility, and passive involvement, with porneia and syntax explained briefly rather than used as pastoral advice.
5:33|Again, you have heard that it was said to those of old, ‘Do not swear falsely, but fulfill your oaths to the Lord.’|Keeps both prohibitory and positive oath obligations.
5:34|But I tell you not to swear at all: neither by heaven, because it is God’s throne,|Retains comprehensive prohibition and first supporting image.
5:35|nor by earth, because it is his footstool, nor by Jerusalem, because it is the city of the great King.|Preserves both further referents and reasons.
5:36|Do not swear by your own head either, because you cannot make a single hair white or black.|Keeps the bodily example and exact single-hair limit.
5:37|Let your words be ‘Yes, yes’ or ‘No, no.’ Anything beyond this comes from evil.|Preserves repeated yes/no and leaves evil/evil-one ambiguity noted.
5:38|You have heard that it was said, ‘An eye for an eye and a tooth for a tooth.’|Retains the familiar legal formula rather than changing it for novelty.
5:39|But I tell you not to resist the wrongdoer. If someone strikes your right cheek, turn the other to him too.|Keeps the force of nonresistance and specific right cheek without inserting an interpretive limit.
5:40|If someone wants to sue you for your tunic, let him have your cloak as well.|Preserves legal setting and distinct inner/outer garments.
5:41|If someone forces you to go one mile, go two with him.|Keeps coercion and exact one/two contrast.
5:42|Give to the one who asks you, and do not turn away someone who wants to borrow from you.|Retains separate giving and lending commands.
5:43|You have heard that it was said, ‘Love your neighbor and hate your enemy.’|Keeps the cited saying without falsely assigning the entire phrase to Torah in a note.
5:44|But I tell you: love your enemies and pray for those who persecute you,|Follows the shorter pinned text and keeps both enemy-love and prayer.
5:45|so you may be children of your Father in heaven. He makes his sun rise on the evil and the good, and sends rain on the righteous and the unrighteous.|Preserves divine-family purpose and both weather gifts across moral contrasts.
5:46|If you love those who love you, what reward do you have? Do not even tax collectors do the same?|Keeps the rhetorical question and named comparison group.
5:47|And if you greet only your own brothers and sisters, what more are you doing? Do not even Gentiles do the same?|Preserves greeting, exclusive circle, and nations without importing a new insult. Renders ethnikoí as Gentiles, identifying non-Jewish people rather than political nations.
5:48|So be complete, as your heavenly Father is complete.|Keeps the telos/wholeness force in context, with perfect as a lexical alternative noted.
6:1|Be careful not to practice your righteousness before people in order to be seen by them. Otherwise you have no reward from your Father in heaven.|Follows pinned righteousness and preserves the motive qualification linking the examples.
6:2|So when you give to the poor, do not sound a trumpet ahead of you, as hypocrites do in synagogues and streets to win people’s praise. Truly I tell you: they have received their reward in full.|Keeps almsgiving concrete, the trumpet image, and full-payment refrain.
6:3|But when you give to the poor, do not let your left hand know what your right hand is doing,|Preserves the impossible secrecy image rather than converting it to advice about bookkeeping.
6:4|so your giving may be in secret. Your Father, who sees in secret, will repay you.|Keeps the secret/seeing contrast and no added openly.
6:5|When you pray, do not be like the hypocrites. They love to stand praying in synagogues and on street corners so people will see them. Truly I tell you: they have received their reward in full.|Retains visibility motive and repeats the reward refrain exactly.
6:6|But when you pray, go into your inner room, shut the door, and pray to your Father who is in secret. Your Father, who sees in secret, will repay you.|Preserves private-room sequence and repeated secret language.
6:7|When you pray, do not babble like Gentiles. They think they will be heard because of their many words.|Keeps the critique of speech and presumed efficacy without treating all repeated prayer as condemned. Renders ethnikoí as Gentiles, identifying non-Jewish people rather than political nations.
6:8|Do not be like them. Your Father knows what you need before you ask him.|Retains divine knowledge before asking without deleting the call to prayer.
6:9|Pray like this:\n‘Our Father in heaven,\nmay your name be held holy.|Keeps plural our and passive sanctification as a petition.
6:10|May your kingdom come.\nMay your will be done\non earth as in heaven.|Preserves three parallel petitions and earthly realization.
6:11|Give us today the bread we need.|Chooses needed bread for epiousios, with daily/coming-day alternatives noted.
6:12|Forgive us our debts,\nas we too have forgiven our debtors.|Retains debts metaphor and pinned past have-forgiven.
6:13|Do not bring us into testing,\nbut rescue us from evil.’|Keeps the difficult divine-agency petition, evil/evil-one ambiguity, and absence of later doxology.
6:14|For if you forgive people their offenses, your heavenly Father will also forgive you.|Preserves the conditional reciprocity and transition from debts to offenses.
6:15|But if you do not forgive people, your Father will not forgive your offenses.|Keeps the negative counterpart without adding an unstated object to the first clause.
6:16|When you fast, do not look gloomy like the hypocrites. They disfigure their faces so people will notice they are fasting. Truly I tell you: they have received their reward in full.|Preserves appearance motive and the third exact reward refrain.
6:17|But when you fast, put oil on your head and wash your face,|Keeps the ordinary grooming actions rather than a modern equivalent.
6:18|so your fasting is seen by your Father who is in secret, not by people. Your Father, who sees in secret, will repay you.|Retains the visibility contrast and repeated private reward wording.
6:19|Do not store up treasures for yourselves on earth, where moth and decay destroy and thieves break in and steal.|Keeps moth, consuming decay, and burglary images.
6:20|Store up treasures for yourselves in heaven, where neither moth nor decay destroys and thieves do not break in or steal.|Mirrors the preceding sentence to retain its contrast and repetition.
6:21|For where your treasure is, there your heart will be too.|Retains singular your and the familiar heart/treasure relation.
6:22|The eye is the body’s lamp. If your eye is sound, your whole body will be full of light.|Keeps eye/lamp and whole-body light; single/generous nuances noted.
6:23|But if your eye is bad, your whole body will be dark. If the light within you is darkness, how great that darkness is!|Preserves the paradox and exclamation without reducing it to eyesight advice.
6:24|No one can serve two masters. You will hate one and love the other, or be devoted to one and despise the other. You cannot serve God and wealth.|Keeps slavery-service, opposed allegiances, and mammon as wealth with vocabulary support.
6:25|That is why I tell you: do not worry about your life, what you will eat, or about your body, what you will wear. Is life not more than food, and the body more than clothing?|Follows the pinned shorter first list and keeps the life/body comparison.
6:26|Look at the birds of heaven. They neither sow nor reap nor gather into storehouses, yet your heavenly Father feeds them. Are you not worth more than they are?|Preserves all three agricultural absences and rhetorical comparison.
6:27|Which of you can add a single cubit to your lifespan by worrying?|Retains the deliberately mixed measurement image and notes stature/lifespan ambiguity.
6:28|And why worry about clothing? Consider how the field’s lilies grow. They neither labor nor spin,|Keeps the observation invitation and both absent forms of work.
6:29|yet I tell you, even Solomon in all his glory was not clothed like one of them.|Retains specific royal comparison and single flower.
6:30|If God clothes the field’s grass this way, though it is here today and thrown into the oven tomorrow, will he not clothe you much more, you of little faith?|Preserves ephemeral fuel, divine provision, and direct faith rebuke.
6:31|So do not worry, asking, ‘What will we eat?’ or ‘What will we drink?’ or ‘What will we wear?’|Retains all three practical questions in their repeated form.
6:32|The nations seek all these things, and your heavenly Father knows you need them all.|Keeps nations, all twice, and the Father’s knowledge.
6:33|Seek first the kingdom and his righteousness, and all these things will be given to you as well.|Follows pinned absence of of-God after kingdom and preserves righteousness and priority.
6:34|So do not worry about tomorrow. Tomorrow will worry about itself. Each day has enough trouble of its own.|Retains personified tomorrow and the limited daily horizon.
7:1|Do not judge, so that you will not be judged.|Keeps the uncompromising command and passive consequence.
7:2|For the judgment you give will be given to you, and the measure you use will be used for you.|Preserves the two reciprocal images and passive agency.
7:3|Why do you notice the speck in your brother’s or sister’s eye but fail to consider the beam in your own?|Retains the absurd scale contrast and inclusive fellow-member referent.
7:4|How can you say, ‘Let me remove the speck from your eye,’ when there is a beam in your own eye?|Keeps quoted offer and self-contradictory situation.
7:5|Hypocrite! First remove the beam from your own eye. Then you will see clearly to remove the speck from your brother’s or sister’s eye.|Preserves first/then order and the eventual ability to help.
7:6|Do not give what is holy to dogs or throw your pearls before pigs. They may trample them underfoot, then turn and tear you apart.|Retains animals, precious objects, and violent reversal without assigning modern groups to them.
7:7|Ask, and it will be given to you. Seek, and you will find. Knock, and the door will be opened to you.|Preserves the three parallel commands and promises.
7:8|For everyone who asks receives; the one who seeks finds; and to the one who knocks, the door will be opened.|Retains the complete repetition in indicative form.
7:9|Who among you would give his son a stone when he asks for bread?|Keeps father/son and the food/stone contrast.
7:10|Or give him a snake when he asks for a fish?|Preserves the parallel question and specific animals.
7:11|If you, evil as you are, know how to give good gifts to your children, how much more will your Father in heaven give good things to those who ask him!|Retains the troubling evil assessment and greater divine generosity without importing Luke’s Spirit wording.
7:12|So in everything, do for others what you want them to do for you. This is the Law and the Prophets.|Keeps comprehensive scope, active obligation, and scriptural summary.
7:13|Enter through the narrow gate. The gate is wide and the road spacious that leads to destruction, and many enter through it.|Preserves both gate and road and the many travelers.
7:14|But the gate is narrow and the road constricted that leads to life, and few find it.|Keeps the constrained road and few without turning the image into statistics.
7:15|Watch out for false prophets. They come to you dressed as sheep, but inwardly they are ravenous wolves.|Retains disguise, inward reality, and predatory force.
7:16|You will recognize them by their fruit. Are grapes gathered from thornbushes, or figs from thistles?|Keeps the fruit criterion and both botanical questions.
7:17|In the same way, every good tree produces good fruit, while a rotten tree produces bad fruit.|Retains tree/fruit relation and rotten rather than merely different.
7:18|A good tree cannot produce bad fruit, nor can a rotten tree produce good fruit.|Preserves the repeated impossibility and reverse parallel.
7:19|Every tree that fails to produce good fruit is cut down and thrown into the fire.|Matches the recurring judgment wording from chapter three.
7:20|So you will recognize them by their fruit.|Retains the closing repetition of the criterion.
7:21|Not everyone who says to me, ‘Lord, Lord,’ will enter the kingdom of heaven, but the one who does my heavenly Father’s will.|Preserves repeated Lord and the contrast between speech and doing.
7:22|Many will say to me on that day, ‘Lord, Lord, did we not prophesy in your name, drive out demons in your name, and do many mighty works in your name?’|Keeps all three claims and three in-your-name repetitions.
7:23|Then I will tell them plainly, ‘I never knew you. Depart from me, you workers of lawlessness!’|Preserves never, personal rejection, and lawlessness without softening it.
7:24|So everyone who hears these words of mine and does them will be like a wise man who built his house on rock.|Keeps hearing/doing and the wise builder with concrete foundation.
7:25|The rain came down, the rivers rose, and the winds blew and beat against that house. But it did not fall, because its foundation was on rock.|Preserves all three pressures and the stated reason for survival.
7:26|Everyone who hears these words of mine and does not do them will be like a foolish man who built his house on sand.|Mirrors the prior builder while retaining the decisive failure to act.
7:27|The rain came down, the rivers rose, and the winds blew and struck that house. It fell, and its fall was great.”|Retains repeated storm sequence and emphatic collapse.
7:28|When Jesus finished saying these things, the crowds were astonished at his teaching,|Keeps the discourse-ending formula and crowd response.
7:29|because he taught them as someone with authority, unlike their scribes.|Retains the narrator’s explanation and specific comparison without broad claims about Judaism.
8:1|When Jesus came down from the mountain, large crowds followed him.|Names the returning subject and preserves the movement from teaching to encounter.
8:2|A man with a skin disease came up, bowed before him, and said, “Lord, if you are willing, you can make me clean.”|Keeps willingness distinct from ability and avoids a modern diagnosis for lepros.
8:3|Jesus reached out and touched him. “I am willing,” he said. “Be clean.” At once the man’s skin disease was cleansed.|Retains touch, verbal echo, and immediate cleansing rather than only medical recovery.
8:4|Then Jesus told him, “See that you tell no one. Go, show yourself to the priest, and offer the gift Moses commanded, as a testimony to them.”|Preserves the prohibition and ritual testimony without specifying its disputed audience.
8:5|As Jesus entered Capernaum, a centurion approached him, pleading,|Keeps the military title and lets the plea continue across the label.
8:6|“Lord, my servant is lying at home, paralyzed and suffering terribly.”|Renders pais as servant in context while preserving paralysis and severe suffering.
8:7|Jesus said to him, “I will come and heal him.”|Retains the emphatic personal offer; the possible question belongs in a note.
8:8|The centurion answered, “Lord, I am not worthy to have you come under my roof. Just say the word, and my servant will be healed.|Preserves roof imagery and confidence in a spoken command.
8:9|I too am a man under authority, with soldiers under me. I tell one, ‘Go,’ and he goes; another, ‘Come,’ and he comes; and my slave, ‘Do this,’ and he does it.”|Distinguishes doulos from pais and preserves each command and response.
8:10|When Jesus heard this, he was amazed. He told those following him, “Truly I tell you, I have found no one in Israel with faith like this.|Keeps the source’s comparative claim without adding universal ethnic judgment.
8:11|And I tell you, many will come from east and west and take their places at the feast with Abraham, Isaac, and Jacob in the kingdom of heaven.|Makes reclining intelligible as a feast while retaining named ancestors and directions.
8:12|But the heirs of the kingdom will be thrown into the outer darkness. There will be weeping and grinding of teeth.”|Renders sons idiomatically as heirs but retains exclusion and judgment imagery.
8:13|Then Jesus told the centurion, “Go. Let it happen for you as you have believed.” And the servant was healed at that very hour.|Preserves the direct address and precise correspondence in time.
8:14|Jesus went into Peter’s house and saw Peter’s mother-in-law lying sick with a fever.|Makes the relationship explicit without adding a household history.
8:15|He touched her hand, and the fever left her. She got up and began serving him.|Retains female agency and the singular recipient of service.
8:16|That evening, people brought him many who were possessed by demons. He drove out the spirits with a word and healed everyone who was ill.|Distinguishes spirits from illness and retains comprehensive healing.
8:17|This fulfilled what was spoken through the prophet Isaiah:\n“He took our weaknesses\nand carried our diseases.”|Keeps Matthew’s bodily wording and shapes the quotation as poetry within its verse.
8:18|When Jesus saw the large crowds around him, he gave orders to cross to the other side.|Preserves the source’s plural crowds and unspecified destination shore.
8:19|A scribe came up and said, “Teacher, I will follow you wherever you go.”|Retains the trained role and the unqualified offer.
8:20|Jesus answered him, “Foxes have dens, and the birds of the sky have nests, but the Son of Man has nowhere to lay his head.”|Keeps the title and complete animal contrast rather than explaining away the image.
8:21|Another of the disciples said to him, “Lord, first let me go and bury my father.”|Preserves first and the actual request without inventing circumstances of death.
8:22|But Jesus told him, “Follow me, and let the dead bury their own dead.”|Retains the disturbing double use of dead without resolving its metaphor in the text.
8:23|Jesus got into a boat, and his disciples followed him.|Keeps following visible as both action and narrative theme.
8:24|Suddenly a violent disturbance swept over the sea, and waves were covering the boat. But Jesus was asleep.|Renders seismos strongly without deciding that an earthquake caused the waves.
8:25|They went to him and woke him. “Lord, save us!” they said. “We’re going to die!”|Keeps the urgent salvation plea and immediate danger in natural speech.
8:26|He said to them, “Why are you so afraid, you of little faith?” Then he got up and rebuked the winds and the sea, and a great calm came over it.|Retains little faith, rebuke, and the great disturbance/great calm contrast.
8:27|The men were amazed. “What kind of man is this,” they said, “that even the winds and the sea obey him?”|Preserves their unresolved question and the scope of obedience.
8:28|When he reached the other side, in the region of the Gadarenes, two demon-possessed men came out from the tombs to meet him. They were so violent that no one could pass along that road.|Retains two men and the pinned place name without harmonizing other accounts.
8:29|They shouted, “What have you to do with us, Son of God? Have you come here to torment us before the appointed time?”|Preserves title, antagonistic idiom, and premature judgment question.
8:30|A large herd of pigs was feeding some distance away.|Keeps distance and herd size without locating an unmentioned owner.
8:31|The demons begged him, “If you drive us out, send us into the herd of pigs.”|Retains the conditional request and its actual destination.
8:32|“Go,” he told them. They came out and went into the pigs. Then the whole herd rushed down the steep bank into the sea and died in the water.|Preserves the lethal outcome and every stage without softening the loss.
8:33|The herders ran away. They went into the town and reported everything, including what had happened to the demon-possessed men.|Makes the compressed report intelligible without supplying unreported reactions.
8:34|The whole town came out to meet Jesus. When they saw him, they begged him to leave their region.|Keeps the collective response and unexpected request to depart.
9:1|Jesus got into a boat, crossed over, and came to his own town.|Retains own town without inserting its inferred name.
9:2|Some people brought him a paralyzed man lying on a mat. When Jesus saw their faith, he told the man, “Take courage, child. Your sins are forgiven.”|Keeps their plural faith and the affectionate singular address.
9:3|Some of the scribes said to themselves, “This man is blaspheming.”|Preserves the inward accusation without endorsing it as narrator.
9:4|Jesus knew what they were thinking. “Why are you thinking evil in your hearts?” he asked.|Keeps the heart image and explicit moral challenge.
9:5|“Which is easier: to say, ‘Your sins are forgiven,’ or to say, ‘Get up and walk’?|Retains the comparison between sayings, not a claim that either act is easy.
9:6|But so that you may know the Son of Man has authority on earth to forgive sins”—then he said to the paralyzed man, “Get up, pick up your mat, and go home.”|Preserves the interrupted sentence and changed addressee.
9:7|The man got up and went home.|Keeps the concise enacted response without embellishment.
9:8|When the crowds saw this, they were afraid and glorified God, who had given such authority to human beings.|Follows fear and plural humans rather than harmonizing to amazement or Jesus alone.
9:9|As Jesus went on from there, he saw a man named Matthew sitting at the tax booth. “Follow me,” he told him. Matthew got up and followed him.|Keeps the call-response pattern and names the actor for clarity.
9:10|While Jesus was reclining at a meal in the house, many tax collectors and sinners came and reclined with him and his disciples.|Retains reclining and avoids assigning ownership to the unspecified house.
9:11|The Pharisees saw this and asked his disciples, “Why does your teacher eat with tax collectors and sinners?”|Keeps the question directed to disciples and the repeated social categories.
9:12|Jesus heard them and said, “Healthy people don’t need a doctor; sick people do.|Preserves the compact analogy in ordinary spoken English.
9:13|Go and learn what this means: ‘I desire mercy, not sacrifice.’ For I came to call sinners, not the righteous.”|Keeps the scriptural contrast and excludes an unprinted addition about repentance.
9:14|Then John’s disciples came to him. “Why do we and the Pharisees fast often,” they asked, “but your disciples don’t fast?”|Preserves often and both groups without generalizing their practice.
9:15|Jesus said to them, “Can wedding guests mourn while the bridegroom is with them? The days will come when the bridegroom is taken away from them. Then they will fast.|Renders sons of the bridal chamber accessibly and preserves the passive removal.
9:16|No one sews a patch of unshrunk cloth onto an old garment. The patch pulls away from the garment, making the tear worse.|Makes the material action clear without allegorical explanation.
9:17|Nor do people put new wine into old wineskins. If they do, the skins burst, the wine spills, and the skins are ruined. They put new wine into fresh wineskins, and both are preserved.”|Preserves both kinds of loss and the final preservation of both.
9:18|While he was telling them these things, a ruler came and bowed before him. “My daughter has just died,” he said. “But come and lay your hand on her, and she will live.”|Retains has just died and avoids importing a different chronology or office.
9:19|Jesus got up and followed him, along with his disciples.|Preserves Jesus now following the petitioner and the accompanying disciples.
9:20|Just then, a woman who had been bleeding for twelve years came up behind him and touched the fringe of his garment.|Retains duration, approach, and the particular part touched.
9:21|She had been saying to herself, “If I only touch his garment, I will be healed.”|Uses healed for contextual saved while retaining the conditional inner speech.
9:22|Jesus turned, saw her, and said, “Take courage, daughter. Your faith has made you well.” From that moment the woman was healed.|Keeps daughter and the repeated saving/healing language in its bodily setting.
9:23|When Jesus reached the ruler’s house, he saw the flute players and the noisy crowd.|Retains the audible mourning scene without adding hired status.
9:24|“Go away,” he said. “The girl isn’t dead; she is sleeping.” But they laughed at him.|Preserves Jesus’ assertion and ridicule without explaining sleep in the dialogue.
9:25|After the crowd had been put outside, he went in and took her hand, and the girl got up.|Keeps the passive removal and simple rising without added spectacle.
9:26|News of this spread through that entire region.|Keeps the local scope of the report.
9:27|As Jesus went on from there, two blind men followed him, calling out, “Have mercy on us, Son of David!”|Preserves two, the royal title, and the plea for mercy.
9:28|When he entered the house, the blind men came to him. Jesus asked them, “Do you believe I can do this?” “Yes, Lord,” they answered.|Keeps the question about ability and direct collective answer.
9:29|Then he touched their eyes and said, “Let it happen for you according to your faith.”|Retains physical contact and according to without adding a measurable degree.
9:30|Their eyes were opened. Jesus warned them sternly, “See that no one learns about this.”|Preserves the strong warning rather than a casual request.
9:31|But they went out and spread news of him throughout that region.|Keeps the contrast between instruction and actual conduct.
9:32|As they were leaving, people brought him a demon-possessed man who could not speak.|Renders kophos by the speech outcome rather than assuming deafness.
9:33|Once the demon was driven out, the man spoke. The crowds were amazed and said, “Nothing like this has ever been seen in Israel!”|Preserves sequence and the crowd’s sweeping reported claim.
9:34|But the Pharisees said, “He drives out demons by the ruler of demons.”|Retains the counterclaim without presenting it as narrator’s explanation.
9:35|Jesus traveled through all the towns and villages, teaching in their synagogues, proclaiming the good news of the kingdom, and healing every disease and every infirmity.|Preserves the three coordinated activities and repeated every.
9:36|When he saw the crowds, he was moved with compassion for them. They were harassed and helpless, like sheep without a shepherd.|Retains both conditions and the biblical shepherd image.
9:37|Then he told his disciples, “The harvest is plentiful, but the workers are few.|Keeps the large harvest/small workforce contrast.
9:38|So ask the Lord of the harvest to send workers out into his harvest.”|Preserves ownership repeated in the appeal and destination.
10:1|Jesus called his twelve disciples to him and gave them authority over unclean spirits, to drive them out and to heal every disease and every infirmity.|Keeps twelve and the authority linking this mission with Jesus’ work.
10:2|These are the names of the twelve apostles: first, Simon, called Peter, and his brother Andrew; James son of Zebedee and his brother John;|Preserves first and the paired family relationships.
10:3|Philip and Bartholomew; Thomas and Matthew the tax collector; James son of Alphaeus and Thaddaeus;|Retains all names and Matthew’s occupation without harmonizing alternate lists.
10:4|Simon the Zealot and Judas Iscariot, who also handed Jesus over.|Renders Kanana ios as a designation of zeal and links betrayal to handed over.
10:5|Jesus sent these twelve out with these instructions: “Do not go among the Gentiles or enter a Samaritan town.|Preserves the restricted destination of this particular commission.
10:6|Go instead to the lost sheep of the house of Israel.|Keeps the house and sheep images without replacing them with an abstract audience.
10:7|As you go, proclaim, ‘The kingdom of heaven has come near.’|Matches the established proclamation formula and sense of nearness.
10:8|Heal the sick, raise the dead, cleanse those with skin diseases, drive out demons. You received without paying; give without charging.|Preserves all four imperatives and the free receiving/giving balance.
10:9|Do not get gold, silver, or copper for your belts,|Keeps all three metals and the ancient carrying image.
10:10|or a travel bag, or two tunics, or sandals, or a staff. A worker deserves food.|Retains Matthew’s actual equipment restrictions without harmonizing other Gospels.
10:11|Whatever town or village you enter, find out who there is worthy, and stay with that person until you leave.|Preserves discernment of a host and stable lodging.
10:12|As you enter the house, greet it.|Keeps the household addressed through the house image.
10:13|If the house is worthy, let your peace rest on it. If it is not worthy, let your peace return to you.|Preserves the conditional movement of peace in both directions.
10:14|If anyone will not welcome you or listen to your words, shake the dust from your feet as you leave that house or town.|Keeps both refusals and the embodied departure sign.
10:15|Truly I tell you, on the day of judgment it will be more bearable for the land of Sodom and Gomorrah than for that town.|Preserves comparative judgment and both named cities.
10:16|“Look, I am sending you out like sheep among wolves. So be shrewd as snakes and innocent as doves.|Retains all four animals and pairs practical discernment with innocence.
10:17|Watch out for people. They will hand you over to councils and flog you in their synagogues.|Keeps concrete institutional persecution without generalizing it to all Jews.
10:18|You will be brought before governors and kings because of me, as a testimony to them and to the Gentiles.|Preserves purpose, audiences, and cause.
10:19|When they hand you over, do not worry about how to speak or what to say. What you should say will be given to you at that time.|Keeps both anxieties and the passive gift at the needed moment.
10:20|For it will not be you speaking, but the Spirit of your Father speaking through you.|Preserves the personal Father relationship and Spirit’s agency.
10:21|Brother will hand brother over to death, and a father his child. Children will turn against their parents and have them put to death.|Keeps the family roles and actual lethal consequences.
10:22|Everyone will hate you because of my name. But the one who endures to the end will be saved.|Retains the sweeping warning and future promise without resolving end’s referent.
10:23|When they persecute you in one town, flee to another. Truly I tell you, you will not finish the towns of Israel before the Son of Man comes.|Preserves the difficult temporal claim without inserting a later interpretive timetable.
10:24|“A disciple is not above the teacher, nor a slave above the master.|Keeps both unequal relationships and the source’s slave term.
10:25|It is enough for the disciple to become like the teacher, and the slave like the master. If they have called the head of the house Beelzebul, how much more will they malign his household!|Makes the elliptical final comparison readable while retaining the household image and name.
10:26|So do not fear them. Nothing covered up will stay unrevealed, and nothing hidden will remain unknown.|Preserves the paired disclosure assurances and their causal link.
10:27|What I tell you in the dark, speak in the light. What you hear whispered in your ear, proclaim from the rooftops.|Retains dark/light and ear/rooftop contrasts.
10:28|Do not fear those who kill the body but cannot kill the soul. Fear instead the one who can destroy both soul and body in Gehenna.|Keeps soul/body distinction and destroy without importing a theory of punishment.
10:29|Aren’t two sparrows sold for an assarion? Yet not one of them falls to the ground apart from your Father.|Retains coin and the source’s open apart-from phrase rather than specifying causation.
10:30|Even the hairs on your head have all been counted.|Preserves the surprising totality of the image.
10:31|So do not be afraid. You are worth more than many sparrows.|Keeps the many contrast and reassurance grounded in the preceding image.
10:32|“Everyone who acknowledges me before others, I too will acknowledge before my Father in heaven.|Preserves reciprocal public acknowledgment.
10:33|But whoever denies me before others, I too will deny before my Father in heaven.|Keeps the exact opposing structure and consequence.
10:34|“Do not think I came to bring peace to the earth. I came to bring a sword, not peace.|Retains the sharp image before its explanation in family division.
10:35|For I came to set a man against his father, a daughter against her mother, and a daughter-in-law against her mother-in-law.|Preserves all three specifically gendered relationships.
10:36|A person’s enemies will be members of that person’s own household.|Keeps the household focus of the preceding sword image.
10:37|Whoever loves father or mother more than me is not worthy of me. Whoever loves son or daughter more than me is not worthy of me.|Preserves comparative love and both generations without substituting hatred.
10:38|Whoever does not take up their cross and follow me is not worthy of me.|Retains the execution image and repeated worthiness language.
10:39|Whoever finds their life will lose it, and whoever loses their life because of me will find it.|Keeps the paradox and explicit because-of-me qualification.
10:40|“Whoever welcomes you welcomes me, and whoever welcomes me welcomes the one who sent me.|Preserves the linked chain of welcome and sending.
10:41|Whoever welcomes a prophet because that person is a prophet will receive a prophet’s reward. Whoever welcomes a righteous person because that person is righteous will receive a righteous person’s reward.|Unfolds in the name of without losing the repeated identities and rewards.
10:42|And whoever gives even a cup of cold water to one of these little ones because that person is a disciple—truly I tell you, that giver will certainly not lose the reward.”|Preserves the small gift, little ones, disciple qualification, and emphatic assurance.
11:1|When Jesus finished instructing his twelve disciples, he left that place to teach and proclaim his message in their towns.|Preserves the discourse conclusion and the source’s their without inventing a route.
11:2|In prison, John heard about the Messiah’s deeds. He sent word through his disciples|Keeps imprisonment and Messiah as the narrator’s designation.
11:3|to ask Jesus, “Are you the one who is coming, or should we expect someone else?”|Retains the coming-one expression and the genuine alternative in John’s question.
11:4|Jesus answered them, “Go and tell John what you hear and see:|Preserves both forms of testimony in their source order.
11:5|the blind receive sight, the lame walk, people with skin diseases are cleansed, the deaf hear, the dead are raised, and the poor hear good news.|Retains all six groups and distinguishes cleansing, healing, resurrection, and proclamation.
11:6|And blessed is anyone who does not stumble because of me.”|Preserves stumbling as an image rather than reducing it to intellectual disagreement.
11:7|As they were leaving, Jesus began speaking to the crowds about John. “What did you go out into the wilderness to see? A reed swaying in the wind?|Keeps the repeated question and its unresolved image.
11:8|What did you go out to see, then? A man dressed in soft clothes? People who wear soft clothes live in royal houses.|Preserves the contrast between wilderness and luxury without elaborating motive.
11:9|Then what did you go out for? To see a prophet? Yes, I tell you, and more than a prophet.|Follows the pinned punctuation’s emphatic final identification.
11:10|This is the one about whom it is written:\n‘Look, I am sending my messenger ahead of you;\nhe will prepare your way before you.’|Keeps the quotation’s pronouns and double before-you emphasis.
11:11|Truly I tell you, among those born of women no one greater than John the Baptist has arisen. Yet the least in the kingdom of heaven is greater than he is.|Preserves the birth idiom and startling comparison without assigning rank outside the text.
11:12|From the days of John the Baptist until now, the kingdom of heaven has suffered violence, and violent people seize it.|Chooses the passive reading of biazetai with the competing sense reserved for a note.
11:13|For all the Prophets and the Law prophesied until John.|Keeps the unusual Prophets-before-Law order and until’s boundary.
11:14|And if you are willing to accept it, he is Elijah who is to come.|Preserves the conditional invitation and explicit identification.
11:15|Let anyone with ears listen.|Retains the brief listening refrain without an absent expansion.
11:16|“What can I compare this generation to? It is like children sitting in the marketplaces, calling to the others,|Keeps the comparison and public setting.
11:17|‘We played the flute for you, and you didn’t dance;\nwe sang a lament, and you didn’t beat your breasts.’|Preserves the opposing games and bodily mourning gesture as poetic speech.
11:18|John came neither eating nor drinking, and they say, ‘He has a demon.’|Keeps the rhetorical contrast without supplying an absolute dietary interpretation.
11:19|The Son of Man came eating and drinking, and they say, ‘Look at him—a glutton and a drunkard, a friend of tax collectors and sinners!’ Yet wisdom is vindicated by her deeds.”|Follows deeds rather than children and retains wisdom’s female personification.
11:20|Then he began denouncing the towns where most of his mighty works had taken place, because they had not repented.|Preserves the explicit reason for denunciation.
11:21|“Woe to you, Chorazin! Woe to you, Bethsaida! If the mighty works done among you had been done in Tyre and Sidon, they would have repented long ago in sackcloth and ashes.|Retains all four towns and the unreal comparison with visible repentance.
11:22|But I tell you, on the day of judgment it will be more bearable for Tyre and Sidon than for you.|Keeps comparative rather than absolute judgment.
11:23|And you, Capernaum—will you be lifted up to heaven? You will go down to Hades. If the mighty works done in you had been done in Sodom, it would have remained until today.|Retains the question, paired heights/depths, and unreal historical condition.
11:24|But I tell you, on the day of judgment it will be more bearable for the land of Sodom than for you.”|Preserves repeated warning and singular town addressee.
11:25|At that time Jesus said, “I praise you, Father, Lord of heaven and earth, because you have hidden these things from the wise and discerning and revealed them to little children.|Retains hidden/revealed contrast and the infant image without defining social classes.
11:26|Yes, Father, for this was your good pleasure.|Keeps the affirmation of the Father’s will in compact prayer speech.
11:27|“Everything has been handed over to me by my Father. No one knows the Son except the Father, and no one knows the Father except the Son and anyone to whom the Son chooses to reveal him.|Preserves reciprocal knowledge and the final chosen recipient.
11:28|Come to me, all of you who are weary from labor and weighed down, and I will give you rest.|Retains both active toil and imposed load in a direct invitation.
11:29|Take my yoke upon you and learn from me, because I am gentle and humble in heart, and you will find rest for your souls.|Preserves yoke, learning, heart, and soul rather than flattening the images.
11:30|For my yoke is kind, and my burden is light.”|Renders chrestos with its positive quality while retaining the paradox of restful burden.
12:1|At that time Jesus walked through grainfields on the Sabbath. His disciples were hungry and began picking heads of grain and eating them.|Keeps the need that prompts the disputed activity.
12:2|The Pharisees saw it and told him, “Look! Your disciples are doing what is not permitted on the Sabbath.”|Attributes the legal accusation to its speakers.
12:3|He answered them, “Haven’t you read what David did when he and his companions were hungry?|Preserves the appeal to reading and shared hunger.
12:4|He entered the house of God, and they ate the bread of the Presence, which neither he nor his companions were permitted to eat—only the priests.|Follows plural ate and keeps the sacred bread’s recognizable designation.
12:5|Or haven’t you read in the Law that on Sabbaths the priests in the temple profane the Sabbath and yet are innocent?|Retains the provocative profane/innocent contrast.
12:6|I tell you, something greater than the temple is here.|Preserves the neuter something without imposing a personal paraphrase.
12:7|If you had understood, ‘I desire mercy, not sacrifice,’ you would not have condemned the innocent.|Repeats the earlier quotation identically and preserves its practical consequence.
12:8|For the Son of Man is Lord of the Sabbath.”|Keeps the title and explicit relation of authority.
12:9|He left that place and entered their synagogue.|Preserves their without broad ethnic editorializing.
12:10|A man with a withered hand was there. They asked Jesus, “Is it permitted to heal on the Sabbath?” They wanted grounds to accuse him.|Separates the question from the narrator’s stated hostile purpose.
12:11|He said to them, “If one of you has a sheep and it falls into a pit on the Sabbath, won’t you take hold of it and lift it out?|Retains the single animal and concrete rescue actions.
12:12|How much more valuable a human being is than a sheep! So it is permitted to do good on the Sabbath.”|Keeps the comparative argument and broad do-good conclusion.
12:13|Then he told the man, “Stretch out your hand.” He stretched it out, and it was restored, as healthy as the other.|Preserves command, response, and bodily comparison.
12:14|The Pharisees went out and plotted against him, discussing how to destroy him.|Keeps the real threat rather than softening it to disagreement.
12:15|Jesus learned of this and withdrew. Many followed him, and he healed them all.|Preserves withdrawal and all without adding crowds to the pinned phrase.
12:16|He warned them not to make him known.|Keeps the strong prohibition and its personal object.
12:17|This fulfilled what was spoken through the prophet Isaiah:|Leaves the fulfillment introduction connected to the following quotation.
12:18|“Here is my servant, whom I have chosen,\nmy beloved, in whom my soul delights.\nI will put my Spirit upon him,\nand he will announce justice to the nations.|Retains servant, soul, Spirit, and justice with the nations as recipients.
12:19|He will not quarrel or shout;\nno one will hear his voice in the streets.|Keeps the paired negatives and public setting of the quotation.
12:20|He will not break a crushed reed\nor put out a smoldering wick,\nuntil he brings justice through to victory.|Preserves fragile objects and the unusual justice-to-victory movement.
12:21|And the nations will hope in his name.”|Retains name and nations rather than substituting abstract universalism.
12:22|Then a demon-possessed man who was blind and unable to speak was brought to him. Jesus healed him, so that the man could speak and see.|Keeps both disabilities and both outcomes in source order.
12:23|All the crowds were astonished. “Could this be the Son of David?” they asked.|Preserves the tentative question rather than turning it into a confession.
12:24|But when the Pharisees heard this, they said, “This man drives out demons only by Beelzebul, the ruler of demons.”|Keeps the exclusive accusation and named ruler.
12:25|Knowing their thoughts, he said to them, “Every kingdom divided against itself is laid waste. No town or household divided against itself will stand.|Preserves the three scales of division and resulting ruin.
12:26|If Satan drives out Satan, he is divided against himself. How then will his kingdom stand?|Keeps the reductive hypothetical and repeated name.
12:27|And if I drive out demons by Beelzebul, by whom do your own followers drive them out? So they will be your judges.|Renders your sons contextually while preserving the challenge from their own group.
12:28|But if I drive out demons by the Spirit of God, then the kingdom of God has reached you.|Retains the Spirit and actual arrival rather than merely future nearness.
12:29|How can anyone enter a strong man’s house and seize his belongings without first tying up the strong man? Only then can the house be plundered.|Keeps the violent house image and required sequence.
12:30|Whoever is not with me is against me, and whoever does not gather with me scatters.|Preserves the two unqualified antitheses in this context.
12:31|That is why I tell you: every sin and blasphemy will be forgiven people, but blasphemy against the Spirit will not be forgiven.|Keeps the breadth of forgiveness and precise exception.
12:32|Anyone who speaks against the Son of Man will be forgiven. But anyone who speaks against the Holy Spirit will not be forgiven, either in this age or in the age to come.|Preserves the distinct objects and two-age formulation without an added doctrinal system.
12:33|“Either make the tree good and its fruit good, or make the tree rotten and its fruit rotten. A tree is recognized by its fruit.|Keeps the imperative form and consistent tree/fruit character.
12:34|You brood of vipers! How can you speak good things when you are evil? The mouth speaks from what overflows from the heart.|Retains the insult and bodily abundance image.
12:35|A good person brings good things out of a good store, and an evil person brings evil things out of an evil store.|Preserves repeated good/evil without importing heart into an unprinted phrase.
12:36|I tell you, people will give an account on the day of judgment for every careless word they speak.|Keeps every and the accounting image.
12:37|For by your words you will be vindicated, and by your words you will be condemned.”|Preserves the judicial alternatives and repeated basis.
12:38|Then some scribes and Pharisees said to him, “Teacher, we want to see a sign from you.”|Keeps some and the request’s source qualification.
12:39|He answered, “An evil and adulterous generation demands a sign, but no sign will be given to it except the sign of the prophet Jonah.|Retains adulterous as covenantal imagery without substituting an explanation.
12:40|Just as Jonah was in the belly of the sea creature for three days and three nights, so the Son of Man will be in the heart of the earth for three days and three nights.|Keeps exact durations and both bodily location images without chronological harmonization.
12:41|The men of Nineveh will rise at the judgment with this generation and condemn it, because they repented at Jonah’s proclamation. And look—something greater than Jonah is here.|Preserves male reference, repentance, and neuter something greater.
12:42|The queen of the South will rise at the judgment with this generation and condemn it, because she came from the ends of the earth to hear Solomon’s wisdom. And look—something greater than Solomon is here.|Keeps her title, journey, and the repeated comparison.
12:43|“When an unclean spirit leaves a person, it travels through waterless places seeking rest, but finds none.|Retains the spirit’s movement and failed search without modern diagnosis.
12:44|Then it says, ‘I will return to the house I left.’ When it arrives, it finds the house empty, swept, and put in order.|Keeps the three conditions that set up the return.
12:45|Then it goes and brings seven other spirits more evil than itself. They enter and settle there, and that person’s final condition becomes worse than the first. So it will be with this evil generation.”|Preserves seven, escalation, and the explicit application to the generation.
12:46|While he was still speaking to the crowds, his mother and brothers were standing outside, wanting to speak to him.|Retains the familial terms without resolving later kinship debates.
12:47|Someone told him, “Your mother and brothers are standing outside, wanting to speak to you.”|Retains the entire verse printed in the pinned edition.
12:48|He answered the person who told him, “Who is my mother, and who are my brothers?”|Makes the immediate addressee clear and preserves both questions.
12:49|Stretching his hand toward his disciples, he said, “Here are my mother and my brothers!|Retains the identifying gesture and family language.
12:50|For whoever does the will of my Father in heaven is my brother and sister and mother.”|Keeps all three kinship roles, including the newly explicit sister.
13:1|That same day Jesus left the house and sat beside the sea.|Preserves temporal continuity and the teaching posture.
13:2|Large crowds gathered around him, so he got into a boat and sat there while the whole crowd stood on the shore.|Keeps seated teacher/standing crowd and their different locations.
13:3|He told them many things in parables: “Listen! A sower went out to sow.|Retains parable and the sower/sow repetition.
13:4|As he sowed, some seeds fell beside the path, and birds came and ate them.|Makes plural seeds explicit from the grammatical object.
13:5|Others fell on rocky ground with little soil. They sprouted at once because the soil was shallow.|Preserves the stated cause rather than correcting the agricultural image.
13:6|But when the sun rose, they were scorched. Because they had no root, they withered.|Keeps both causal stages and the singular collective root.
13:7|Others fell among thorns. The thorns grew up and choked them.|Retains repeated thorns and the choking image.
13:8|Others fell on good soil and produced a crop: some a hundredfold, some sixty, some thirty.|Preserves all yields in Matthew’s descending order.
13:9|Let anyone with ears listen.”|Matches the established concise refrain.
13:10|The disciples came to him and asked, “Why do you speak to them in parables?”|Preserves the distinction between disciples and them.
13:11|He answered, “You have been given knowledge of the mysteries of the kingdom of heaven, but they have not.|Keeps given knowledge and mysteries rather than making them merely puzzles.
13:12|For whoever has will be given more and will have abundance. But whoever does not have will lose even what they have.|Preserves the paradox without supplying an unstated object of possession.
13:13|That is why I speak to them in parables: though they see, they do not see; though they hear, they do not hear or understand.|Retains Matthew’s because relation and repeated perception terms.
13:14|In them Isaiah’s prophecy is fulfilled:\n‘You will hear and hear, but never understand;\nyou will look and look, but never see.|Keeps emphatic repeated action and emphatic denial as poetry.
13:15|For this people’s heart has grown dull.\nTheir ears are hard of hearing,\nand they have closed their eyes,\nso that they might not see with their eyes,\nhear with their ears,\nunderstand with their heart,\nand turn—and I would heal them.’|Preserves human eye-closing and every member of the extended sensory pattern.
13:16|But blessed are your eyes, because they see, and your ears, because they hear.|Retains blessing addressed to the disciples’ organs of perception.
13:17|Truly I tell you, many prophets and righteous people longed to see what you see but did not see it, and to hear what you hear but did not hear it.|Keeps all repeated verbs and the contrast across generations.
13:18|“So listen to the parable of the sower.|Preserves the invitation introducing the interpretation.
13:19|When anyone hears the word of the kingdom without understanding it, the evil one comes and snatches away what was sown in that person’s heart. This is the one sown beside the path.|Keeps the shifting seed/person metaphor rather than smoothing it away.
13:20|The one sown on rocky ground is someone who hears the word and immediately receives it with joy,|Preserves immediate joy and the unfinished contrast across labels.
13:21|but has no root within and lasts only a little while. When trouble or persecution comes because of the word, that person immediately falls away.|Keeps both pressures, their cause, and the repeated immediacy.
13:22|The one sown among thorns hears the word, but the anxiety of this age and the deceitfulness of wealth choke the word, and it becomes unfruitful.|Preserves wealth’s deception and the word as the choked object.
13:23|The one sown on good soil hears the word and understands it. That person bears fruit and produces a hundredfold, or sixty, or thirty.”|Keeps understanding linked to fruit and repeats the descending yields.
13:24|He set another parable before them: “The kingdom of heaven is like a man who sowed good seed in his field.|Retains kingdom comparison and ownership of the field.
13:25|While people were sleeping, his enemy came, sowed darnel among the wheat, and went away.|Keeps the specific weed term for vocabulary explanation and the covert sequence.
13:26|When the plants sprouted and formed grain, the darnel appeared as well.|Preserves the stage at which the intrusion becomes visible.
13:27|The owner’s slaves came and asked him, ‘Master, didn’t you sow good seed in your field? Where did the darnel come from?’|Retains slavery and their puzzled double question.
13:28|‘An enemy has done this,’ he told them. The slaves asked him, ‘Do you want us to go and gather it?’|Keeps the identified agent and the proposed intervention.
13:29|‘No,’ he said. ‘While gathering the darnel you might uproot the wheat along with it.|Preserves the reason for delay as protection of wheat.
13:30|Let both grow together until the harvest. At harvest time I will tell the reapers: Gather the darnel first and tie it in bundles to burn, but bring the wheat into my barn.’”|Keeps both outcomes and their specified order.
13:31|He set another parable before them: “The kingdom of heaven is like a mustard seed that a man took and sowed in his field.|Preserves the parallel opening and the concrete small seed.
13:32|It is smaller than all the seeds, but when it grows it is larger than the garden plants and becomes a tree, so that the birds of the sky come and nest in its branches.”|Retains the source’s broad size claim and tree image without botanical correction.
13:33|He told them another parable: “The kingdom of heaven is like leaven that a woman took and hid in three measures of flour until it was all leavened.”|Preserves female agency, hidden leaven, exact measures, and complete effect.
13:34|Jesus spoke all these things to the crowds in parables. He said nothing to them without a parable,|Retains the narrative’s broad statement in its discourse setting.
13:35|fulfilling what was spoken through the prophet:\n“I will open my mouth in parables;\nI will utter things hidden since the foundation.”|Follows the pinned text without adding world or a prophet’s name.
13:36|Then he left the crowds and went into the house. His disciples came to him and said, “Explain the parable of the darnel in the field to us.”|Keeps the move to private interpretation and the disciples’ stated request.
13:37|He answered, “The one who sows the good seed is the Son of Man.|Preserves the first explicit identification in the explanation.
13:38|The field is the world. The good seed are the children of the kingdom; the darnel are the children of the evil one.|Retains world rather than church and the parallel family identities.
13:39|The enemy who sowed them is the devil. The harvest is the completion of the age, and the reapers are angels.|Distinguishes world from age and preserves every interpretation.
13:40|Just as darnel is gathered and burned in fire, so it will be at the completion of the age.|Keeps the repeated age ending and the actual burning image.
13:41|The Son of Man will send his angels, and they will gather out of his kingdom everything that causes stumbling and everyone who practices lawlessness.|Preserves causes and persons as distinguishable objects of removal.
13:42|They will throw them into the blazing furnace. There will be weeping and grinding of teeth.|Keeps the furnace and established judgment refrain.
13:43|Then the righteous will shine like the sun in their Father’s kingdom. Let anyone with ears listen.|Retains brightness, Father relationship, and listening refrain.
13:44|“The kingdom of heaven is like treasure hidden in a field. A man found it and hid it again. In his joy he goes and sells everything he has and buys that field.|Keeps joy as motive and does not supply an ethical verdict absent from the parable.
13:45|“Again, the kingdom of heaven is like a merchant searching for fine pearls.|Preserves the kingdom’s comparison to the searching merchant.
13:46|When he found one pearl of great value, he went and sold everything he had and bought it.|Keeps the one pearl and total sale distinct from the prior field story.
13:47|“Again, the kingdom of heaven is like a dragnet thrown into the sea that gathered fish of every kind.|Retains the net type and comprehensive mixture.
13:48|When it was full, they pulled it ashore, sat down, and sorted the good fish into containers, throwing the worthless ones away.|Preserves fullness, sorting posture, and opposed destinations.
13:49|So it will be at the completion of the age. The angels will come out and separate the evil from among the righteous|Keeps the interpretation’s agents and direction of separation.
13:50|and throw them into the blazing furnace. There will be weeping and grinding of teeth.|Repeats the exact judgment refrain from the earlier explanation.
13:51|“Have you understood all these things?” They answered him, “Yes.”|Follows the pinned short answer without adding Lord.
13:52|He said to them, “So every scribe trained as a disciple of the kingdom of heaven is like a householder who brings out new things and old from his store.”|Retains scribal learning and both new and old without replacing one with the other.
13:53|When Jesus finished these parables, he left that place.|Keeps the formal discourse conclusion.
13:54|He came to his hometown and taught in their synagogue. They were astonished and said, “Where did this man get this wisdom and these mighty works?|Preserves the paired sources of astonishment.
13:55|Isn’t this the carpenter’s son? Isn’t his mother called Mary, and aren’t his brothers James, Joseph, Simon, and Judas?|Retains the trade, mother, and all four named brothers in source order.
13:56|And aren’t all his sisters here with us? Then where did he get all this?”|Preserves the unnamed sisters and repeated origin question.
13:57|They took offense at him. But Jesus told them, “A prophet is not without honor except in his hometown and his own household.”|Keeps the offense and the two exceptions to honor.
13:58|He did not do many mighty works there because of their unbelief.|Preserves did not rather than could not and the stated causal link.
14:1|At that time Herod the tetrarch heard the reports about Jesus.|Retains the precise office for vocabulary explanation.
14:2|He told his servants, “This is John the Baptist. He has been raised from the dead, and that is why miraculous powers are at work in him.”|Attributes the resurrection inference to Herod.
14:3|Herod had arrested John, bound him, and put him in prison because of Herodias, the wife of his brother Philip.|Preserves the retrospective sequence and named relationship.
14:4|For John had been telling him, “You are not permitted to have her.”|Keeps repeated protest and the legal wording without an added rationale.
14:5|Herod wanted to kill him but feared the crowd, because they regarded John as a prophet.|Preserves Herod’s murderous wish and political restraint.
14:6|At Herod’s birthday celebration, Herodias’s daughter danced before the company and pleased Herod.|Keeps the unnamed daughter and avoids adding sexual description.
14:7|So he promised under oath to give her whatever she asked.|Retains the unrestricted promise and binding oath.
14:8|Prompted by her mother, she said, “Give me John the Baptist’s head here on a platter.”|Keeps the mother’s agency and graphic demand.
14:9|The king was distressed, but because of his oaths and his dinner guests, he ordered it to be given.|Preserves the narrator’s king designation and both motives.
14:10|He sent orders and had John beheaded in prison.|Makes the causative action clear without hiding responsibility.
14:11|John’s head was brought on a platter and given to the girl, and she carried it to her mother.|Retains each transfer of the severed head.
14:12|John’s disciples came, took the body, and buried him. Then they went and told Jesus.|Clarifies whose disciples and preserves burial before reporting.
14:13|When Jesus heard, he withdrew by boat to a deserted place to be alone. The crowds heard about it and followed him on foot from the towns.|Keeps the withdrawal and contrasting means of travel.
14:14|When he came ashore, he saw a large crowd. Moved with compassion for them, he healed their sick.|Preserves compassion as the stated motive.
14:15|When evening came, the disciples approached him. “This is a deserted place, and it is already late,” they said. “Send the crowds away so they can go to the villages and buy food for themselves.”|Retains both practical concerns and proposed action.
14:16|Jesus told them, “They don’t need to go away. You give them something to eat.”|Preserves the emphatic you and direct responsibility.
14:17|They answered, “All we have here are five loaves and two fish.”|Keeps exact quantities and their limiting assessment.
14:18|“Bring them here to me,” he said.|Retains the short directive’s destination.
14:19|He told the crowds to recline on the grass. Taking the five loaves and two fish, he looked up to heaven and spoke a blessing. He broke the loaves and gave them to the disciples, and the disciples gave them to the crowds.|Preserves quantities, blessing, and the distribution chain.
14:20|Everyone ate and was satisfied. They gathered the leftover pieces—twelve full baskets.|Keeps universal satisfaction and exact surplus.
14:21|About five thousand men ate, besides women and children.|Preserves approximate male count and uncounted additional people.
14:22|Immediately he made the disciples get into the boat and go ahead of him to the other side while he dismissed the crowds.|Keeps urgency and the force of made.
14:23|After dismissing the crowds, he went up the mountain alone to pray. When evening came, he was there by himself.|Preserves repeated solitude and purpose.
14:24|The boat was already many stadia from land, battered by waves because the wind was against it.|Retains the pinned distance reading and ancient unit.
14:25|In the fourth watch of the night, he came toward them, walking on the sea.|Preserves the watch designation and extraordinary action.
14:26|When the disciples saw him walking on the sea, they were terrified. “It’s a ghost!” they said, and cried out in fear.|Keeps their interpretation distinct from the narrator’s account.
14:27|Jesus spoke to them at once: “Take courage! It is I. Do not be afraid.”|Preserves the recognition phrase without forcing a divine-name identification.
14:28|Peter answered him, “Lord, if it is you, command me to come to you on the water.”|Keeps the conditional request and command rather than permission alone.
14:29|“Come,” he said. Peter climbed out of the boat, walked on the water, and came toward Jesus.|Preserves Peter’s actual walking and direction.
14:30|But when he saw the strong wind, he became afraid. Beginning to sink, he cried, “Lord, save me!”|Keeps the pinned strong and urgent repeated salvation plea.
14:31|Jesus immediately reached out his hand and caught him. “You of little faith,” he said, “why did you doubt?”|Retains rescue before rebuke and little faith rather than no faith.
14:32|When they climbed into the boat, the wind died down.|Keeps the plural return and timing of calm.
14:33|Those in the boat worshiped him, saying, “Truly you are God’s Son.”|Renders proskyneo as worship in the explicit confession context.
14:34|They crossed over and came ashore at Gennesaret.|Retains the named landing place.
14:35|The men of that place recognized him and sent word throughout the surrounding region. They brought him everyone who was sick|Keeps local recognition and the comprehensive gathering.
14:36|and begged him to let them touch just the fringe of his garment. Everyone who touched it was made well.|Retains the fringe echo and universal result.
15:1|Then Pharisees and scribes came to Jesus from Jerusalem and asked,|Keeps the origin and source order of groups.
15:2|“Why do your disciples break the tradition of the elders? They don’t wash their hands when they eat.”|Preserves the tradition issue without treating it as modern hygiene.
15:3|He answered them, “Why do you break God’s command because of your tradition?|Keeps the counterquestion and command/tradition distinction.
15:4|For God said, ‘Honor your father and mother,’ and, ‘Whoever curses father or mother must be put to death.’|Retains both quoted commands including the severe penalty.
15:5|But you say that anyone may tell father or mother, ‘Whatever help you might have received from me is a gift devoted to God,’|Unfolds the compact gift formula with its religious implication.
15:6|and need not honor their father. So you have nullified God’s word because of your tradition.|Follows the pinned father-only wording and word rather than command variant.
15:7|Hypocrites! Isaiah prophesied well about you when he said,|Preserves the sharp address and quotation introduction.
15:8|‘This people honors me with their lips,\nbut their heart is far from me.|Keeps lips/heart distance imagery as poetry.
15:9|Their worship of me is empty,\nfor they teach human commands as doctrines.’”|Preserves the cause of empty worship without attacking all tradition.
15:10|He called the crowd to him and said, “Listen and understand.|Keeps the paired invitation to hearing and comprehension.
15:11|What goes into the mouth does not defile a person. What comes out of the mouth is what defiles a person.”|Retains repeated mouth and defile terminology.
15:12|Then the disciples came and asked him, “Do you know the Pharisees took offense when they heard that?”|Keeps the disciples’ concern and reported reaction.
15:13|He answered, “Every plant my heavenly Father did not plant will be uprooted.|Preserves the planting metaphor and divine agency.
15:14|Leave them alone. They are blind guides of the blind. If one blind person leads another, both will fall into a pit.”|Keeps the ancient metaphor and shared outcome without adding a medical claim.
15:15|Peter said to him, “Explain this parable to us.”|Preserves the request for communal understanding.
15:16|He answered, “Are you still without understanding too?|Keeps the rebuke’s still and too.
15:17|Don’t you understand that everything entering the mouth goes into the stomach and is expelled into the latrine?|Retains the bodily process and blunt ancient sanitation term.
15:18|But what comes out of the mouth comes from the heart, and that is what defiles a person.|Preserves heart as the source of expressed evil.
15:19|For from the heart come evil thoughts, murders, adulteries, sexual immoralities, thefts, false testimonies, and slanders.|Keeps all seven plural categories without collapsing sexual terms together.
15:20|These are what defile a person. Eating with unwashed hands does not defile a person.”|Returns explicitly to the dispute’s actual practice.
15:21|Jesus left that place and withdrew to the region of Tyre and Sidon.|Keeps both place names and withdrawal.
15:22|A Canaanite woman from that region came out, crying, “Have mercy on me, Lord, Son of David! My daughter is suffering terribly from a demon.”|Preserves Matthew’s ethnic designation, title, and severe suffering.
15:23|He did not answer her a word. His disciples came and urged him, “Send her away; she keeps shouting after us.”|Retains the silence and disciples’ ambiguous send-away request.
15:24|He answered, “I was sent only to the lost sheep of the house of Israel.”|Keeps the restrictive mission claim and recurring sheep language.
15:25|But she came and bowed before him. “Lord, help me,” she said.|Preserves her persistence and concise plea.
15:26|He answered, “It is not right to take the children’s bread and throw it to the little dogs.”|Retains the harsh comparison and diminutive without softening it into affection.
15:27|“Yes, Lord,” she said, “for even the little dogs eat the crumbs that fall from their masters’ table.”|Keeps her affirmative response and resourceful continuation of the image.
15:28|Then Jesus answered her, “Woman, your faith is great! Let it happen for you as you wish.” And her daughter was healed from that moment.|Preserves emphatic great faith and immediate healing.
15:29|Jesus moved on from there and came beside the Sea of Galilee. He went up the mountain and sat down.|Keeps geography and posture without inventing a route.
15:30|Large crowds came to him, bringing people unable to speak, blind people, lame people, people with impaired limbs, and many others. They laid them at his feet, and he healed them.|Retains all groups in pinned order and avoids making kyllos a specific diagnosis.
15:31|The crowd was amazed to see those unable to speak speaking, impaired limbs made healthy, the lame walking, and the blind seeing. They glorified the God of Israel.|Keeps each outcome and the specific divine designation.
15:32|Jesus called his disciples to him. “I have compassion for the crowd,” he said. “They have stayed with me for three days now and have nothing to eat. I don’t want to send them away hungry; they might collapse on the road.”|Preserves duration, compassion, and the physical risk.
15:33|The disciples asked him, “Where could we find enough bread in this wilderness to satisfy a crowd this large?”|Keeps their practical question without supplying narrative criticism.
15:34|Jesus asked them, “How many loaves do you have?” “Seven,” they said, “and a few small fish.”|Retains quantities distinct from the first feeding.
15:35|He instructed the crowd to recline on the ground.|Preserves ground rather than importing grass.
15:36|He took the seven loaves and the fish, gave thanks, broke them, and kept giving them to the disciples. The disciples gave them to the crowds.|Retains thanksgiving and sustained distribution.
15:37|Everyone ate and was satisfied. They gathered the leftover pieces—seven full large baskets.|Keeps seven and distinguishes spyris from the earlier basket term.
15:38|Four thousand men ate, besides women and children.|Retains the male count and additional uncounted groups.
15:39|After dismissing the crowds, he got into the boat and came to the region of Magadan.|Preserves the pinned place name rather than Magdala.
16:1|The Pharisees and Sadducees came to test him. They asked him to show them a sign from heaven.|Retains both groups and their stated testing motive.
16:2|He answered, “In the evening you say, ‘Fair weather—the sky is red.’|Translates the passage printed in the pinned edition while flagging its textual status in notes.
16:3|And in the morning, ‘Stormy weather today—the sky is red and threatening.’ You know how to read the sky’s appearance, but you cannot read the signs of the times.|Preserves both weather judgments and the interpretive contrast.
16:4|An evil and adulterous generation demands a sign, but no sign will be given to it except the sign of Jonah.” Then he left them and went away.|Keeps the repeated sign saying without importing prophet into this version.
16:5|The disciples reached the other side but had forgotten to bring bread.|Preserves the practical omission that prompts misunderstanding.
16:6|Jesus told them, “Be watchful. Beware of the leaven of the Pharisees and Sadducees.”|Keeps both cautions and the metaphor for later explanation.
16:7|They discussed it among themselves: “We didn’t bring bread.”|Preserves the disciples’ literal interpretation.
16:8|Jesus knew what they were saying. “You of little faith,” he said, “why are you discussing among yourselves that you didn’t bring bread?|Retains little faith and the repeated bread concern.
16:9|Do you still not understand? Don’t you remember the five loaves for the five thousand, and how many baskets you gathered?|Preserves the first feeding’s exact figures and unanswered basket question.
16:10|Or the seven loaves for the four thousand, and how many large baskets you gathered?|Preserves the second feeding and distinct basket word.
16:11|How can you not understand that I wasn’t speaking to you about bread? Beware of the leaven of the Pharisees and Sadducees.”|Keeps the correction and repeated warning.
16:12|Then they understood: he had told them to beware of the teaching of the Pharisees and Sadducees, not the leaven in bread.|Makes the narrator’s stated interpretation clear.
16:13|When Jesus came to the region of Caesarea Philippi, he asked his disciples, “Who do people say the Son of Man is?”|Keeps the pinned title rather than replacing it with me.
16:14|They answered, “Some say John the Baptist; others, Elijah; still others, Jeremiah or one of the prophets.”|Preserves all alternatives and named figures.
16:15|“But you,” he asked, “who do you say I am?”|Keeps the emphatic plural you as a direct challenge.
16:16|Simon Peter answered, “You are the Messiah, the Son of the living God.”|Retains both titles and living.
16:17|Jesus answered him, “Blessed are you, Simon son of Jonah. Flesh and blood did not reveal this to you, but my Father in heaven.|Preserves patronymic and flesh-and-blood idiom.
16:18|And I tell you: you are Peter, and on this rock I will build my church. The gates of Hades will not overpower it.|Keeps Peter/rock connection, church, and gates without settling institutional interpretations.
16:19|I will give you the keys of the kingdom of heaven. Whatever you bind on earth will be bound in heaven, and whatever you release on earth will be released in heaven.”|Preserves binding/releasing metaphor and future perfect ambiguity for a note.
16:20|Then he strictly instructed the disciples to tell no one that he was the Messiah.|Keeps the force and exact content of the prohibition.
16:21|From then on Jesus began showing his disciples that he must go to Jerusalem, suffer much from the elders, chief priests, and scribes, be killed, and be raised on the third day.|Retains necessity, responsible groups, and resurrection timing.
16:22|Peter took him aside and began rebuking him: “God forbid, Lord! This will never happen to you.”|Renders the mercy idiom naturally and retains Peter’s emphatic denial.
16:23|But he turned and told Peter, “Get behind me, Satan! You are a stumbling block to me, because your mind is on human concerns, not God’s.”|Preserves severe address and the rock-to-stumbling-block tension.
16:24|Then Jesus told his disciples, “If anyone wants to come after me, they must deny themselves, take up their cross, and follow me.|Keeps all three actions and the execution image.
16:25|For whoever wants to save their life will lose it, but whoever loses their life because of me will find it.|Preserves the life paradox and qualification.
16:26|What good will it do a person to gain the whole world but forfeit their life? What can anyone give in exchange for their life?|Uses life consistently for psyche while retaining both exchange questions.
16:27|For the Son of Man is going to come in his Father’s glory with his angels. Then he will repay each person according to what that person has done.|Preserves coming, companions, and individual recompense.
16:28|Truly I tell you, some standing here will certainly not taste death before they see the Son of Man coming in his kingdom.”|Keeps the temporal difficulty and death-tasting image without resolving the referent.
17:1|Six days later, Jesus took Peter, James, and James’s brother John with him and led them up a high mountain by themselves.|Preserves exact interval, names, and relationship.
17:2|He was transformed before them. His face shone like the sun, and his clothes became white as light.|Retains passive transformation and both comparisons.
17:3|Then Moses and Elijah appeared to them, speaking with him.|Keeps both figures and the witnesses to the appearance.
17:4|Peter said to Jesus, “Lord, it is good for us to be here. If you wish, I will make three shelters here: one for you, one for Moses, and one for Elijah.”|Follows singular I will and all three allocations.
17:5|While he was still speaking, a bright cloud overshadowed them. A voice from the cloud said, “This is my beloved Son, in whom I delight. Listen to him.”|Preserves interrupted speech, bright shadowing, and the listening command.
17:6|When the disciples heard it, they fell facedown, terrified.|Keeps the bodily response and intense fear.
17:7|Jesus came, touched them, and said, “Get up. Do not be afraid.”|Preserves touch before reassurance.
17:8|When they looked up, they saw no one except Jesus alone.|Retains the emphatic solitary figure.
17:9|As they came down the mountain, Jesus commanded them, “Tell no one about the vision until the Son of Man has been raised from the dead.”|Keeps vision and the time-limited silence.
17:10|The disciples asked him, “Why then do the scribes say Elijah must come first?”|Preserves necessity and priority in the question.
17:11|He answered, “Elijah is indeed coming and will restore everything.|Keeps the future statement alongside the following already.
17:12|But I tell you, Elijah has already come. They did not recognize him and did whatever they wanted to him. In the same way, the Son of Man is going to suffer at their hands.”|Preserves nonrecognition and the suffering parallel.
17:13|Then the disciples understood that he was speaking to them about John the Baptist.|Retains the narrator’s explicit identification.
17:14|When they came to the crowd, a man approached Jesus, knelt before him,|Keeps the petitioner’s posture and continues his speech across the label.
17:15|and said, “Lord, have mercy on my son. He has seizures and suffers terribly; he often falls into fire and often into water.|Renders the ancient moon-struck term symptomatically without making all seizures demonic.
17:16|I brought him to your disciples, but they could not heal him.”|Keeps the father’s report of failed healing.
17:17|Jesus answered, “Unbelieving and twisted generation! How long must I be with you? How long must I put up with you? Bring him here to me.”|Preserves rebuke, doubled duration question, and command.
17:18|Jesus rebuked it, and the demon came out of the boy. From that moment the boy was healed.|Resolves the rebuked pronoun contextually while retaining the explicit demon and healing.
17:19|Then the disciples came to Jesus privately and asked, “Why couldn’t we drive it out?”|Keeps private inquiry and their emphatic inability.
17:20|He told them, “Because of your little faith. Truly I tell you, if you have faith like a mustard seed, you will tell this mountain, ‘Move from here to there,’ and it will move. Nothing will be impossible for you.”|Follows little faith and preserves the bold mountain claim without a missing verse addition.
17:22|While they were gathering in Galilee, Jesus told them, “The Son of Man is going to be handed over into human hands.|Follows gathering and retains the wordplay between Son of Man and human hands.
17:23|They will kill him, and on the third day he will be raised.” They were deeply distressed.|Keeps resurrection timing and the disciples’ actual response.
17:24|When they reached Capernaum, the collectors of the two-drachma tax approached Peter. “Doesn’t your teacher pay the two-drachma tax?” they asked.|Retains the precise tax rather than confusing it with Roman tribute.
17:25|“Yes,” he said. When he entered the house, Jesus spoke first: “What do you think, Simon? From whom do earthly kings collect customs or tribute—from their sons or from others?”|Preserves Jesus’ initiative and the distinction between sons and others.
17:26|“From others,” he answered. Jesus told him, “Then the sons are free.|Keeps the immediate conclusion about exemption.
17:27|But so that we do not cause them to stumble, go to the sea and cast a hook. Take the first fish you catch, and when you open its mouth you will find a stater. Take it and give it to them for me and you.”|Preserves all instructions, coin name, and payment for both without narrating an unreported fulfillment.
18:1|At that time the disciples came to Jesus and asked, “Who, then, is greatest in the kingdom of heaven?”|Preserves the comparative status question.
18:2|He called a child over and stood the child among them.|Keeps the enacted lesson before its explanation.
18:3|“Truly I tell you,” he said, “unless you turn and become like children, you will never enter the kingdom of heaven.|Preserves turning and emphatic exclusion before the greatness answer.
18:4|So whoever humbles themselves like this child is greatest in the kingdom of heaven.|Keeps humility as the explicit point of comparison.
18:5|And whoever welcomes one such child in my name welcomes me.|Retains one and the representative welcome.
18:6|“But if anyone causes one of these little ones who believe in me to stumble, it would be better for that person to have a great millstone hung around their neck and be drowned in the open sea.|Preserves believers, stumbling, and the severe drowning image.
18:7|Woe to the world because of stumbling blocks! Stumbling blocks are bound to come, but woe to the person through whom one comes.|Keeps inevitability distinct from individual responsibility.
18:8|If your hand or foot causes you to stumble, cut it off and throw it away. It is better for you to enter life maimed or lame than to have two hands or two feet and be thrown into eternal fire.|Retains graphic hyperbole and the life/fire contrast.
18:9|And if your eye causes you to stumble, tear it out and throw it away. It is better for you to enter life with one eye than to have two eyes and be thrown into fiery Gehenna.|Keeps the second parallel image and named destination.
18:10|“See that you do not despise one of these little ones. I tell you, their angels in heaven continually see the face of my Father in heaven.|Retains their angels and face without constructing an angelic system.
18:12|What do you think? If a man has a hundred sheep and one wanders away, won’t he leave the ninety-nine on the mountains and go looking for the stray?|Preserves numbers and the location of the remaining sheep.
18:13|And if he finds it, truly I tell you, he rejoices over it more than over the ninety-nine that did not stray.|Keeps if and the comparative rejoicing.
18:14|In the same way, your Father in heaven does not will that one of these little ones should perish.|Follows your Father and preserves one and perish.
18:15|“If your brother or sister sins against you, go and point out the wrong privately, just between the two of you. If they listen, you have gained your brother or sister.|Renders familial believers inclusively and retains pinned against you.
18:16|But if they do not listen, take one or two others with you, so that every matter may be established by the testimony of two or three witnesses.|Keeps both number sets and the legal witness principle.
18:17|If they refuse to listen to them, tell the church. If they refuse to listen even to the church, let that person be to you as a Gentile and a tax collector.|Preserves escalation and the final comparison without prescribing extra sanctions.
18:18|Truly I tell you, whatever you bind on earth will be bound in heaven, and whatever you release on earth will be released in heaven.|Matches 16:19’s wording while the plural audience is explained in notes.
18:19|Again, truly I tell you, if two of you on earth agree about any matter they ask for, my Father in heaven will do it for them.|Keeps two, agreement, and the broad promise in its local context.
18:20|For where two or three gather in my name, I am there among them.”|Retains the gathering qualification and presence.
18:21|Then Peter came and asked him, “Lord, how many times should I forgive my brother or sister when they sin against me? As many as seven?”|Keeps the forgiveness question and proposed limit.
18:22|Jesus told him, “Not seven times, I tell you, but seventy-seven times.|Chooses seventy-seven while recording seventy times seven as an alternative.
18:23|“That is why the kingdom of heaven is like a king who wanted to settle accounts with his slaves.|Keeps slavery and the accounting comparison.
18:24|As he began settling them, a man who owed ten thousand talents was brought before him.|Retains the enormous precise sum and ancient unit.
18:25|Since he could not repay it, his master ordered that he, his wife, his children, and everything he owned be sold to pay the debt.|Preserves the threatened sale of the whole family.
18:26|The slave fell down and bowed before him. ‘Be patient with me,’ he said, ‘and I will repay you everything.’|Keeps the implausibly comprehensive promise.
18:27|Moved with compassion, the master released that slave and forgave his debt.|Distinguishes release from cancellation of the loan.
18:28|But when that slave went out, he found a fellow slave who owed him a hundred denarii. He seized him and began choking him. ‘Pay what you owe!’ he said.|Retains the smaller debt, shared status, and physical assault.
18:29|His fellow slave fell down and begged him, ‘Be patient with me, and I will repay you.’|Preserves the deliberate echo without adding everything.
18:30|But he refused. Instead, he went and had him thrown into prison until he paid what he owed.|Keeps refusal and imprisonment until repayment.
18:31|When the other slaves saw what had happened, they were deeply distressed. They went and told their master everything.|Preserves grief and comprehensive reporting.
18:32|Then his master summoned him. ‘You evil slave,’ he said, ‘I forgave you that whole debt because you begged me.|Keeps the master’s reason and whole debt.
18:33|Shouldn’t you have shown your fellow slave mercy, just as I showed mercy to you?’|Preserves mercy’s reciprocal argument.
18:34|In anger, his master handed him over to the torturers until he paid everything he owed.|Retains actual torture rather than softening the officials’ role.
18:35|So my heavenly Father will also do to you unless each of you forgives your brother or sister from your heart.”|Preserves the severe application and inward forgiveness.
19:1|When Jesus finished these words, he left Galilee and came to the region of Judea beyond the Jordan.|Retains the discourse boundary and source geography without harmonizing it.
19:2|Large crowds followed him, and he healed them there.|Keeps the concise continuation and location.
19:3|Pharisees approached to test him. “Is a man permitted to divorce his wife for any reason?” they asked.|Preserves male action and the disputed any-reason scope.
19:4|He answered, “Haven’t you read that the Creator made them male and female from the beginning,|Keeps the creation reference and specific sexes.
19:5|and said, ‘For this reason a man will leave his father and mother and be joined to his wife, and the two will become one flesh’?|Retains leaving, joining, two, and bodily union.
19:6|So they are no longer two, but one flesh. Therefore, what God has joined together, no human being should separate.”|Keeps the inference and divine/human agency contrast.
19:7|They asked him, “Why then did Moses command giving her a certificate of divorce and sending her away?”|Preserves their command formulation for the following correction.
19:8|He told them, “Because of your hard hearts Moses permitted you to divorce your wives. But it was not that way from the beginning.|Keeps permitted versus commanded and the temporal contrast.
19:9|I tell you, whoever divorces his wife, except on grounds of sexual immorality, and marries another woman commits adultery. And whoever marries a divorced woman commits adultery.”|Retains porneia exception and the final clause printed in this pinned edition.
19:10|The disciples said to him, “If that is the situation between a man and his wife, it is better not to marry.”|Keeps the disciples’ inference as their speech.
19:11|He told them, “Not everyone can accept this saying, but only those to whom it has been given.|Preserves the limited capacity and passive gift.
19:12|For some eunuchs were born that way from their mother’s womb; others were made eunuchs by people; and others made themselves eunuchs for the kingdom of heaven. Let anyone who can accept this accept it.”|Keeps all three categories and the stark metaphor without endorsing mutilation.
19:13|Then children were brought to him so that he could lay his hands on them and pray. But the disciples rebuked them.|Preserves both intended actions and the pronoun’s open reference.
19:14|Jesus said, “Let the children come to me. Do not stop them, for the kingdom of heaven belongs to such as these.”|Keeps invitation, prohibition, and such-as comparison.
19:15|He laid his hands on them and went on from there.|Retains the narrated action without adding unreported words.
19:16|A man came up to him and asked, “Teacher, what good thing must I do to have eternal life?”|Follows Teacher and good thing rather than harmonizing good teacher.
19:17|He answered, “Why do you ask me about what is good? There is one who is good. If you want to enter life, keep the commandments.”|Preserves the pinned question and unnamed one.
19:18|“Which ones?” he asked. Jesus answered, “‘Do not murder. Do not commit adultery. Do not steal. Do not give false testimony.|Keeps the four prohibitions in source order.
19:19|Honor your father and mother,’ and, ‘Love your neighbor as yourself.’”|Preserves the two positive commands and quotation boundaries.
19:20|The young man said to him, “I have kept all these. What do I still lack?”|Keeps his claim without an absent since-youth expansion.
19:21|Jesus told him, “If you want to be complete, go, sell your possessions, and give to the poor. You will have treasure in heaven. Then come, follow me.”|Links complete to 5:48 while preserving costly actions and the call.
19:22|When the young man heard this, he went away distressed, because he had many possessions.|Keeps possessions as the stated cause of grief.
19:23|Jesus told his disciples, “Truly I tell you, it is hard for a rich person to enter the kingdom of heaven.|Preserves difficulty rather than an absolute prohibition.
19:24|Again I tell you, it is easier for a camel to pass through a needle’s hole than for a rich person to enter the kingdom of God.”|Keeps camel and literal needle without an invented gate explanation.
19:25|When the disciples heard this, they were utterly astonished. “Who, then, can be saved?” they asked.|Retains the strong reaction and universal question.
19:26|Jesus looked at them and said, “For human beings this is impossible, but for God all things are possible.”|Keeps impossible/possible and human/divine contrasts.
19:27|Then Peter replied, “Look, we have left everything and followed you. What will there be for us?”|Preserves the disciples’ claim and reward question.
19:28|Jesus told them, “Truly I tell you, at the renewal, when the Son of Man sits on his glorious throne, you who have followed me will also sit on twelve thrones, judging the twelve tribes of Israel.|Retains renewal, enthronement, both twelves, and judging without reducing it to one function.
19:29|And everyone who has left houses, brothers, sisters, father, mother, wife, children, or fields because of my name will receive a hundredfold and inherit eternal life.|Preserves wife as printed and all categories and reward figures.
19:30|But many who are first will be last, and the last first.|Keeps many and the reversal that introduces the next parable.
20:1|“For the kingdom of heaven is like a landowner who went out early in the morning to hire workers for his vineyard.|Preserves the causal link to first/last and paid labor.
20:2|He agreed with the workers on a denarius for the day and sent them into his vineyard.|Keeps negotiated wage and daily period.
20:3|About the third hour he went out and saw others standing in the marketplace without work.|Renders idle as the employment condition established by their later answer.
20:4|He told them, ‘You go into the vineyard too, and I will pay you whatever is right.’|Preserves unspecified but just remuneration.
20:5|So they went. He went out again about the sixth and ninth hours and did the same.|Keeps both later hiring times.
20:6|About the eleventh hour he went out and found others standing there. ‘Why have you stood here all day without work?’ he asked.|Retains late timing and the question’s duration.
20:7|‘Because no one has hired us,’ they answered. He told them, ‘You go into the vineyard too.’|Keeps their stated cause and excludes an absent wage addition.
20:8|When evening came, the vineyard owner told his manager, ‘Call the workers and pay their wages, beginning with the last and ending with the first.’|Preserves deliberately reversed payment order.
20:9|Those hired about the eleventh hour came and each received a denarius.|Keeps equal individual payment and hiring time.
20:10|When the first came, they expected more. But they too received a denarius each.|Preserves expectation contrasted with actual payment.
20:11|After receiving it, they grumbled against the landowner.|Retains complaint after acceptance of the wage.
20:12|‘These last worked one hour,’ they said, ‘and you have made them equal to us, who bore the day’s burden and burning heat.’|Keeps the equality grievance and real labor hardship.
20:13|He answered one of them, ‘Friend, I am not wronging you. Didn’t you agree with me on a denarius?|Preserves singular address and contractual defense.
20:14|Take what is yours and go. I want to give this last worker the same as you.|Keeps the owner’s stated desire and equal gift.
20:15|Am I not free to do what I want with what is mine? Or is your eye evil because I am good?’|Retains the evil-eye idiom for a note explaining envy.
20:16|So the last will be first, and the first last.”|Keeps the reversal without an absent many-called addition.
20:17|As Jesus went up to Jerusalem, he took the twelve disciples aside. On the road he told them,|Preserves private setting within the journey.
20:18|“Look, we are going up to Jerusalem. The Son of Man will be handed over to the chief priests and scribes, and they will condemn him to death.|Keeps destination, agents, and judicial death sentence.
20:19|They will hand him over to the Gentiles to be mocked, flogged, and crucified. And on the third day he will be raised.”|Retains all three forms of abuse and resurrection timing.
20:20|Then the mother of Zebedee’s sons came to him with her sons. Bowing before him, she asked him for something.|Preserves the mother’s initiative rather than harmonizing another account.
20:21|“What do you want?” he asked her. She said, “Command that these two sons of mine sit beside you in your kingdom, one at your right and one at your left.”|Keeps the request for authoritative appointment and both seats.
20:22|Jesus answered, “You do not know what you are asking. Can you drink the cup I am about to drink?” “We can,” they told him.|Preserves plural response and cup without adding baptism language.
20:23|He told them, “You will drink my cup. But the seats at my right and left are not mine to give; they belong to those for whom my Father has prepared them.”|Keeps the shared cup and reserved appointment.
20:24|When the ten heard this, they were indignant with the two brothers.|Retains the numerical and relational contrast.
20:25|Jesus called them to him and said, “You know that the rulers of the Gentiles lord it over them, and their great ones wield authority over them.|Keeps the two forms of domination.
20:26|It will not be that way among you. Whoever wants to become great among you will be your servant,|Preserves the future formulation and servant term.
20:27|and whoever wants to be first among you will be your slave,|Distinguishes slave from servant and first from great.
20:28|just as the Son of Man came to serve, not to be served, and to give his life as a ransom for many.”|Retains ransom and many without inserting a theory of payment.
20:29|As they left Jericho, a large crowd followed him.|Preserves departure rather than harmonizing arrival accounts.
20:30|Two blind men were sitting beside the road. When they heard Jesus was passing by, they cried out, “Lord, have mercy on us, Son of David!”|Keeps two and the royal mercy appeal.
20:31|The crowd rebuked them, telling them to be quiet. But they cried out all the louder, “Lord, have mercy on us, Son of David!”|Preserves identical repeated plea and intensified resistance.
20:32|Jesus stopped, called them, and asked, “What do you want me to do for you?”|Keeps stopping and the open question.
20:33|“Lord,” they answered, “let our eyes be opened.”|Retains the physical image in their request.
20:34|Moved with compassion, Jesus touched their eyes. Immediately they received sight and followed him.|Preserves compassion, touch, immediacy, and following.
21:1|As they approached Jerusalem and came to Bethphage on the Mount of Olives, Jesus sent two disciples ahead.|Preserves all locations and the exact number sent.
21:2|He told them, “Go into the village opposite you. You will immediately find a donkey tied there, with a colt beside her. Untie them and bring them to me.|Keeps both animals and the female donkey’s relationship to the colt.
21:3|If anyone says anything to you, say, ‘The Lord needs them,’ and he will send them at once.”|Preserves the ambiguous he and the Lord designation.
21:4|This happened to fulfill what was spoken through the prophet:|Keeps the fulfillment frame without inserting a name into the verse.
21:5|“Tell daughter Zion:\nLook, your king is coming to you,\ngentle and riding on a donkey,\nand on a colt, the foal of a beast of burden.”|Retains daughter Zion and Matthew’s coordinated animal wording.
21:6|The disciples went and did just as Jesus had instructed.|Keeps the obedience formula.
21:7|They brought the donkey and the colt, placed their garments on them, and he sat on them.|Retains the final plural pronoun, with its likely garment reference explained in notes.
21:8|Most of the crowd spread their garments on the road. Others cut branches from the trees and spread them on the road.|Preserves garments/branches distinction without importing palms.
21:9|The crowds ahead of him and behind him kept shouting:\n“Hosanna to the Son of David!\nBlessed is the one who comes in the Lord’s name!\nHosanna in the highest!”|Keeps the liturgical cry and three acclamations.
21:10|When he entered Jerusalem, the whole city was shaken. “Who is this?” people asked.|Preserves the earthquake-like reaction image.
21:11|The crowds answered, “This is the prophet Jesus, from Nazareth in Galilee.”|Keeps their actual identification and origin.
21:12|Jesus entered the temple and drove out everyone selling and buying there. He overturned the money changers’ tables and the seats of those selling doves.|Retains buyers as well as sellers and both overturned objects.
21:13|He told them, “It is written, ‘My house will be called a house of prayer,’ but you are making it a robbers’ den.”|Preserves the scriptural contrast without an absent for-all-nations phrase.
21:14|Blind and lame people came to him in the temple, and he healed them.|Keeps both groups and temple location.
21:15|The chief priests and scribes saw the wonders he did and the children shouting in the temple, “Hosanna to the Son of David!” They were indignant|Preserves children’s cry and the leaders’ stated response.
21:16|and asked him, “Do you hear what they are saying?” “Yes,” Jesus answered. “Have you never read, ‘From the mouths of infants and nursing babies you have prepared praise’?”|Keeps praise as Matthew’s Greek quotation rather than harmonizing to Hebrew strength.
21:17|He left them, went out of the city to Bethany, and spent the night there.|Retains the overnight destination.
21:18|Early in the morning, as he returned to the city, he was hungry.|Keeps the human bodily need and timing.
21:19|He saw a fig tree beside the road and went to it, but found nothing on it except leaves. He said to it, “May no fruit ever come from you again.” At once the fig tree withered.|Preserves immediate sequence and perpetual prohibition without importing another chronology.
21:20|The disciples saw it and were amazed. “How did the fig tree wither at once?” they asked.|Keeps their question’s focus on immediacy.
21:21|Jesus answered them, “Truly I tell you, if you have faith and do not doubt, you will do not only what happened to the fig tree. Even if you tell this mountain, ‘Be lifted up and thrown into the sea,’ it will happen.|Retains both demonstrations and the conditional assurance.
21:22|Whatever you ask for in prayer with faith, you will receive.”|Keeps the broad promise without inserting qualifications into the text.
21:23|He entered the temple and was teaching when the chief priests and elders of the people approached him. “By what authority are you doing these things?” they asked. “Who gave you this authority?”|Preserves two related questions and the teaching setting.
21:24|Jesus answered, “I will ask you one question too. If you answer it, I will tell you by what authority I do these things.|Keeps the conditional exchange.
21:25|Where did John’s baptism come from—heaven or human beings?” They discussed it among themselves: “If we say, ‘Heaven,’ he will ask, ‘Why didn’t you believe him?’|Preserves the first dilemma and source-of-authority contrast.
21:26|But if we say, ‘Human beings’—we fear the crowd, because everyone regards John as a prophet.”|Keeps the broken deliberation and fear-driven reasoning.
21:27|So they answered Jesus, “We don’t know.” He told them, “Neither will I tell you by what authority I do these things.|Retains reciprocal refusal rather than ignorance attributed to Jesus.
21:28|“What do you think? A man had two sons. He went to the first and said, ‘Child, go work in the vineyard today.’|Preserves two, first, affectionate address, and today.
21:29|‘I don’t want to,’ he answered. But later he changed his mind and went.|Follows the pinned first-son sequence and actual change of action.
21:30|The father went to the second and said the same thing. ‘I will, sir,’ he answered, but he did not go.|Keeps assent without obedience and contrasts the two sons.
21:31|Which of the two did his father’s will?” “The first,” they said. Jesus told them, “Truly I tell you, tax collectors and prostitutes are going ahead of you into the kingdom of God.|Preserves first and going-ahead rather than declaring a permanent ethnic replacement.
21:32|For John came to you in the way of righteousness, and you did not believe him. But tax collectors and prostitutes did. Even after seeing this, you did not change your minds and believe him.|Keeps righteousness, belief, and repeated failure to change.
21:33|“Listen to another parable. A landowner planted a vineyard, put a fence around it, dug a winepress in it, and built a tower. He leased it to tenant farmers and went abroad.|Retains every preparation and the tenancy relationship.
21:34|When harvest time approached, he sent his slaves to the tenants to collect his produce.|Keeps slaves and the owner’s claim to fruit.
21:35|The tenants seized his slaves, beat one, killed another, and stoned another.|Preserves three distinct attacks.
21:36|He sent other slaves, more than before, and the tenants treated them the same way.|Keeps increased number and repeated treatment.
21:37|Finally he sent his son to them, saying, ‘They will respect my son.’|Preserves the father’s expectation without endorsing it as outcome.
21:38|But when the tenants saw the son, they said to one another, ‘This is the heir. Come, let’s kill him and take his inheritance.’|Keeps motive and shared conspiracy.
21:39|They seized him, threw him outside the vineyard, and killed him.|Preserves expulsion before killing.
21:40|So when the vineyard’s owner comes, what will he do to those tenants?”|Keeps the question inviting their own judgment.
21:41|They told him, “He will bring those evil men to an evil end and lease the vineyard to other tenants who will give him the produce at harvest time.”|Echoes kakous kakos and preserves the speakers’ verdict.
21:42|Jesus said to them, “Have you never read in the Scriptures:\n‘The stone the builders rejected\nhas become the cornerstone.\nThis came from the Lord,\nand it is marvelous in our eyes’?|Retains rejected stone, reversal, and communal wonder.
21:43|That is why I tell you: the kingdom of God will be taken from you and given to a people who produce its fruit.|Preserves people and fruit without adding an ethnic identification.
21:44|The one who falls on this stone will be shattered, and anyone on whom it falls will be crushed.”|Retains the verse printed in the pinned source and both destructive directions.
21:45|When the chief priests and Pharisees heard his parables, they knew he was speaking about them.|Keeps the explicitly identified immediate targets.
21:46|They wanted to arrest him, but feared the crowds, who regarded him as a prophet.|Preserves intention, restraint, and popular judgment.
22:1|Jesus spoke to them again in parables:|Keeps continuity with the disputed parables.
22:2|“The kingdom of heaven is like a king who held a wedding feast for his son.|Preserves royal father/son relationship and feast.
22:3|He sent his slaves to call those invited to the wedding feast, but they would not come.|Keeps repeated invitation and deliberate refusal.
22:4|He sent other slaves, saying, ‘Tell the invited guests: Look, I have prepared my meal. My oxen and fattened animals have been slaughtered, and everything is ready. Come to the wedding feast.’|Retains specific provisions and renewed invitation.
22:5|But they paid no attention and went away, one to his own field, another to his business.|Keeps ordinary pursuits as distinct refusals.
22:6|The rest seized his slaves, abused them, and killed them.|Preserves escalating mistreatment and murder.
22:7|The king was enraged. He sent his troops, destroyed those murderers, and burned their city.|Keeps the parable’s violent reprisal without sanitizing it.
22:8|Then he told his slaves, ‘The wedding feast is ready, but the invited guests were not worthy.|Preserves readiness contrasted with worthiness.
22:9|Go out where the roads lead and invite everyone you find to the wedding feast.’|Renders road outlets without over-specifying crossroads or gates.
22:10|Those slaves went out into the roads and gathered everyone they found, both evil and good. The wedding feast was filled with guests.|Keeps both moral categories and full attendance.
22:11|When the king came in to look at the guests, he saw a man there who was not wearing wedding clothes.|Preserves the missing attire without inventing a provision custom.
22:12|‘Friend,’ he asked, ‘how did you get in here without wedding clothes?’ The man was speechless.|Keeps the address, question, and silence.
22:13|Then the king told the attendants, ‘Bind his feet and hands and throw him into the outer darkness. There will be weeping and grinding of teeth.’|Distinguishes attendants from slaves and retains the judgment refrain.
22:14|For many are called, but few are chosen.”|Keeps the concise called/chosen contrast without doctrinal expansion.
22:15|Then the Pharisees went and planned how to trap him in what he said.|Preserves the explicitly hostile rhetorical purpose.
22:16|They sent their disciples to him with the Herodians. “Teacher,” they said, “we know you are truthful and teach God’s way truthfully. You are not swayed by anyone, because you do not judge by appearances.|Renders face-looking idiom naturally while preserving their flattery.
22:17|So tell us what you think: Is it permitted to pay tribute to Caesar or not?”|Keeps the legal question and Roman recipient.
22:18|Jesus knew their malice. “Why are you testing me, hypocrites?” he asked.|Preserves narrator’s motive statement and direct rebuke.
22:19|“Show me the coin used for the tribute.” They brought him a denarius.|Keeps the requested object and precise denomination.
22:20|He asked them, “Whose image and inscription are these?”|Retains both identifying features.
22:21|“Caesar’s,” they answered. Then he told them, “Give back to Caesar what belongs to Caesar, and to God what belongs to God.”|Keeps give-back force and the parallel claims without a political system added.
22:22|When they heard this, they were amazed. They left him and went away.|Preserves the actual response and withdrawal.
22:23|That same day Sadducees, who say there is no resurrection, approached him and asked,|Keeps the relevant belief attributed to this group.
22:24|“Teacher, Moses said that if a man dies without children, his brother must marry the widow and raise offspring for his brother.|Preserves the brother’s duty and lineage purpose.
22:25|There were seven brothers among us. The first married and died without offspring, leaving his wife to his brother.|Keeps the hypothetical family’s number and sequence.
22:26|The same happened to the second and third, and on through all seven.|Preserves repetition compressed by the source.
22:27|After all of them, the woman died.|Keeps her death last in sequence.
22:28|So in the resurrection, whose wife will she be of the seven? All of them had married her.”|Preserves the legal puzzle without treating the woman as an object in English.
22:29|Jesus answered them, “You are mistaken, because you know neither the Scriptures nor God’s power.|Keeps the two stated failures.
22:30|In the resurrection people neither marry nor are given in marriage. They are like God’s angels in heaven.|Retains simile rather than saying humans become angels.
22:31|And about the resurrection of the dead, haven’t you read what God said to you:|Preserves the striking to-you address of Scripture.
22:32|‘I am the God of Abraham, the God of Isaac, and the God of Jacob’? He is God of the living, not of the dead.”|Keeps three repeated titles and the life/death contrast.
22:33|The crowds heard this and were astonished at his teaching.|Retains teaching as the object of astonishment.
22:34|When the Pharisees heard that he had silenced the Sadducees, they gathered together.|Preserves the narrative link between exchanges.
22:35|One of them, an expert in the Law, tested him with a question:|Keeps expertise and testing purpose.
22:36|“Teacher, which commandment is greatest in the Law?”|Renders great contextually as a ranking question.
22:37|He answered, “‘Love the Lord your God with all your heart, all your soul, and all your mind.’|Keeps all three faculties and repeated totality without adding strength.
22:38|This is the greatest and first commandment.|Retains both priority terms.
22:39|A second is like it: ‘Love your neighbor as yourself.’|Keeps likeness and self-comparison.
22:40|The whole Law and the Prophets hang on these two commandments.”|Preserves the hanging image and comprehensive scope.
22:41|While the Pharisees were gathered, Jesus asked them,|Keeps the reversal to Jesus as questioner.
22:42|“What do you think about the Messiah? Whose son is he?” “David’s,” they answered.|Preserves Messiah and the lineage question.
22:43|He asked them, “How then does David, speaking in the Spirit, call him Lord? He says,|Keeps Spirit attribution and the posed tension.
22:44|‘The Lord said to my Lord,\n“Sit at my right hand\nuntil I put your enemies beneath your feet.”’|Preserves two Lords, right-hand position, and pinned beneath rather than footstool.
22:45|If David calls him Lord, how is he his son?”|Retains the unanswered interpretive question.
22:46|No one could answer him a word. From that day on, no one dared question him any further.|Keeps both immediate silence and subsequent cessation.
23:1|Then Jesus spoke to the crowds and to his disciples:|Preserves both audiences before the direct denunciation.
23:2|“The scribes and Pharisees have taken their seat in Moses’s chair.|Keeps the teaching-authority image rather than assigning an unmentioned office.
23:3|So do and observe everything they tell you, but do not act as they act. They speak but do not do.|Preserves the difficult positive instruction alongside the criticism of conduct.
23:4|They tie up heavy loads and put them on people’s shoulders, but will not move them with their own finger.|Retains bodily burden imagery without an absent extra adjective.
23:5|They do everything to be seen by people. They make their phylacteries broad and their garment fringes long.|Keeps specific practices for vocabulary explanation and the stated display motive.
23:6|They love the place of honor at dinners and the front seats in synagogues,|Preserves both settings and sought positions.
23:7|greetings in the marketplaces, and being called ‘Rabbi’ by people.|Keeps title and public recognition.
23:8|But you must not be called ‘Rabbi,’ for you have one teacher, and you are all brothers and sisters.|Renders community sibling language inclusively while retaining the one-teacher claim.
23:9|And call no one on earth your father, for you have one Father, the heavenly one.|Keeps the force of the saying without embedding an exception.
23:10|Nor are you to be called instructors, for you have one instructor, the Messiah.|Distinguishes this title from teacher and retains Messiah.
23:11|The greatest among you will be your servant.|Keeps future formulation and greatness/service reversal.
23:12|Whoever exalts themselves will be humbled, and whoever humbles themselves will be exalted.|Preserves both passive reversals without naming an unstated agent.
23:13|“Woe to you, scribes and Pharisees, hypocrites! You shut the kingdom of heaven in people’s faces. You do not enter yourselves, and you do not let those trying to enter go in.|Retains the door image and both failures without adding absent verse14.
23:15|“Woe to you, scribes and Pharisees, hypocrites! You travel over sea and land to make one convert, and when you do, you make that person twice as much a child of Gehenna as yourselves.|Keeps travel, one convert, doubled judgment, and family metaphor.
23:16|“Woe to you, blind guides! You say, ‘If anyone swears by the sanctuary, it means nothing; but if anyone swears by the sanctuary’s gold, the oath is binding.’|Distinguishes sanctuary from wider temple and preserves the quoted rule.
23:17|Blind fools! Which is greater: the gold, or the sanctuary that made the gold holy?|Keeps the sharp address and source of holiness.
23:18|You also say, ‘If anyone swears by the altar, it means nothing; but if anyone swears by the gift on it, the oath is binding.’|Preserves the parallel disputed rule.
23:19|Blind people! Which is greater: the gift, or the altar that makes the gift holy?|Follows the pinned shorter address and repeats the sanctifying relation.
23:20|So whoever swears by the altar swears by it and by everything on it.|Keeps the inclusive oath implication.
23:21|Whoever swears by the sanctuary swears by it and by the one who dwells in it.|Preserves dwelling without replacing the personal referent with an abstraction.
23:22|And whoever swears by heaven swears by God’s throne and by the one seated on it.|Keeps throne and enthroned person distinct in the image.
23:23|“Woe to you, scribes and Pharisees, hypocrites! You tithe mint, dill, and cumin, but have neglected the weightier matters of the Law: justice, mercy, and faithfulness. You should have practiced these without neglecting the others.|Retains all herbs, three virtues, and the nonexclusive conclusion.
23:24|Blind guides! You strain out a gnat but swallow a camel.|Keeps the deliberately absurd size contrast.
23:25|“Woe to you, scribes and Pharisees, hypocrites! You clean the outside of the cup and dish, but inside they are full of plunder and self-indulgence.|Follows pinned akrasia and preserves the image’s moral contents.
23:26|Blind Pharisee! First clean the inside of the cup and dish, so that its outside may become clean too.|Keeps singular addressee, printed dish, and inside-before-outside sequence.
23:27|“Woe to you, scribes and Pharisees, hypocrites! You are like whitewashed tombs, beautiful on the outside but full of dead people’s bones and every kind of uncleanness within.|Preserves beauty/death contrast and ritual language.
23:28|In the same way, you appear righteous to people on the outside, but inside you are full of hypocrisy and lawlessness.|Keeps the explicit interpretation of the tomb image.
23:29|“Woe to you, scribes and Pharisees, hypocrites! You build the prophets’ tombs and decorate the monuments of the righteous,|Preserves both commemorative activities.
23:30|and say, ‘If we had lived in our ancestors’ days, we would not have shared with them in shedding the prophets’ blood.’|Keeps their counterfactual moral claim and blood imagery.
23:31|So you testify against yourselves that you are descendants of those who murdered the prophets.|Preserves the familial accusation as Jesus’ rhetorical argument.
23:32|You too—fill up the measure of your ancestors!|Retains the biting imperative and measure image without softening to prediction.
23:33|Snakes! Brood of vipers! How will you escape the judgment of Gehenna?|Keeps both insults and the rhetorical judgment question.
23:34|That is why I am sending you prophets, wise people, and scribes. Some you will kill and crucify; others you will flog in your synagogues and persecute from town to town.|Preserves all three sent groups and concrete forms of violence.
23:35|So all the righteous blood shed on earth will come upon you, from the blood of righteous Abel to the blood of Zechariah son of Berechiah, whom you murdered between the sanctuary and the altar.|Keeps the difficult patronymic exactly rather than harmonizing to another Zechariah.
23:36|Truly I tell you, all these things will come upon this generation.|Preserves this generation as the explicit scope.
23:37|“Jerusalem, Jerusalem! You kill the prophets and stone those sent to you. How often I wanted to gather your children as a hen gathers her chicks beneath her wings, but you were unwilling!|Retains doubled city name, maternal image, and competing wills.
23:38|Look, your house is left to you deserted.|Follows pinned deserted and leaves house’s referent open.
23:39|For I tell you, from now on you will not see me until you say, ‘Blessed is the one who comes in the Lord’s name.’”|Keeps the temporal qualification and exact earlier acclamation.
