1:1|The proverbs of Solomon, son of David, king of Israel.|Retain authorial royal attribution.
1:2|For learning wisdom and discipline,\nfor understanding words of insight;|Preserve paired aims of collection.
1:3|for receiving discipline that teaches good judgment,\nrighteousness, justice, and fairness;|Keep three ethical terms distinct.
1:4|for giving the inexperienced good sense,\nand a young man knowledge and discretion.|Retain specifically masculine learner and practical shrewdness.
1:5|Let the wise listen and add to their learning;\nlet the discerning gain guidance,|Experienced readers also learn.
1:6|to understand proverbs and figures of speech,\nthe words of the wise and their riddles.|Retain varied literary forms.
1:7|The fear of the LORD is the beginning of knowledge;\nfools despise wisdom and discipline.|Keep fear and beginning as foundational vocabulary.
1:8|My son, listen to your father’s discipline,\nand do not abandon your mother’s instruction.|Both parents teach with distinct terms.
1:9|They are a lovely garland for your head\nand ornaments for your neck.|Preserve adornment imagery.
1:10|My son, if sinners entice you,\ndo not agree to go.|Consent is the immediate warning.
1:11|They may say, “Come with us!\nLet’s lie in wait to spill blood;\nlet’s ambush someone innocent for no reason.|Do not soften proposed gratuitous violence.
1:12|Let’s swallow them alive, like Sheol,\nwhole, like those going down to the Pit.|Keep death images and whole-person swallowing.
1:13|We will find all kinds of precious wealth\nand fill our houses with plunder.|Preserve the lure of stolen wealth.
1:14|Throw in your lot with us;\nwe will all share one purse.”|Retain lot and common purse images.
1:15|My son, do not walk their road;\nkeep your feet off their path.|Road imagery begins sustained contrast.
1:16|Their feet run toward evil;\nthey hurry to spill blood.|Keep speed and explicit bloodshed.
1:17|A net is spread in vain\nin full view of any bird.|Preserve the proverb’s bird comparison.
1:18|But these men lie in wait for their own blood;\nthey ambush their own lives.|Make self-destructive reversal explicit.
1:19|Such are the paths of everyone greedy for gain:\nit takes the life of those who possess it.|Gain itself becomes fatal agent.
1:20|Wisdom cries out in the street;\nshe raises her voice in the public squares.|Introduce Wisdom as female speaker.
1:21|At the head of the noisy streets she calls;\nat the city gates she speaks her words:|Public proclamation remains concrete.
1:22|“How long, you inexperienced ones, will you love inexperience?\nHow long will scoffers delight in scoffing\nand fools hate knowledge?|Retain three audiences and deliberate repetition.
1:23|Turn when I rebuke you!\nThen I will pour out my spirit to you\nand make my words known to you.|Preserve spirit image rather than reducing to information.
1:24|I called, but you refused;\nI stretched out my hand, but no one paid attention.|Keep both unanswered gestures.
1:25|You dismissed all my counsel\nand would have none of my rebuke.|Retain counsel and rebuke distinction.
1:26|So I too will laugh at your disaster;\nI will mock when terror comes upon you,|Wisdom’s disturbing response remains explicit.
1:27|when terror sweeps over you like devastation\nand disaster arrives like a whirlwind,\nwhen distress and anguish come upon you.|Follow read form and retain accumulating disaster clauses.
1:28|Then they will call me, but I will not answer;\nthey will search for me, but will not find me.|Retain shift from you to they.
1:29|Because they hated knowledge\nand did not choose the fear of the LORD,|Preserve stated grounds and choice.
1:30|because they wanted none of my counsel\nand rejected every rebuke I gave,|Keep repeated rejected counsel.
1:31|they will eat the fruit of their own way\nand have their fill of their own schemes.|Preserve eating metaphor and self-chosen consequences.
1:32|The turning away of the inexperienced kills them;\nthe complacency of fools destroys them.|Different failures remain distinct.
1:33|But whoever listens to me will live securely,\nat ease, without fear of disaster.”|Close Wisdom’s speech with security promise.
2:1|My son, if you receive my words\nand store up my commands within you,|Begin extended conditional sentence.
2:2|making your ear attentive to wisdom\nand turning your heart toward understanding,|Preserve ear and heart images.
2:3|if you call out for insight\nand raise your voice for understanding,|Retain repeated active appeal.
2:4|if you seek it like silver\nand search for it like buried treasure,|Keep economic search comparison.
2:5|then you will understand the fear of the LORD\nand find the knowledge of God.|Mark delayed then answering verses 1–4.
2:6|For the LORD gives wisdom;\nknowledge and understanding come from his mouth.|Wisdom’s source remains divine speech.
2:7|He stores up sound wisdom for the upright;\nhe is a shield for those who walk with integrity,|Follow read form; retain shield and integrity.
2:8|guarding the paths of justice\nand protecting the way of his faithful ones.|Follow plural read form for faithful ones.
2:9|Then you will understand righteousness, justice, and fairness—\nevery good path.|Repeat ethical triad from 1:3.
2:10|For wisdom will enter your heart,\nand knowledge will be pleasant to your soul.|Retain inner reception and pleasure.
2:11|Discretion will watch over you;\nunderstanding will guard you,|Wisdom terms act as guardians.
2:12|rescuing you from the way of evil,\nfrom the man whose speech is twisted,|Retain male agent and speech distortion.
2:13|from those who leave straight paths\nto walk along dark ways,|Keep straight/dark contrast.
2:14|who rejoice in doing evil\nand delight in evil’s perversity,|Preserve enjoyment of wrongdoing.
2:15|whose paths are crooked\nand whose courses are devious.|Keep paired path metaphors.
2:16|Wisdom will also rescue you from the forbidden woman,\nfrom the outsider whose words are smooth,|Contextual sexual outsider; do not assert foreign ethnicity.
2:17|who abandons the companion of her youth\nand forgets the covenant of her God.|Keep companion and divine covenant without narrowing covenant’s referent.
2:18|Her house sinks toward death,\nand her paths lead to the shades of the dead.|Preserve descent and dead shades.
2:19|None who go to her return\nor reach the paths of life.|Keep warning’s absolute poetic force.
2:20|So you will walk in the way of the good\nand keep to the paths of the righteous.|Connect rescue to positive way.
2:21|For the upright will dwell in the land,\nand those of integrity will remain in it;|Keep land rather than spiritualizing place.
2:22|but the wicked will be cut off from the land,\nand the faithless will be uprooted from it.|Retain exclusion and uprooting images.
3:1|My son, do not forget my instruction;\nlet your heart keep my commands.|Retain parental instruction rather than silently making divine speech.
3:2|They will add length of days, years of life,\nand peace to you.|Keep duration and peace together.
3:3|Let faithful love and faithfulness never leave you.\nBind them around your neck;\nwrite them on the tablet of your heart.|Preserve paired virtues and inscription image.
3:4|Then you will find favor and a good reputation\nin the eyes of God and people.|Render good understanding contextually as reputation.
3:5|Trust in the LORD with all your heart;\ndo not lean on your own understanding.|Keep trust and leaning image.
3:6|Know him in all your ways,\nand he will make your paths straight.|Retain relational know rather than mere acknowledgment.
3:7|Do not be wise in your own eyes;\nfear the LORD and turn away from evil.|Keep self-estimation and ethical turning.
3:8|This will bring healing to your body\nand refreshment to your bones.|Body renders navel idiom; document concrete Hebrew in note.
3:9|Honor the LORD with your wealth\nand with the first of all your produce.|Retain first produce rather than generic generosity.
3:10|Then your barns will be filled with plenty,\nand your vats will overflow with new wine.|Preserve agricultural abundance.
3:11|My son, do not reject the LORD’s discipline\nor resent his correction.|Keep correction as painful but not unspecified punishment.
3:12|For the LORD corrects the one he loves,\nlike a father the son he delights in.|Retain father-son comparison and delight.
3:13|Happy is the person who finds wisdom,\nthe person who gains understanding.|Keep wisdom’s human beneficiary broad.
3:14|Her profit is better than silver’s;\nher yield is better than gold.|Feminine Wisdom and trade imagery remain.
3:15|She is more precious than jewels;\nnothing you desire can compare with her.|Follow read form peninim; exact precious material uncertain.
3:16|Long life is in her right hand;\nin her left are wealth and honor.|Retain right/left allocation.
3:17|Her ways are pleasant ways,\nand all her paths are peace.|Preserve repeated ways and comprehensive peace.
3:18|She is a tree of life to those who grasp her;\nthose who hold her fast are happy.|Keep tree of life as biblical image.
3:19|By wisdom the LORD founded the earth;\nby understanding he established the heavens.|Retain creation through wisdom parallel.
3:20|By his knowledge the deeps broke open,\nand the clouds drip dew.|Preserve deeps and dew rather than general rain.
3:21|My son, do not let these slip from your sight:\nguard sound wisdom and discretion.|Keep referential these with following specification.
3:22|They will be life for your soul\nand an adornment for your neck.|Retain life and necklace imagery.
3:23|Then you will walk your road securely,\nand your foot will not stumble.|Security remains in path image.
3:24|When you lie down, you will not be afraid;\nyou will lie down, and your sleep will be sweet.|Preserve repetition and restful image.
3:25|Do not fear sudden terror\nor the devastation of the wicked when it comes.|Leave devastation’s relation to wicked open.
3:26|For the LORD will be at your side\nand keep your foot from being caught.|Choose side for ambiguous confidence/side term; retain trap.
3:27|Do not withhold good from those to whom it is due\nwhen it is in your power to act.|Follow singular hand read form through power idiom.
3:28|Do not tell your neighbor, “Go away and come back;\nI will give it tomorrow,” when you have it now.|Follow singular neighbor and expose needless delay.
3:29|Do not plot harm against your neighbor\nwho lives beside you in trust.|Preserve betrayed trust.
3:30|Do not quarrel with someone for no reason\nwhen that person has done you no harm.|Keep cause qualification rather than universal ban on dispute.
3:31|Do not envy a violent man\nor choose any of his ways.|Retain violence as specific evil.
3:32|For the devious are detestable to the LORD,\nbut the upright share his confidence.|Keep moral contrast and intimacy of counsel.
3:33|The LORD’s curse is on the house of the wicked,\nbut he blesses the home of the righteous.|Retain explicit curse and household contrast.
3:34|He scoffs at scoffers,\nbut gives grace to the humble.|Follow humble read form; keep reciprocal scoffing.
3:35|The wise inherit honor,\nbut fools carry away disgrace.|Resolve difficult lifting verb contextually without erasing shame.
4:1|Sons, listen to a father’s discipline;\npay attention and learn understanding.|Retain plural sons and parental voice.
4:2|For I give you good teaching;\ndo not abandon my instruction.|Preserve teacher’s claim to good instruction.
4:3|When I was a son with my father,\ntender and the only one in my mother’s sight,|Keep remembered unique relationship, not infer family genealogy.
4:4|he taught me and said,\n“Let your heart hold fast to my words;\nkeep my commands and live.|Mark quoted father within father’s address.
4:5|Get wisdom; get understanding.\nDo not forget or turn away from what I say.|Preserve repeated acquisition imperative.
4:6|Do not abandon her, and she will guard you;\nlove her, and she will protect you.|Feminine personification stays visible.
4:7|The beginning of wisdom is this: get wisdom!\nWhatever else you acquire, get understanding.|Retain paradoxical beginning and acquisition repetition.
4:8|Cherish her, and she will raise you up;\nembrace her, and she will honor you.|Preserve reciprocal elevation and embrace.
4:9|She will place a lovely garland on your head\nand present you with a beautiful crown.”|Close recalled paternal speech with adornment.
4:10|Listen, my son, and receive my words;\nthen your years of life will multiply.|Return direct instruction and longevity.
4:11|I have taught you the way of wisdom;\nI have led you on straight paths.|Retain teacher’s paired actions.
4:12|As you walk, your steps will not be cramped;\nwhen you run, you will not stumble.|Preserve walking/running progression.
4:13|Hold tightly to discipline; do not let go.\nGuard her, for she is your life.|Preserve feminine discipline and urgent grip.
4:14|Do not enter the path of the wicked;\ndo not proceed along the way of evildoers.|Retain parallel avoidance warnings.
4:15|Avoid it; do not pass along it.\nTurn away from it and move on.|Keep four short imperatives.
4:16|For they cannot sleep unless they do evil;\nthey lose sleep unless they make someone fall.|Follow causative read form; keep addiction to harm.
4:17|They eat the bread of wickedness\nand drink the wine of violence.|Retain literal food imagery for wrongdoing.
4:18|But the path of the righteous is like dawn’s light,\nshining ever brighter until full day.|Preserve growing light comparison.
4:19|The way of the wicked is deep darkness;\nthey do not know what makes them stumble.|Keep unrecognized cause of fall.
4:20|My son, pay attention to my words;\nturn your ear to what I say.|Retain attention and hearing parallel.
4:21|Do not let them leave your sight;\nkeep them within your heart.|Preserve eye/heart sequence.
4:22|For they are life to those who find them\nand healing to their whole body.|Keep bodily healing scope.
4:23|Above all that you guard, guard your heart,\nfor from it flow the springs of life.|Retain guarding repetition and life-source image.
4:24|Put twisted speech away from you;\nkeep devious talk far from your lips.|Preserve crooked speech warning.
4:25|Let your eyes look straight ahead,\nyour gaze directly before you.|Keep paired visual focus.
4:26|Make level the path for your feet,\nand let all your ways be firm.|Select leveling sense while retaining established paths.
4:27|Do not turn to the right or the left;\nturn your foot away from evil.|Keep directional contrast and final ethical turn.
5:1|My son, pay attention to my wisdom;\nturn your ear to my understanding,|Retain personal teaching voice.
5:2|so that you may guard discretion\nand your lips may preserve knowledge.|Knowledge shapes speech as well as thought.
5:3|The forbidden woman’s lips drip honey,\nand her mouth is smoother than oil,|Keep sensual comparisons.
5:4|but in the end she is bitter as wormwood,\nsharp as a two-edged sword.|Retain plant bitterness and weapon.
5:5|Her feet go down to death;\nher steps lead straight to Sheol.|Keep death and Sheol parallel.
5:6|She does not weigh the path of life;\nher courses wander, and she does not know it.|Choose feminine subject amid ambiguous second/third person form.
5:7|Now, sons, listen to me;\ndo not turn away from what I say.|Preserve plural address.
5:8|Keep your way far from her;\ndo not approach the door of her house,|Distance is physical in the image.
5:9|or you will give your honor to others\nand your years to someone cruel;|Do not specify an unnamed cruel person.
5:10|strangers will feast on your strength,\nand your hard-earned goods will end up in another’s house.|Preserve exploitation of effort.
5:11|At your end you will groan,\nwhen your flesh and body waste away.|Keep bodily consequences without diagnosing disease.
5:12|You will say, “How I hated discipline!\nHow my heart despised correction!|Retain lamenting self-recognition.
5:13|I did not listen to my teachers\nor turn my ear to those who instructed me.|Keep paired failures to listen.
5:14|I was nearly in utter ruin\nin the midst of the gathered community.”|Preserve nearly and public setting.
5:15|Drink water from your own cistern,\nflowing water from your own well.|Retain sexual imagery rather than replacing it with explanation.
5:16|Should your springs spill out into the streets,\nyour streams of water into the public squares?|Read contextual rhetorical question; note alternative assertion.
5:17|Let them be yours alone,\nnot shared with strangers.|Keep exclusivity within sustained image.
5:18|May your fountain be blessed;\nrejoice in the wife of your youth,|Identify marriage without flattening fountain.
5:19|a loving doe, a graceful mountain goat.\nMay her breasts satisfy you at all times;\nmay her love always intoxicate you.|Preserve explicit breasts and animal imagery.
5:20|Why, my son, be intoxicated with a forbidden woman\nand embrace the breast of an outsider?|Retain repeated intoxication and breast.
5:21|For a man’s ways are before the LORD’s eyes;\nhe weighs all his paths.|Keep divine scrutiny and weighing.
5:22|The wicked man’s own wrongs capture him;\nthe cords of his sin hold him fast.|Preserve self-entanglement.
5:23|He dies for lack of discipline;\nhis great folly leads him astray.|Retain folly rather than intoxication as sole sense here.
6:1|My son, if you have guaranteed your neighbor’s debt,\nif you have clasped hands in a pledge to a stranger,|Explain financial surety while retaining hand pledge.
6:2|you are snared by the words of your mouth,\ncaught by the words of your mouth.|Keep emphatic repetition.
6:3|Then do this, my son, and free yourself,\nfor you have fallen into your neighbor’s hands:\ngo, humble yourself, and press your plea with your neighbor.|Preserve urgent humiliating appeal, not evasion of obligation.
6:4|Give your eyes no sleep\nand your eyelids no rest.|Keep bodily parallel.
6:5|Free yourself like a gazelle from the hunter’s hand,\nlike a bird from the trapper’s hand.|Hunter supplied for implicit first hand; retain animal parallels.
6:6|Go to the ant, you sluggard;\nstudy her ways and become wise.|Keep sharp address and observation.
6:7|She has no commander,\nno overseer or ruler,|Preserve three absent authorities.
6:8|yet she prepares her food in summer\nand gathers her provisions at harvest.|Keep seasonal foresight.
6:9|How long will you lie there, you sluggard?\nWhen will you rise from sleep?|Retain questions rather than advice paraphrase.
6:10|“A little sleep, a little rest,\na little folding of the hands to lie down”—|Preserve threefold little.
6:11|and poverty will come upon you like a prowler,\nneed like a man with a shield.|Retain armed shield image; prowler expresses approaching figure.
6:12|A worthless person, a man of wrongdoing,\ngoes about with twisted speech,|Keep male description and corrupt speech.
6:13|winking his eyes, signaling with his feet,\npointing with his fingers.|Preserve all three bodily signals.
6:14|With perversity in his heart he plots evil continually;\nhe stirs up conflict.|Follow read form for conflict.
6:15|Therefore disaster will come upon him suddenly;\nin an instant he will be broken beyond healing.|Keep suddenness and irreversible break.
6:16|There are six things the LORD hates,\nseven that are detestable to him:|Preserve ascending numerical formula.
6:17|haughty eyes, a lying tongue,\nhands that spill innocent blood,|Keep body-part list and real killing.
6:18|a heart that devises wicked plans,\nfeet that hurry to run toward evil,|Continue parallel anatomical catalogue.
6:19|a false witness who breathes out lies,\nand someone who stirs up conflict among brothers.|Retain brothers and repeated conflict.
6:20|My son, keep your father’s command\nand do not abandon your mother’s instruction.|Preserve both parental authorities.
6:21|Bind them always to your heart;\nfasten them around your neck.|Keep binding images.
6:22|When you walk, instruction will lead you;\nwhen you lie down, it will guard you;\nwhen you wake, it will speak with you.|Supply instruction for feminine subject; preserve three occasions.
6:23|For the command is a lamp, and instruction is light;\ncorrective discipline is the way of life,|Retain light and path metaphors.
6:24|keeping you from the evil woman,\nfrom the smooth tongue of the outsider.|Do not merge evil woman and ethnic foreigner.
6:25|Do not desire her beauty in your heart\nor let her capture you with her eyes.|Eyes renders eyelids metonym while preserving seduction.
6:26|For a prostitute’s price is a loaf of bread,\nbut another man’s wife hunts a precious life.|Select price reading; note alternative reduction to a loaf.
6:27|Can a man scoop fire into his lap\nwithout burning his clothes?|Preserve concrete rhetorical question.
6:28|Can a man walk on hot coals\nwithout scorching his feet?|Keep second fire comparison.
6:29|So it is with one who goes to his neighbor’s wife;\nno one who touches her will go unpunished.|Retain specific adultery and consequences.
6:30|People do not despise a thief who steals\nto satisfy his hunger,|Keep sympathetic motive without excusing theft.
6:31|but if caught, he must repay sevenfold,\neven giving all the wealth of his house.|Preserve sevenfold rather than harmonizing other laws.
6:32|A man who commits adultery lacks sense;\nhe who does it destroys his own life.|Retain male responsibility.
6:33|He will find wounds and dishonor;\nhis disgrace will not be wiped away.|Keep physical and social harm.
6:34|For jealousy fuels a husband’s fury,\nand he will show no pity on the day of vengeance.|Preserve dangerous retaliation without endorsing it.
6:35|He will accept no compensation;\nhe will refuse, however large your gift.|Keep refusal of monetary settlement.
7:1|My son, keep my words;\nstore up my commands within you.|Retain instruction as stored treasure.
7:2|Keep my commands and live;\nguard my instruction like the pupil of your eye.|Preserve vulnerable-eye image.
7:3|Bind them to your fingers;\nwrite them on the tablet of your heart.|Keep both physical inscriptions.
7:4|Say to Wisdom, “You are my sister,”\nand call Understanding your close relative,|Preserve female kinship personification.
7:5|so they may guard you from the forbidden woman,\nfrom the outsider whose words are smooth.|Retain relationship between wisdom and protection.
7:6|At the window of my house\nI looked out through the lattice.|Keep first-person observer and architecture.
7:7|Among the inexperienced I saw,\namong the youths I noticed, a young man without sense.|Retain selective observation of one male.
7:8|He crossed the street near her corner\nand headed along the road to her house,|Preserve deliberate movement.
7:9|at twilight, as the day faded,\nin the dark heart of the night.|Retain intensifying darkness.
7:10|Then a woman came to meet him,\ndressed like a prostitute, her intentions concealed.|Do not identify married woman as professional prostitute.
7:11|She is loud and defiant;\nher feet never stay at home.|Keep characterization within narrator’s scene.
7:12|Now in the street, now in the squares,\nshe lies in wait at every corner.|Preserve repeated locations and ambush.
7:13|She seized him and kissed him;\nwith a bold face she said,|Retain physical initiative.
7:14|“I had fellowship offerings to make;\ntoday I fulfilled my vows.|Preserve ritual context without asserting its sincerity.
7:15|That is why I came out to meet you,\nto search eagerly for you—and I found you!|Keep flattering claim of personal pursuit.
7:16|I have spread coverings on my couch,\npatterned linen from Egypt.|Retain imported textile detail.
7:17|I have perfumed my bed\nwith myrrh, aloes, and cinnamon.|Preserve three aromatics.
7:18|Come, let us drink our fill of love until morning;\nlet us delight in lovemaking.|Keep explicit sexual invitation and drinking image.
7:19|The man is not at home;\nhe has gone on a long journey.|Preserve distancing the man rather than inserting husband in speech.
7:20|He took a bag of silver with him;\nhe will not return home until the full moon.”|Retain money and calendar marker.
7:21|With much persuasion she turned him;\nwith smooth lips she drew him away.|Preserve agency and paired speech tactics.
7:22|All at once he follows her,\nlike an ox going to slaughter,\nlike a fool in fetters going to correction,|Keep difficult fetters/fool wording rather than conjectured animal.
7:23|until an arrow pierces his liver;\nlike a bird darting into a trap,\nhe does not know that his life is at stake.|Retain liver, bird, and life consequence.
7:24|Now, sons, listen to me;\npay attention to the words of my mouth.|Return to plural audience.
7:25|Do not let your heart turn toward her ways;\ndo not stray onto her paths.|Keep inner inclination and outer path.
7:26|For many are the wounded she has brought down;\nher slain are a mighty host.|Retain many slain; strength/numerous ambiguity noted.
7:27|Her house is a road to Sheol,\ngoing down to the chambers of death.|Keep underworld architecture.
8:1|Does not Wisdom call out?\nDoes not Understanding raise her voice?|Maintain female public countervoice.
8:2|On the heights beside the road,\nat the crossroads, she takes her stand.|Keep accessible public locations.
8:3|Beside the city gates, at the entrance,\nat the open doorways, she cries:|Preserve triple threshold imagery.
8:4|“To you, people, I call;\nmy voice goes out to all humankind.|Keep broad human audience.
8:5|You inexperienced ones, learn good sense;\nyou fools, learn understanding.|Different learners share invitation.
8:6|Listen, for I speak worthy things;\nwhat comes from my lips is right.|Retain quality and rightness of speech.
8:7|My mouth speaks truth;\nwickedness is detestable to my lips.|Keep truth and moral rejection.
8:8|All the words of my mouth are righteous;\nthere is nothing twisted or crooked in them.|Preserve path-like speech adjectives.
8:9|They are all straightforward to the discerning\nand right to those who find knowledge.|Retain reception-dependent clarity.
8:10|Receive my discipline rather than silver,\nknowledge rather than choice gold.|Keep preference rather than blanket rejection of wealth.
8:11|For wisdom is better than jewels;\nno desirable thing can compare with her.|Maintain feminine reference within speech.
8:12|I, Wisdom, dwell with good sense;\nI find knowledge and discretion.|Retain self-identification and associated qualities.
8:13|The fear of the LORD is hatred of evil.\nI hate pride, arrogance, the evil way,\nand twisted speech.|Keep hatred’s explicit objects.
8:14|Counsel and sound wisdom are mine;\nI am understanding; strength is mine.|Retain Wisdom’s first-person claims.
8:15|Through me kings reign\nand rulers decree what is just.|Preserve political and judicial function.
8:16|Through me princes govern,\nand nobles—all who judge rightly.|Follow pinned righteousness reading, not earth alternative.
8:17|I love those who love me,\nand those who seek me will find me.|Follow my lovers read form.
8:18|Wealth and honor are with me,\nenduring riches and righteousness.|Keep righteousness alongside material wealth.
8:19|My fruit is better than gold, even fine gold;\nmy yield surpasses choice silver.|Retain fruit/yield economic imagery.
8:20|I walk on the path of righteousness,\nalong the ways of justice,|Keep moral path vocabulary.
8:21|giving substance as an inheritance to those who love me\nand filling their treasuries.|Preserve possessions rather than abstract reality alone.
8:22|The LORD acquired me at the beginning of his way,\nbefore his works of long ago.|Retain qanah as acquired; note created/possessed possibilities.
8:23|From ages past I was established,\nfrom the beginning, before the earth.|Keep ancient establishment without later doctrinal additions.
8:24|When there were no deeps, I was brought forth,\nwhen there were no springs heavy with water.|Preserve birth imagery and primeval water.
8:25|Before the mountains were set in place,\nbefore the hills, I was brought forth,|Repeat birth verb exactly.
8:26|before he made earth and open country\nor the first dust of the world.|Retain creation sequence and dust.
8:27|When he established the heavens, I was there;\nwhen he traced a circle on the face of the deep,|Keep presence and horizon circle.
8:28|when he made firm the clouds above,\nwhen the springs of the deep grew strong,|Retain source’s strong springs without adding fountains burst.
8:29|when he set the sea its boundary\nso the waters would not cross his command,\nwhen he marked out the earth’s foundations,|Keep boundary, command, foundations.
8:30|I was beside him as a master worker.\nI was his delight day after day,\nplaying before him at all times,|Choose craftsman sense of amon; flag child alternative.
8:31|playing in his inhabited world,\ndelighting in humankind.|Preserve playful rejoicing and human delight.
8:32|Now, sons, listen to me;\nhappy are those who keep my ways.|Return to sons and happiness.
8:33|Listen to discipline and become wise;\ndo not reject it.|Retain invitation and refusal warning.
8:34|Happy is the person who listens to me,\nwatching at my doors day after day,\nwaiting at my doorposts.|Keep threshold vigilance and repetition.
8:35|For whoever finds me finds life\nand obtains favor from the LORD.|Follow finds read form.
8:36|But whoever misses me harms his own life;\nall who hate me love death.”|Keep missing/sinning ambiguity through misses; retain stark death contrast.
9:1|Wisdom has built her house;\nshe has carved out its seven pillars.|Retain seven without symbolic exposition.
9:2|She has slaughtered her animals, mixed her wine,\nand set her table.|Keep three banquet preparations.
9:3|She has sent out her young women;\nshe calls from the city’s highest places,|Retain female messengers and public appeal.
9:4|“Whoever is inexperienced, turn in here!”\nTo one who lacks sense she says,|Match invitation later echoed by Folly.
9:5|“Come, eat my bread\nand drink the wine I have mixed.|Keep meal invitation.
9:6|Leave inexperience behind and live;\nwalk straight along the way of understanding.”|Choose inexperience as object while retaining path.
9:7|Whoever disciplines a scoffer brings dishonor on himself;\nwhoever corrects the wicked receives abuse.|Keep corrective action’s danger.
9:8|Do not correct a scoffer, or he will hate you;\ncorrect a wise person, and he will love you.|Retain contrast requiring discernment.
9:9|Give instruction to the wise, and they become wiser;\nteach the righteous, and they add to their learning.|Keep wise/righteous parallel.
9:10|The fear of the LORD is the beginning of wisdom,\nand knowledge of the Holy One is understanding.|Choose divine referent for plural holy ones; note ambiguity.
9:11|For through me your days will multiply,\nand years will be added to your life.|Retain first-person Wisdom resumption.
9:12|If you are wise, you are wise for your own benefit;\nif you scoff, you alone will bear it.|Preserve personal consequences without denying effects on others.
9:13|Folly is a noisy woman,\nall inexperience, knowing nothing.|Introduce contrasting female personification.
9:14|She sits at the door of her house,\non a seat in the city’s high places,|Retain parallel location to Wisdom.
9:15|calling to those passing by\nwho are going straight on their way,|Victims initially on straight path.
9:16|“Whoever is inexperienced, turn in here!”\nTo one who lacks sense she says,|Repeat Wisdom’s exact invitation.
9:17|“Stolen water is sweet,\nand bread eaten in secret is pleasant.”|Preserve theft and secrecy’s appeal.
9:18|But he does not know that the shades of the dead are there,\nthat her guests are in the depths of Sheol.|Keep guest’s ignorance and underworld destination.
10:1|The proverbs of Solomon.\nA wise son brings his father joy;\na foolish son brings his mother sorrow.|Keep collection title within verse and parental contrast.
10:2|Treasures gained by wickedness bring no benefit,\nbut righteousness rescues from death.|Retain wealth’s moral source and death.
10:3|The LORD does not let the righteous go hungry,\nbut he thwarts the craving of the wicked.|Preserve proverbial assertion without added universal explanation.
10:4|A slack hand brings poverty;\na diligent hand brings wealth.|Keep opposing hands.
10:5|A son who gathers in summer acts wisely;\na son who sleeps at harvest brings shame.|Retain seasonal contrast and sons.
10:6|Blessings rest on the head of the righteous,\nbut the mouth of the wicked conceals violence.|Select mouth as subject; note alternative violence covers mouth.
10:7|The memory of the righteous becomes a blessing;\nthe name of the wicked rots away.|Keep memory and rotting name.
10:8|The wise in heart accept commands,\nbut a babbling fool comes to ruin.|Retain heart/lips contrast idiomatically.
10:9|Whoever walks with integrity walks securely;\nwhoever twists his ways will be found out.|Preserve exposure rather than merely being known.
10:10|A wink of the eye brings sorrow,\nand a babbling fool comes to ruin.|Retain pinned repeated second line, not alternative witness.
10:11|The mouth of the righteous is a fountain of life,\nbut the mouth of the wicked conceals violence.|Repeat verse 6 second line and keep fountain.
10:12|Hatred stirs up conflicts,\nbut love covers every offense.|Keep covering image without inserting concealment policy.
10:13|Wisdom is found on discerning lips,\nbut a rod is for the back of one who lacks sense.|Retain bodily punishment explicitly.
10:14|The wise store up knowledge,\nbut a fool’s mouth brings ruin near.|Preserve storage and imminent ruin.
10:15|The wealth of the rich is their fortified city;\nthe poverty of the poor is their ruin.|Retain observation of economic vulnerability.
10:16|The wages of the righteous lead to life;\nthe income of the wicked leads to sin.|Keep income parallel and sin.
10:17|Whoever keeps discipline is a path to life,\nbut whoever abandons correction leads others astray.|Preserve causative misleading rather than only personal wandering.
10:18|Whoever conceals hatred has lying lips,\nand whoever spreads slander is a fool.|Retain both deceptive concealment and active slander.
10:19|Where words multiply, wrongdoing does not cease;\nwhoever restrains his lips acts wisely.|Keep excess speech contrast.
10:20|The tongue of the righteous is choice silver;\nthe heart of the wicked is worth little.|Retain value comparison and different body parts.
10:21|The lips of the righteous feed many,\nbut fools die for lack of sense.|Preserve feeding metaphor and death.
10:22|The LORD’s blessing brings wealth,\nand he adds no sorrow with it.|Choose divine subject; note toil adds nothing alternative.
10:23|Doing wrong is sport to a fool;\nso is wisdom to a person of understanding.|Retain matching pleasure comparison.
10:24|What the wicked dread will come upon them;\nwhat the righteous desire will be granted.|Keep different objects and unspecified giver.
10:25|The whirlwind passes, and the wicked are gone,\nbut the righteous have an enduring foundation.|Preserve storm and foundation.
10:26|Like vinegar to teeth and smoke to eyes,\nso is a sluggard to those who send him.|Keep two irritating sensory images.
10:27|The fear of the LORD adds days,\nbut the years of the wicked are cut short.|Retain days/years parallel.
10:28|The hope of the righteous brings joy,\nbut the expectation of the wicked perishes.|Preserve contrasted outcomes.
10:29|The LORD’s way is a stronghold for the upright,\nbut ruin for those who do wrong.|Keep one way’s differing effect.
10:30|The righteous will never be shaken,\nbut the wicked will not dwell in the land.|Retain land and stability.
10:31|The mouth of the righteous bears wisdom,\nbut the twisted tongue will be cut off.|Preserve fruit-bearing verb and violent severing.
10:32|The lips of the righteous know what is acceptable;\nthe mouth of the wicked knows perversity.|Keep knowing speech’s proper quality.
11:1|Dishonest scales are detestable to the LORD,\nbut an accurate weight delights him.|Render stone weight by function.
11:2|Pride arrives, and dishonor follows;\nwisdom is with the modest.|Keep arrival sequence and humility.
11:3|The integrity of the upright guides them;\nthe crookedness of the faithless destroys them.|Follow destroys read form.
11:4|Wealth brings no benefit on the day of wrath,\nbut righteousness rescues from death.|Retain wrath rather than specifying an event.
11:5|The righteousness of the blameless makes their way straight;\nthe wicked fall through their own wickedness.|Keep internal cause of fall.
11:6|The righteousness of the upright rescues them;\nthe faithless are caught by their own craving.|Preserve trapping desire.
11:7|When a wicked person dies, hope perishes;\nexpectation placed in strength dies too.|Keep difficult strength term; avoid imported afterlife claim.
11:8|The righteous are freed from trouble,\nand the wicked take their place.|Retain reversal rather than generalized suffering.
11:9|With his mouth the godless man destroys his neighbor,\nbut through knowledge the righteous escape.|Keep harmful speech and rescue through knowledge.
11:10|When the righteous prosper, a city rejoices;\nwhen the wicked perish, there are shouts of joy.|Retain community’s response to death.
11:11|Through the blessing of the upright a city is raised up;\nthrough the mouth of the wicked it is torn down.|Keep civic building metaphor.
11:12|Whoever despises his neighbor lacks sense;\na person of understanding keeps silent.|Preserve restraint rather than agreement.
11:13|A gossip goes about revealing confidences,\nbut a trustworthy person keeps a matter covered.|Keep confidential matter and covering.
11:14|Without guidance a people falls;\nwith many counselors there is deliverance.|Retain collective political scale.
11:15|Whoever guarantees a stranger’s debt will suffer for it;\nwhoever avoids pledging is secure.|Preserve financial surety context.
11:16|A gracious woman holds on to honor,\nand ruthless men hold on to wealth.|Retain troubling contrast without substituting diligent men.
11:17|A man of faithful love does good to himself;\na cruel man harms his own flesh.|Keep kindness’s benefit and bodily self-harm.
11:18|The wicked earn deceptive wages,\nbut one who sows righteousness earns a lasting reward.|Preserve wages/sowing contrast and reliable reward.
11:19|True righteousness leads to life;\nwhoever pursues evil pursues his own death.|Keep pursuing repetition in sense.
11:20|Twisted hearts are detestable to the LORD;\nthose whose way is blameless delight him.|Preserve inward/outward contrast.
11:21|Be assured: evil will not go unpunished,\nbut the offspring of the righteous will escape.|Render hand-to-hand assurance idiom; keep descendants.
11:22|A gold ring in a pig’s snout—\nsuch is a beautiful woman who turns from good judgment.|Retain deliberately jarring gendered comparison.
11:23|The desire of the righteous ends only in good;\nthe hope of the wicked ends in wrath.|Keep desired outcomes and wrath.
11:24|One person gives freely and gains still more;\nanother withholds what is due and comes only to need.|Preserve counterintuitive economic result.
11:25|A generous person will flourish;\none who refreshes others will also be refreshed.|Keep refreshing reciprocity and flourishing.
11:26|People curse the one who withholds grain,\nbut blessing rests on the head of the one who sells it.|Retain sale rather than changing to donation.
11:27|Whoever earnestly seeks good seeks favor;\nwhoever searches for evil will find it coming upon him.|Keep seeking and reversal.
11:28|Whoever trusts in wealth will fall,\nbut the righteous will flourish like a leaf.|Preserve trust’s object and leaf.
11:29|Whoever brings trouble on his household will inherit wind,\nand a fool will serve the wise in heart.|Keep empty inheritance and servitude.
11:30|The fruit of the righteous is a tree of life,\nand one who wins lives is wise.|Retain difficult taking lives expression without evangelistic insertion.
11:31|If the righteous are repaid on earth,\nhow much more the wicked and the sinner!|Keep repayment unspecified, not automatically reward.
12:1|Whoever loves discipline loves knowledge;\nwhoever hates correction is brutish.|Retain strong animal-like rebuke.
12:2|A good person obtains favor from the LORD,\nbut he condemns a schemer.|Preserve divine condemnation.
12:3|No one is established through wickedness,\nbut the root of the righteous will not be shaken.|Keep root image.
12:4|A capable wife is her husband’s crown;\none who brings shame is rot in his bones.|Retain wife’s strength and bodily decay contrast.
12:5|The plans of the righteous are just;\nthe schemes of the wicked are deceitful.|Keep opposed deliberation.
12:6|The words of the wicked lie in wait for blood,\nbut the mouth of the upright rescues them.|Retain ambushing words and open them referent.
12:7|The wicked are overthrown and are no more,\nbut the house of the righteous stands.|Preserve household durability.
12:8|A man is praised according to his good judgment,\nbut one with a twisted heart is despised.|Keep praise’s basis and heart.
12:9|Better to be lightly esteemed and have a servant\nthan to put on importance and lack bread.|Retain servant reading and pretension contrast.
12:10|The righteous know the needs of their animals,\nbut even the compassion of the wicked is cruel.|Preserve animal care and paradoxical cruelty.
12:11|Whoever works his land has enough bread;\nwhoever chases empty pursuits lacks sense.|Keep labor and vain pursuit.
12:12|The wicked covet the catch of evildoers,\nbut the root of the righteous yields fruit.|Choose catch for ambiguous net/stronghold; note uncertainty.
12:13|An evil person is snared by sinful speech,\nbut the righteous come out of trouble.|Preserve speech as trap.
12:14|From the fruit of his mouth a person is filled with good,\nand the work of his hands is repaid to him.|Follow causative repayment read form without naming agent.
12:15|A fool’s way is right in his own eyes,\nbut the wise listen to counsel.|Retain subjective self-certainty.
12:16|A fool’s anger is known at once;\na prudent person overlooks an insult.|Keep prompt anger versus concealment of dishonor.
12:17|One who speaks faithfully tells what is right;\na false witness tells deceit.|Preserve testimony setting.
12:18|Reckless speech stabs like a sword,\nbut the tongue of the wise brings healing.|Keep bodily damage and healing.
12:19|Truthful lips endure forever;\na lying tongue lasts only a moment.|Retain sharp temporal contrast.
12:20|Deceit is in the hearts of those who plot evil;\njoy belongs to those who counsel peace.|Keep counselors of peace rather than generic peacemakers.
12:21|No harm befalls the righteous,\nbut the wicked are filled with trouble.|Preserve proverb’s absolute form; genre note handles scope.
12:22|Lying lips are detestable to the LORD;\nthose who act faithfully delight him.|Keep words contrasted with faithful action.
12:23|A prudent person keeps knowledge to himself;\nthe heart of fools proclaims folly.|Retain discretion without equating concealment with lying.
12:24|Diligent hands will rule,\nbut slack hands will face forced labor.|Preserve coercive labor consequence.
12:25|Anxiety weighs down a person’s heart,\nbut a good word makes it glad.|Keep heart as affected object.
12:26|The righteous give guidance to their neighbors,\nbut the way of the wicked leads them astray.|Choose guidance sense of difficult verb; note alternative.
12:27|The lazy do not roast their game,\nbut diligence is a person’s precious possession.|Keep difficult hunting image; specify interpretive choice in note.
12:28|On the path of righteousness is life;\nalong its trail there is no death.|Follow pinned no death without emending to death.
13:1|A wise son accepts his father’s discipline;\na scoffer does not listen to rebuke.|Supply accepts from elliptical first line.
13:2|From the fruit of his mouth a person eats good things,\nbut the appetite of the faithless is for violence.|Preserve eating and appetite metaphor.
13:3|Whoever guards his mouth protects his life;\nwhoever opens his lips wide invites ruin.|Keep guarding contrast and wide opening.
13:4|The sluggard craves and has nothing;\nthe diligent are richly satisfied.|Preserve desire versus satisfaction.
13:5|The righteous hate falsehood,\nbut the wicked bring a stench and shame.|Retain offensive smell image.
13:6|Righteousness guards those whose way is blameless;\nwickedness overturns the sinner.|Keep moral qualities as agents.
13:7|One person pretends to be rich and has nothing;\nanother pretends to be poor and owns great wealth.|Retain appearances versus possessions.
13:8|A person’s wealth can ransom his life,\nbut the poor hear no threat.|Keep poverty’s counterintuitive protection.
13:9|The light of the righteous shines joyfully,\nbut the lamp of the wicked goes out.|Preserve rejoicing light and extinguished lamp.
13:10|Pride produces only quarrels,\nbut wisdom is with those who take counsel.|Keep counsel’s receptive character.
13:11|Wealth gained from emptiness dwindles,\nbut whoever gathers little by little increases it.|Retain hevel ambiguity rather than assert fraud only.
13:12|Hope long delayed makes the heart sick;\na desire fulfilled is a tree of life.|Keep illness and life-tree contrast.
13:13|Whoever despises a word will be held liable for it;\nwhoever respects a command will be repaid.|Preserve liability rather than supply physical destruction.
13:14|The instruction of the wise is a fountain of life,\nturning people away from death’s snares.|Retain water and trap images.
13:15|Good judgment wins favor,\nbut the way of the faithless is hard.|Keep hard/enduring lexical tension noted.
13:16|Every prudent person acts with knowledge;\na fool spreads his folly abroad.|Retain public display.
13:17|A wicked messenger falls into trouble,\nbut a faithful envoy brings healing.|Follow falls rather than emend causes.
13:18|Poverty and dishonor come to one who rejects discipline;\nwhoever keeps correction will be honored.|Preserve status reversal.
13:19|A desire fulfilled is sweet to the soul,\nbut turning from evil is detestable to fools.|Keep contrast without forcing one explanatory link.
13:20|Whoever walks with the wise becomes wise;\na companion of fools suffers harm.|Follow both read forms as declarative.
13:21|Trouble pursues sinners,\nbut good repays the righteous.|Preserve personified pursuit and repayment.
13:22|A good person leaves an inheritance to grandchildren,\nbut a sinner’s wealth is stored up for the righteous.|Keep two generations and transferred wealth.
13:23|The unplowed field of the poor has abundant food,\nbut it is swept away by injustice.|Preserve structural injustice rather than blame poverty on sloth.
13:24|Whoever holds back his rod hates his son;\nwhoever loves him is diligent in discipline.|Retain rod and severe love/hate claim; do not sanitize corporal punishment.
13:25|The righteous eat until satisfied,\nbut the belly of the wicked goes hungry.|Keep bodily hunger contrast.
14:1|A wise woman builds her house,\nbut Folly tears it down with her own hands.|Preserve woman and personified folly.
14:2|Whoever walks uprightly fears the LORD;\nwhoever twists his ways despises him.|Retain conduct as expression of reverence.
14:3|In a fool’s mouth is a rod of pride,\nbut the lips of the wise protect them.|Keep difficult rod image without inventing its target.
14:4|Where there are no oxen, the feeding trough is empty,\nbut an ox’s strength brings a plentiful harvest.|Choose empty rather than hygienically clean.
14:5|A faithful witness does not lie;\na false witness breathes out lies.|Preserve breath image and repetition.
14:6|A scoffer seeks wisdom and finds none,\nbut knowledge comes readily to the discerning.|Retain differing accessibility.
14:7|Leave the presence of a fool;\nyou will not find knowledgeable speech there.|Keep warning grounded in speech.
14:8|The wisdom of the prudent is to understand their way;\nthe folly of fools is deceit.|Preserve introspection and deception.
14:9|Fools mock at guilt,\nbut among the upright there is goodwill.|Select mock guilt reading; note guilt offering ambiguity.
14:10|The heart knows its own bitterness,\nand no outsider can share its joy.|Preserve inward experience and outsider limitation.
14:11|The house of the wicked will be destroyed,\nbut the tent of the upright will flourish.|Keep house/tent asymmetry.
14:12|There is a way that seems right to a person,\nbut its end is the ways of death.|Retain singular-to-plural transition.
14:13|Even in laughter the heart can ache,\nand joy can end in sorrow.|Keep coexistence rather than equate all joy with sorrow.
14:14|The wayward in heart have their fill of their own ways;\na good person has his fill from his own deeds.|Supply deeds implied by parallel ways; retain moral return.
14:15|The inexperienced believe every word;\nthe prudent consider their steps.|Keep credibility versus deliberate conduct.
14:16|The wise fear and turn away from evil;\na fool rages on in confidence.|Retain reckless confidence.
14:17|A quick-tempered person acts foolishly;\na schemer is hated.|Preserve anger and plotting as distinct.
14:18|The inexperienced inherit folly;\nthe prudent are crowned with knowledge.|Keep inheritance and crown images.
14:19|The evil bow before the good,\nand the wicked at the gates of the righteous.|Preserve public gate submission.
14:20|The poor are hated even by their neighbors,\nbut the rich have many who love them.|Retain harsh social observation, not endorsement.
14:21|Whoever despises his neighbor sins;\nhappy is the one who shows mercy to the lowly.|Follow lowly read form.
14:22|Do not those who plot evil go astray?\nFaithful love and faithfulness meet those who plan good.|Keep planning contrast and covenant-like virtue pair.
14:23|All hard work brings some gain;\nmere talk leads only to need.|Retain labor versus empty speech.
14:24|The crown of the wise is their wealth;\nthe folly of fools is still folly.|Keep wealth without emendation and emphatic repetition.
14:25|A truthful witness rescues lives,\nbut one who breathes out lies is deceitful.|Preserve judicial stakes.
14:26|In the fear of the LORD is strong confidence,\nand his children will have a refuge.|Keep ambiguous his rather than settle ownership silently.
14:27|The fear of the LORD is a fountain of life,\nturning people away from death’s snares.|Repeat 13:14 imagery with new subject.
14:28|A large population is a king’s splendor;\nwithout a people, a ruler is ruined.|Retain ruler’s dependence on people.
14:29|One slow to anger has great understanding;\na short temper raises folly high.|Keep elevation of folly image.
14:30|A tranquil heart gives life to the body,\nbut jealousy rots the bones.|Retain bodily consequences as poetry.
14:31|Whoever oppresses the poor insults their Maker;\nwhoever shows mercy to the needy honors him.|Keep Maker’s identification with oppressed.
14:32|The wicked are brought down by their evil,\nbut the righteous find refuge even in death.|Follow pinned death rather than integrity variant.
14:33|Wisdom rests in a discerning heart;\neven among fools she makes herself known.|Retain affirmative pinned second clause.
14:34|Righteousness raises a nation up,\nbut sin is a disgrace to peoples.|Read rare disgrace sense without importing faithful love.
14:35|A king favors a servant who acts wisely,\nbut his fury falls on one who brings shame.|Keep royal approval and anger.
15:1|A gentle answer turns back fury;\na hurtful word stirs up anger.|Retain speech’s contrasting effects.
15:2|The tongue of the wise makes knowledge welcome;\nthe mouth of fools gushes folly.|Choose attractive use of knowledge; keep gushing.
15:3|The LORD’s eyes are everywhere,\nwatching the evil and the good.|Retain both objects of scrutiny.
15:4|A healing tongue is a tree of life;\na crooked tongue breaks the spirit.|Keep tree and broken spirit.
15:5|A fool despises his father’s discipline;\nwhoever keeps correction becomes prudent.|Retain specifically paternal teaching.
15:6|The house of the righteous holds great wealth;\nthe income of the wicked brings trouble.|Keep wealth rather than abstract virtue.
15:7|The lips of the wise scatter knowledge;\nthe heart of fools does not.|Retain scattered knowledge and asymmetrical heart.
15:8|The sacrifice of the wicked is detestable to the LORD,\nbut the prayer of the upright delights him.|Keep ritual/ethical contrast without rejecting sacrifice itself.
15:9|The way of the wicked is detestable to the LORD,\nbut he loves those who pursue righteousness.|Preserve active pursuit.
15:10|Harsh discipline awaits one who leaves the path;\nwhoever hates correction will die.|Keep severe consequences.
15:11|Sheol and Abaddon lie open before the LORD—\nhow much more human hearts!|Retain two underworld terms and inference.
15:12|A scoffer does not love being corrected;\nhe will not go to the wise.|Keep avoidance of instructors.
15:13|A joyful heart brightens the face;\na sorrowful heart crushes the spirit.|Preserve outward and inward effects.
15:14|A discerning heart seeks knowledge;\nthe mouth of fools feeds on folly.|Follow mouth read form, not written face.
15:15|All the days of the afflicted are hard,\nbut a cheerful heart has a continual feast.|Keep affliction without reducing it to attitude.
15:16|Better a little with the fear of the LORD\nthan great treasure with turmoil.|Retain comparative form.
15:17|Better a meal of vegetables where there is love\nthan a fattened ox with hatred.|Keep actual meal contrast.
15:18|A furious man stirs up conflict;\none slow to anger quiets a quarrel.|Preserve different temperaments.
15:19|A sluggard’s way is like a hedge of thorns;\nthe path of the upright is a raised highway.|Keep uneven paired imagery.
15:20|A wise son brings his father joy;\na foolish man despises his mother.|Retain gender and mother’s distinct treatment.
15:21|Folly is joy to one who lacks sense;\na person of understanding walks straight.|Keep pleasure and straight conduct.
15:22|Plans fail without consultation;\nwith many counselors they stand.|Preserve collective counsel.
15:23|A fitting answer brings a person joy;\nhow good is a word at the right time!|Keep exclamation and timeliness.
15:24|For the discerning, the path of life leads upward,\naway from Sheol below.|Preserve vertical image without naming heaven.
15:25|The LORD tears down the house of the proud,\nbut secures the widow’s boundary.|Keep widow’s concrete land rights.
15:26|Evil plans are detestable to the LORD,\nbut pleasant words are pure.|Retain ritual purity language for speech.
15:27|Whoever is greedy for gain troubles his household;\nwhoever hates bribes will live.|Keep corrupt gain and household consequences.
15:28|The heart of the righteous weighs an answer;\nthe mouth of the wicked gushes evil.|Preserve deliberation versus overflow.
15:29|The LORD is far from the wicked,\nbut he hears the prayer of the righteous.|Retain distance and hearing.
15:30|Bright eyes bring joy to the heart;\ngood news nourishes the bones.|Keep bodily nourishment image.
15:31|An ear that listens to life-giving correction\nwill dwell among the wise.|Retain listening ear as person metonym.
15:32|Whoever rejects discipline despises his own life;\nwhoever listens to correction gains understanding.|Keep self-harm and gained heart idiom.
15:33|The fear of the LORD teaches wisdom,\nand humility comes before honor.|Retain formation and sequence.
16:1|The arrangements of the heart belong to a person,\nbut the tongue’s answer comes from the LORD.|Keep human planning and divine answer distinct.
16:2|All a person’s ways seem pure in his own eyes,\nbut the LORD weighs spirits.|Preserve spirits rather than flatten to deeds.
16:3|Roll your works onto the LORD,\nand your plans will be established.|Retain concrete entrusting metaphor; explain selectively.
16:4|The LORD has made everything for its purpose,\neven the wicked for a day of disaster.|Preserve difficult divine-purpose claim without doctrinal expansion.
16:5|Every proud heart is detestable to the LORD;\nbe assured, it will not go unpunished.|Retain assurance idiom as 11:21.
16:6|Through faithful love and faithfulness guilt is atoned for;\nthrough the fear of the LORD one turns from evil.|Keep atonement and unspecified possessors.
16:7|When a person’s ways please the LORD,\nhe makes even his enemies be at peace with him.|Preserve divine agent and enemies.
16:8|Better a little with righteousness\nthan abundant income without justice.|Keep justice as economic criterion.
16:9|A human heart plans its way,\nbut the LORD establishes its steps.|Preserve path and steps distinction.
16:10|An oracle is on the lips of a king;\nhis mouth must not betray justice.|Render royal judicial obligation, not historical infallibility claim.
16:11|Honest balances and scales belong to the LORD;\nall the weights in the pouch are his work.|Keep commercial instruments and stone weights.
16:12|Wicked action is detestable to kings,\nfor a throne is established through righteousness.|Retain royal ideal and throne foundation.
16:13|Righteous lips delight kings;\nthey love one who speaks uprightly.|Preserve kings as recipients.
16:14|A king’s fury sends messengers of death,\nbut a wise person appeases it.|Keep lethal power and pacifying wisdom.
16:15|In the light of a king’s face is life;\nhis favor is like a cloud of spring rain.|Retain face and seasonal rain.
16:16|How much better to acquire wisdom than gold!\nTo acquire understanding is more desirable than silver.|Keep acquisition repetition and exclamation.
16:17|The highway of the upright turns away from evil;\nwhoever guards his way protects his life.|Retain road and guarding.
16:18|Pride comes before destruction,\na haughty spirit before a fall.|Preserve parallel sequence.
16:19|Better a lowly spirit among the humble\nthan a share of plunder with the proud.|Follow humble read form; keep spoils.
16:20|Whoever attends to a matter wisely finds good;\nhappy is the one who trusts in the LORD.|Leave word/matter scope broad.
16:21|The wise in heart are called discerning;\nsweetness of speech adds persuasive power.|Retain sweet speech and learning/persuasion sense.
16:22|Good judgment is a fountain of life to its possessor,\nbut the discipline of fools is folly.|Keep difficult discipline clause without explanatory insertion.
16:23|A wise heart gives insight to its mouth\nand adds persuasive power to its lips.|Repeat persuasion term from verse 21.
16:24|Pleasant words are a honeycomb,\nsweet to the soul and healing to the bones.|Keep sensory and bodily images.
16:25|There is a way that seems right to a person,\nbut its end is the ways of death.|Repeat 14:12 exactly.
16:26|A worker’s appetite works for him;\nhis mouth drives him on.|Retain appetite and mouth motivation.
16:27|A worthless man digs up evil;\non his lip is a scorching fire.|Follow singular lip read form.
16:28|A twisted man stirs up conflict;\na whisperer separates close friends.|Keep covert speech and relational damage.
16:29|A violent man entices his neighbor\nand leads him on a way that is not good.|Retain violence and euphemistic not good.
16:30|One who narrows his eyes plans perversity;\none who presses his lips together brings evil to completion.|Preserve bodily plotting signals.
16:31|Gray hair is a beautiful crown;\nit is found on the way of righteousness.|Keep gray hair and moral path.
16:32|Better one slow to anger than a warrior,\none who rules his spirit than one who captures a city.|Retain strength comparison without erasing warfare.
16:33|The lot is cast into the lap,\nbut every decision it gives comes from the LORD.|Keep ancient lot practice and divine attribution.
17:1|Better a dry crust with quiet\nthan a house full of sacrificial feasts with quarrels.|Retain sacrificial meals, not generic abundance only.
17:2|A servant who acts wisely will rule over a shameful son\nand share the inheritance among the brothers.|Preserve reversal of household rank.
17:3|A crucible is for silver and a furnace for gold,\nbut the LORD tests hearts.|Keep refining instruments.
17:4|An evildoer listens to wicked lips;\na liar pays attention to a destructive tongue.|Preserve culpable listening.
17:5|Whoever mocks the poor insults their Maker;\nwhoever rejoices at disaster will not go unpunished.|Keep Maker and malicious joy.
17:6|Grandchildren are the crown of the old,\nand fathers are the glory of their children.|Retain fathers rather than general parents.
17:7|Fine speech does not suit a fool;\nhow much less do lying lips suit a noble!|Keep ascending comparison and social rank.
17:8|A bribe is a precious stone in its owner’s eyes;\nwherever he turns, he succeeds.|Retain viewpoint qualifier; description not endorsement.
17:9|Whoever covers an offense seeks love;\nwhoever repeats a matter separates close friends.|Keep covering and repetitive disclosure.
17:10|A rebuke sinks deeper into one who understands\nthan a hundred blows into a fool.|Preserve exact hundred and physical blows.
17:11|An evil person seeks only rebellion;\na cruel messenger will be sent against him.|Keep ambiguous messenger without angel insertion.
17:12|Better to meet a bear robbed of her cubs\nthan a fool in his folly.|Retain maternal danger comparison.
17:13|Whoever repays good with evil—\nevil will not leave his house.|Follow depart read form and repeated evil.
17:14|Starting a quarrel is like letting water loose;\nleave the dispute before it breaks out.|Keep breached-water image.
17:15|Acquitting the guilty and condemning the innocent—\nboth are detestable to the LORD.|Render forensic righteous/wicked appropriately.
17:16|Why is there a price in a fool’s hand to buy wisdom\nwhen he has no sense?|Preserve ironic purchase question.
17:17|A friend loves at all times,\nand a brother is born for trouble.|Keep enduring friendship and brotherhood.
17:18|A person without sense clasps hands in a pledge,\nguaranteeing a debt in his neighbor’s presence.|Retain before neighbor rather than force for neighbor.
17:19|Whoever loves quarrels loves wrongdoing;\nwhoever raises his doorway high seeks destruction.|Keep difficult architectural image.
17:20|A twisted heart finds no good;\na deceitful tongue falls into trouble.|Preserve heart/tongue pairing.
17:21|The one who fathers a fool has sorrow;\na fool’s father has no joy.|Retain father and doubled grief.
17:22|A joyful heart brings good healing;\na crushed spirit dries up the bones.|Keep healing and dried bones.
17:23|A wicked person takes a concealed bribe\nto bend the paths of justice.|Render from bosom as concealed; keep bent paths.
17:24|Wisdom is before the face of the discerning,\nbut a fool’s eyes roam to the ends of the earth.|Keep near/far attention contrast.
17:25|A foolish son is grief to his father\nand bitterness to the woman who bore him.|Retain birth relationship.
17:26|It is not good to fine the innocent\nor to strike nobles for doing right.|Preserve fine, beating, and uprightness.
17:27|One who knows restrains his words;\na person of understanding has a noble spirit.|Follow precious/noble read form; note cool written form.
17:28|Even a fool is considered wise when silent,\ndiscerning when he closes his lips.|Keep ironic appearance of wisdom.
18:1|One who isolates himself pursues his own desire\nand breaks out against all sound wisdom.|Preserve antisocial defiance, not solitude generally.
18:2|A fool takes no pleasure in understanding,\nonly in exposing what is in his heart.|Keep disclosure versus receptive understanding.
18:3|When wickedness comes, contempt comes too;\nwith dishonor comes disgrace.|Retain paired arrivals.
18:4|The words of a person’s mouth are deep waters;\nthe fountain of wisdom is a flowing stream.|Preserve two water images without forcing contrast.
18:5|It is not good to favor the guilty\nand turn aside the innocent in judgment.|Keep forensic partiality.
18:6|A fool’s lips enter quarrels;\nhis mouth calls for blows.|Preserve speech inviting physical consequences.
18:7|A fool’s mouth is his ruin;\nhis lips are a snare for his life.|Keep mouth/lips parallel and trap.
18:8|A whisperer’s words are like tasty morsels;\nthey go down into the innermost belly.|Retain seductive consumption image.
18:9|One who is slack in his work\nis brother to a destroyer.|Preserve kinship with destruction.
18:10|The name of the LORD is a strong tower;\nthe righteous run into it and are safe on high.|Retain name and elevated refuge.
18:11|The wealth of the rich is their fortified city,\nlike a high wall in their imagination.|Keep imagination qualifying wealth’s protection.
18:12|Before destruction a person’s heart grows proud;\nbefore honor comes humility.|Retain repeated before.
18:13|Answering before listening\nis folly and dishonor for the speaker.|Keep sequence and consequence.
18:14|A person’s spirit can sustain him in illness,\nbut who can bear a crushed spirit?|Retain question and two senses of spirit’s condition.
18:15|A discerning heart acquires knowledge;\nthe ear of the wise seeks knowledge.|Keep repeated knowledge and body parts.
18:16|A person’s gift makes room for him\nand brings him before the great.|Retain gift rather than automatically bribe.
18:17|The first to present his case seems right,\nuntil his neighbor comes and examines him.|Follow conjunction read form and forensic testing.
18:18|Casting lots ends disputes\nand separates powerful opponents.|Keep lot procedure and powerful parties.
18:19|An offended brother is harder to win than a fortified city;\nquarrels are like the bars of a palace.|Supply harder to win for compressed comparison; keep bars.
18:20|A person’s belly is filled by the fruit of his mouth;\nhe is filled by the produce of his lips.|Retain repeated satisfaction and fruit.
18:21|Death and life are in the power of the tongue;\nthose who love it will eat its fruit.|Keep ambiguous it and consequences of speech.
18:22|Whoever finds a wife finds good\nand obtains favor from the LORD.|Retain wife without added adjective good.
18:23|The poor speak with pleading,\nbut the rich answer harshly.|Preserve unequal social speech.
18:24|A person with many companions may come to ruin,\nbut there is a friend who clings more closely than a brother.|Choose ruin sense of difficult verb; preserve close friendship.
19:1|Better a poor person who walks with integrity\nthan a fool with twisted lips.|Do not insert rich into second line.
19:2|Desire without knowledge is not good;\nhasty feet miss the way.|Keep appetite/desire and sinful missing image.
19:3|A person’s folly wrecks his way,\nthen his heart rages against the LORD.|Retain misdirected blame.
19:4|Wealth adds many friends,\nbut the poor are separated from their neighbor.|Keep observation without approving rejection.
19:5|A false witness will not go unpunished;\none who breathes out lies will not escape.|Retain legal and speech images.
19:6|Many seek the favor of a generous noble;\neveryone is a friend to a giver of gifts.|Keep patronage and generosity ambiguity.
19:7|All a poor man’s brothers hate him;\nhow much more do his friends keep their distance!\nHe pursues words, but they are not there.|Follow written negative in difficult final clause; explicitly note read-form alternative.
19:8|Whoever acquires understanding loves his own life;\nwhoever guards insight will find good.|Retain acquisition and self-benefit.
19:9|A false witness will not go unpunished;\none who breathes out lies will perish.|Preserve difference from verse 5 final verb.
19:10|Luxury does not suit a fool;\nhow much less does ruling princes suit a servant!|Keep ancient social hierarchy without modern substitution.
19:11|Good judgment makes a person slow to anger;\nit is his glory to overlook an offense.|Retain restraint and honor.
19:12|A king’s rage is like a young lion’s roar;\nhis favor is like dew on grass.|Keep animal and dew comparisons.
19:13|A foolish son is his father’s ruin;\na wife’s quarrels are a constant dripping.|Retain specific gendered critique.
19:14|A house and wealth are inherited from fathers,\nbut a prudent wife comes from the LORD.|Keep different sources of gifts.
19:15|Laziness sinks a person into deep sleep;\na slack person will go hungry.|Preserve sleep and hunger.
19:16|Whoever keeps a command protects his life;\nwhoever despises his ways will die.|Follow die read form, not be executed written form.
19:17|Whoever shows mercy to the poor lends to the LORD,\nand he will repay that deed.|Retain startling divine debt image.
19:18|Discipline your son while there is hope;\ndo not set your heart on his death.|Preserve warning against death without softening first imperative.
19:19|A hot-tempered person bears the penalty;\nif you rescue him, you will have to do it again.|Follow great anger read form and repeated rescue.
19:20|Listen to counsel and receive discipline,\nso that you may be wise in your later days.|Retain future wisdom purpose.
19:21|Many are the plans in a person’s heart,\nbut the LORD’s counsel will stand.|Keep many human plans versus enduring counsel.
19:22|What is desired in a person is faithful love;\nbetter to be poor than a liar.|Choose desired quality sense and preserve abrupt comparison.
19:23|The fear of the LORD leads to life;\none rests satisfied, untouched by harm.|Retain proverbial assurance and rest.
19:24|A sluggard buries his hand in the dish\nand will not even bring it back to his mouth.|Keep comic exaggeration.
19:25|Strike a scoffer, and the inexperienced learn prudence;\ncorrect a discerning person, and he understands knowledge.|Preserve different recipients of lesson and real blows.
19:26|One who robs his father and drives away his mother\nis a son who brings shame and disgrace.|Keep concrete parental mistreatment.
19:27|Stop listening to discipline, my son,\nand you will wander from words of knowledge.|Read ironic conditional warning; note compressed syntax.
19:28|A worthless witness mocks justice,\nand the mouth of the wicked swallows wrongdoing.|Keep judicial mockery and appetite.
19:29|Judgments are prepared for scoffers,\nand blows for the backs of fools.|Retain physical punishment.
20:1|Wine is a scoffer; strong drink is a brawler.\nWhoever is led astray by them is not wise.|Keep personified drinks and folly.
20:2|A king’s terror is like a young lion’s roar;\nwhoever provokes him endangers his own life.|Retain royal danger and self-harm.
20:3|It is an honor to stay out of a quarrel,\nbut every fool rushes into one.|Keep restraint as honor.
20:4|A sluggard will not plow in the cold season;\nat harvest he looks for a crop, but there is none.|Follow read-form continuation and seasonal sequence.
20:5|Counsel in a person’s heart is deep water,\nbut someone with understanding draws it out.|Keep well-drawing image.
20:6|Many proclaim their own faithful love,\nbut who can find a trustworthy person?|Retain claim versus demonstrated reliability.
20:7|The righteous walk with integrity;\nhappy are their children after them.|Keep intergenerational benefit.
20:8|A king sitting on the judgment throne\nwinnows out all evil with his eyes.|Retain winnowing image and judicial gaze.
20:9|Who can say, “I have made my heart clean;\nI am pure from my sin”?|Preserve rhetorical question and self-purification claim.
20:10|Two different weights, two different measures—\nboth are detestable to the LORD.|Make fraudulent double standards concrete.
20:11|Even a youth is known by his actions,\nwhether his conduct is pure and upright.|Retain discernment from behavior.
20:12|The hearing ear and the seeing eye—\nthe LORD made them both.|Keep paired senses and Creator.
20:13|Do not love sleep, or you will become poor;\nopen your eyes, and you will have enough bread.|Retain wakefulness and bread.
20:14|“Bad, bad!” says the buyer;\nthen he goes away and boasts.|Keep bargaining speech and reversal.
20:15|There is gold, and jewels in abundance,\nbut knowledgeable lips are a precious treasure.|Retain relative value of speech.
20:16|Take the garment of one who guarantees a stranger’s debt;\nhold it as a pledge when he guarantees an outsider woman’s debt.|Follow feminine read form, note written plural strangers.
20:17|Bread gained by deceit tastes sweet,\nbut afterward the mouth is filled with gravel.|Keep concrete bitter outcome.
20:18|Plans are established through counsel;\nwage war with sound guidance.|Retain military context.
20:19|A gossip goes about revealing confidences;\ndo not associate with one whose lips are always open.|Preserve indiscreet talk.
20:20|Whoever curses his father or mother—\nhis lamp will go out in deepest darkness.|Retain parental curse and lamp.
20:21|An inheritance hastily seized at the beginning\nwill not be blessed at the end.|Follow hasty read form.
20:22|Do not say, “I will repay evil.”\nWait for the LORD, and he will deliver you.|Keep rejection of personal retaliation.
20:23|Two different weights are detestable to the LORD,\nand dishonest scales are not good.|Retain repeated commercial warning.
20:24|A man’s steps come from the LORD;\nhow, then, can a human understand his own way?|Keep question about limited comprehension.
20:25|It is a snare to blurt out, “This is holy!”\nand only afterward consider the vows.|Preserve rash consecration.
20:26|A wise king winnows the wicked\nand drives a threshing wheel over them.|Keep violent threshing image.
20:27|The human breath is the LORD’s lamp,\nsearching every chamber within.|Retain breath rather than impose a technical soul doctrine.
20:28|Faithful love and faithfulness guard a king;\nthrough faithful love he sustains his throne.|Keep repeated faithful love.
20:29|The glory of young men is their strength;\nthe splendor of the old is gray hair.|Retain age contrast.
20:30|Wounding blows scour away evil;\nstripes cleanse the chambers within.|Follow cleansing read form; preserve physical harm.
21:1|A king’s heart is like channels of water in the LORD’s hand;\nhe turns it wherever he wishes.|Keep irrigation and divine direction.
21:2|Every way seems right in a person’s own eyes,\nbut the LORD weighs hearts.|Distinguish hearts from spirits in 16:2.
21:3|Doing righteousness and justice\nis more desirable to the LORD than sacrifice.|Retain comparative priority.
21:4|Haughty eyes and a swollen heart—\nthe lamp of the wicked—are sin.|Choose lamp sense; note plowed-field alternative.
21:5|The plans of the diligent lead only to gain;\neveryone who hurries comes only to need.|Keep planned diligence versus haste.
21:6|Treasures gained by a lying tongue\nare a vanishing breath for those seeking death.|Follow death-seekers text, not death-snares alternative.
21:7|The violence of the wicked drags them away,\nbecause they refuse to do justice.|Keep violence as self-destructive agent.
21:8|The way of the guilty is twisted,\nbut the conduct of the pure is straight.|Retain moral-path contrast.
21:9|Better to live on a corner of the roof\nthan share a house with a quarrelsome wife.|Preserve gender-specific domestic comparison.
21:10|The wicked crave evil;\ntheir neighbor finds no mercy in their eyes.|Keep neighbor’s vulnerability.
21:11|When a scoffer is punished, the inexperienced become wise;\nwhen the wise receive instruction, they gain knowledge.|Preserve indirect and direct learning contrast.
21:12|The Righteous One considers the house of the wicked;\nhe overturns the wicked into disaster.|Choose divine referent; flag righteous person alternative.
21:13|Whoever shuts his ear to the poor person’s cry\nwill also cry out and receive no answer.|Keep reciprocal refusal.
21:14|A gift in secret quiets anger;\na concealed bribe quiets fierce rage.|Keep gift and bribe distinct, descriptive claim.
21:15|Doing justice brings joy to the righteous\nbut terror to those who do wrong.|Retain justice’s differing reception.
21:16|One who wanders from the way of understanding\nwill rest among the assembly of the dead.|Keep death assembly image.
21:17|Whoever loves pleasure will become needy;\nwhoever loves wine and oil will not grow rich.|Retain costly pleasures and oil.
21:18|The wicked become a ransom for the righteous,\nand the faithless take the place of the upright.|Preserve difficult substitution image.
21:19|Better to live in a wilderness\nthan with a quarrelsome and angry wife.|Keep wilderness and specific wife.
21:20|Precious treasure and oil are in the wise person’s home,\nbut a fool swallows them up.|Preserve consumptive waste.
21:21|Whoever pursues righteousness and faithful love\nfinds life, righteousness, and honor.|Retain repeated righteousness rather than replace with prosperity.
21:22|A wise person scales a city of warriors\nand brings down the stronghold they trust.|Keep military feat by wisdom.
21:23|Whoever guards his mouth and tongue\nguards his life from troubles.|Preserve paired organs and guarding repetition.
21:24|Proud and arrogant—Scoffer is his name;\nhe acts with overflowing pride.|Keep named characterization.
21:25|A sluggard’s craving kills him,\nfor his hands refuse to work.|Retain desire and hands as agents.
21:26|All day long he craves and craves,\nbut the righteous give without holding back.|Connect sluggard subject; keep intense repetition.
21:27|The sacrifice of the wicked is detestable;\nhow much more when brought with an evil purpose!|Preserve ascending argument.
21:28|A lying witness will perish,\nbut a person who listens will speak enduringly.|Keep difficult enduring speech without over-resolving.
21:29|A wicked man puts on a bold face,\nbut the upright considers his way.|Follow considers and singular way read forms.
21:30|There is no wisdom, no understanding,\nand no counsel that can stand against the LORD.|Preserve threefold negation.
21:31|The horse is prepared for the day of battle,\nbut deliverance belongs to the LORD.|Keep preparation and deliverance distinction.
22:1|A good name is more desirable than great wealth;\nfavor is better than silver and gold.|Supply good from favorable name context.
22:2|Rich and poor meet together;\nthe LORD is the Maker of them all.|Preserve shared creation.
22:3|The prudent see danger and hide,\nbut the inexperienced go on and suffer for it.|Follow hides read form.
22:4|The reward of humility and the fear of the LORD\nis wealth, honor, and life.|Keep compressed relation of humility and fear; note alternative.
22:5|Thorns and snares lie on the crooked person’s way;\nwhoever guards his life stays far from them.|Retain path hazards.
22:6|Train a youth according to his way;\neven when old, he will not turn from it.|Preserve ambiguous his way instead of supplying should.
22:7|The rich rule over the poor,\nand the borrower is a servant to the lender.|Retain dependency image.
22:8|Whoever sows injustice reaps trouble,\nand the rod of his fury will fail.|Follow reap read form and preserve rod.
22:9|The generous will be blessed,\nfor they share their bread with the poor.|Render good eye idiom through generosity.
22:10|Drive out a scoffer, and conflict leaves;\ndisputes and dishonor cease.|Retain removal as action.
22:11|Whoever loves purity of heart and speaks graciously\nwill have the king as a friend.|Follow pure read form and retain royal friendship.
22:12|The LORD’s eyes guard knowledge,\nbut he overturns the words of the faithless.|Keep knowledge as guarded object.
22:13|A sluggard says, “There is a lion outside!\nI will be killed in the public square!”|Keep comic excuse’s quoted alarm.
22:14|The mouth of forbidden women is a deep pit;\none under the LORD’s anger falls into it.|Preserve divine anger and plural women.
22:15|Folly is bound to a youth’s heart;\nthe rod of discipline drives it far away.|Retain rod rather than abstract correction only.
22:16|Oppressing the poor to increase one’s wealth\nand giving to the rich lead only to need.|Choose parallel harmful practices; note compressed pronoun ambiguity.
22:17|Turn your ear and hear the words of the wise;\napply your heart to my knowledge.|Mark new collection’s instructional voice.
22:18|It is pleasant when you keep them within you,\nwhen they are all ready on your lips.|Preserve inward retention and spoken readiness.
22:19|So that your trust may be in the LORD,\nI make them known to you today—to you yourself.|Keep emphatic personal address.
22:20|Have I not written excellent sayings for you,\nwith counsel and knowledge,|Follow excellent/chief read-form interpretation; note thirty and formerly alternatives.
22:21|to make you know the reliability of true words,\nso you can bring back truthful words to those who sent you?|Retain envoy-like purpose.
22:22|Do not rob the poor because they are poor;\ndo not crush the afflicted at the gate.|Keep exploitation of vulnerability and court gate.
22:23|For the LORD will plead their case\nand rob their robbers of life.|Preserve judicial defense and lethal wordplay.
22:24|Do not befriend a hot-tempered person\nor associate with a furious man,|Retain different anger terms.
22:25|or you may learn his ways\nand take a snare for your own life.|Follow plural ways read form.
22:26|Do not be among those who clasp hands in a pledge,\nthose who guarantee debts.|Keep physical pledge explained by second line.
22:27|If you have nothing to pay,\nwhy should your bed be taken from under you?|Preserve concrete seizure and question.
22:28|Do not move the ancient boundary marker\nthat your ancestors set in place.|Keep inherited property boundary.
22:29|Have you seen someone skilled at his work?\nHe will stand before kings,\nnot before obscure people.|Retain rhetorical question and court service.
23:1|When you sit down to eat with a ruler,\nconsider carefully what is before you.|Keep attention to situation and food/person ambiguity.
23:2|Put a knife to your throat\nif you are ruled by appetite.|Retain alarming restraint image; explanatory note.
23:3|Do not crave his delicacies,\nfor that food is deceptive.|Keep hospitality’s concealed danger.
23:4|Do not wear yourself out getting rich;\nhave the sense to stop.|Choose understanding as basis for restraint.
23:5|Will you set your eyes on it? It is gone!\nWealth surely makes itself wings\nand flies toward heaven like an eagle.|Follow eye/flight read forms; keep disappearance.
23:6|Do not eat the bread of the stingy\nor crave their delicacies.|Render evil eye idiom consistently.
23:7|For he is like one calculating inwardly.\n“Eat and drink,” he tells you,\nbut his heart is not with you.|Retain inward reckoning, not general positive-thinking maxim.
23:8|You will vomit the morsel you ate\nand waste your pleasant words.|Keep bodily revulsion and wasted courtesy.
23:9|Do not speak in a fool’s hearing,\nfor he will despise the good sense of your words.|Preserve listener-specific warning.
23:10|Do not move the ancient boundary marker\nor encroach on the fields of the fatherless.|Keep orphan land protection.
23:11|For their Redeemer is strong;\nhe will plead their case against you.|Retain kin-redeemer legal image.
23:12|Bring your heart to discipline\nand your ears to words of knowledge.|Keep heart/ear parallel.
23:13|Do not withhold discipline from a youth;\nif you strike him with a rod, he will not die.|Preserve source’s bodily punishment claim without softening.
23:14|You will strike him with a rod\nand rescue his life from Sheol.|Retain repeated blow and underworld contrast.
23:15|My son, if your heart becomes wise,\nmy own heart will rejoice.|Keep parent’s matching heart.
23:16|My innermost being will exult\nwhen your lips speak what is right.|Render kidneys idiom with note.
23:17|Do not let your heart envy sinners;\ninstead, fear the LORD all day long.|Preserve sustained alternative to envy.
23:18|For surely there is a future,\nand your hope will not be cut off.|Retain future/hope connection.
23:19|Listen, my son, and become wise;\nlead your heart straight along the way.|Keep self-directed heart and road.
23:20|Do not join those who drink too much wine\nor those who gorge themselves on meat,|Retain excessive consumption, not ban on food types.
23:21|for the drunkard and the glutton become poor,\nand drowsiness clothes them in rags.|Keep personified sleep and rags.
23:22|Listen to your father who gave you life;\ndo not despise your mother when she is old.|Preserve aged mother’s claim to respect.
23:23|Buy truth, and do not sell it—\nwisdom, discipline, and understanding.|Keep acquisition metaphor and three qualities.
23:24|The father of the righteous will greatly rejoice;\none who fathers a wise son will be glad in him.|Follow all four read forms, preserve fatherhood.
23:25|May your father and mother be glad;\nmay the woman who bore you rejoice.|Keep blessing-like wish and mother repeated.
23:26|My son, give me your heart,\nand let your eyes keep watch over my ways.|Follow keep/watch read form, not delight written form.
23:27|For a prostitute is a deep pit,\nand the forbidden woman a narrow well.|Keep two dangerous cavities and distinct terms.
23:28|She too lies in wait like a robber\nand increases the faithless among humankind.|Preserve ambush and multiplication of betrayal.
23:29|Who has woe? Who has sorrow?\nWho has quarrels? Who has complaints?\nWho has wounds for no reason? Who has bloodshot eyes?|Retain six questions and physical effects.
23:30|Those who linger over wine,\nthose who go seeking mixed drink.|Answer previous questions without inserting new referent.
23:31|Do not gaze at wine when it is red,\nwhen it sparkles in the cup\nand goes down smoothly.|Follow cup read form and sensual allure.
23:32|In the end it bites like a snake\nand strikes like a viper.|Retain venomous reversal.
23:33|Your eyes will see strange things,\nand your heart will speak perversities.|Choose strange things rather than women; note alternative.
23:34|You will be like someone lying in the heart of the sea,\nlike someone lying at the top of a mast.|Keep precarious maritime images.
23:35|“They struck me, but I felt no pain;\nthey beat me, but I did not know it.\nWhen will I wake up? I will seek another drink.”|Preserve intoxicated speaker and returning appetite.
24:1|Do not envy evil men\nor desire their company,|Follow desire read form.
24:2|for their hearts devise violence\nand their lips speak trouble.|Keep inner plotting and outward speech.
24:3|By wisdom a house is built;\nby understanding it is established;|Preserve building metaphor’s stages.
24:4|by knowledge its rooms are filled\nwith every precious and pleasant treasure.|Keep furnished rooms rather than abstractions alone.
24:5|A wise man has strength;\na knowledgeable man increases his power.|Retain knowledge as strength.
24:6|For with guidance you wage your war,\nand with many counselors comes deliverance.|Keep military context and plural counsel.
24:7|Wisdom is too high for a fool;\nat the gate he does not open his mouth.|Retain public judicial gate.
24:8|One who plans to do evil\nwill be called a master of schemes.|Keep reputation from plotting.
24:9|Folly’s schemes are sin,\nand a scoffer is detestable to people.|Retain human rather than divine audience.
24:10|If you collapse on a day of trouble,\nyour strength is small.|Preserve trouble/small wordplay in sense.
24:11|Rescue those being taken away to death;\nhold back those staggering toward slaughter.|Keep active rescue of endangered people.
24:12|If you say, “Look, we did not know this,”\ndoes not the one who weighs hearts understand?\nDoes not the guardian of your life know?\nWill he not repay each person according to his deeds?|Preserve plural excuse and accountability questions.
24:13|My son, eat honey, for it is good;\nhoney from the comb is sweet to your taste.|Keep concrete analogy’s first step.
24:14|Know that wisdom is like this for your soul.\nIf you find it, there is a future,\nand your hope will not be cut off.|Retain analogy and repeated future promise.
24:15|Do not lie in wait, wicked one, against the home of the righteous;\ndo not devastate his resting place.|Keep direct address to aggressor.
24:16|For the righteous fall seven times and rise again,\nbut the wicked stumble in disaster.|Keep seven and adversity rather than automatically sin.
24:17|Do not rejoice when your enemy falls;\ndo not let your heart exult when he stumbles,|Follow singular enemy read form.
24:18|or the LORD may see and be displeased\nand turn his anger away from him.|Preserve counterintuitive withdrawal of wrath from enemy.
24:19|Do not burn with anger over evildoers;\ndo not envy the wicked,|Keep anger and envy distinct.
24:20|for the evil have no future;\nthe lamp of the wicked will go out.|Retain extinguished lamp.
24:21|My son, fear the LORD and the king;\ndo not associate with those who rebel,|Choose changers as rebels in royal context.
24:22|for their disaster rises suddenly,\nand who knows the ruin that comes from them both?|Keep both referring to LORD and king with note.
24:23|These too are sayings of the wise.\nShowing partiality in judgment is not good.|Keep new collection label within verse.
24:24|Whoever tells the guilty, “You are innocent,”\nwill be cursed by peoples and denounced by nations.|Preserve judicial reversal and public reaction.
24:25|But it will go well with those who convict the guilty;\na good blessing will come upon them.|Keep judicial correction context.
24:26|An honest answer\nis a kiss on the lips.|Retain intimate comparison.
24:27|Prepare your work outside;\nget your fields ready.\nAfter that, build your house.|Keep agricultural order and house ambiguity.
24:28|Do not testify against your neighbor without cause;\nwould you deceive with your lips?|Preserve rhetorical question in second line.
24:29|Do not say, “I will do to him what he did to me;\nI will repay the man according to his deeds.”|Keep rejection of personal retaliation beside divine repayment.
24:30|I passed by a sluggard’s field,\nby the vineyard of a person without sense.|Retain first-person observation.
24:31|Thorns had grown over it all;\nnettles covered its surface,\nand its stone wall was broken down.|Keep three signs of neglect.
24:32|I looked and took it to heart;\nI saw and received discipline:|Preserve observational learning.
24:33|“A little sleep, a little rest,\na little folding of the hands to lie down”—|Repeat 6:10 exactly.
24:34|and poverty will come upon you like a prowler,\nneed like a man with a shield.|Keep matching warning from 6:11.
25:1|These too are proverbs of Solomon, copied by the men of Hezekiah, king of Judah.|Preserve collection’s copying attribution.
25:2|It is God’s glory to conceal a matter;\nit is kings’ glory to search a matter out.|Keep divine and royal roles distinct.
25:3|The heavens in height, the earth in depth,\nand the heart of kings cannot be searched out.|Retain three inaccessible dimensions.
25:4|Remove the dross from silver,\nand a vessel comes forth for the smith.|Preserve refining process.
25:5|Remove the wicked from a king’s presence,\nand his throne will be established in righteousness.|Repeat removal for political analogy.
25:6|Do not make yourself grand before a king\nor stand in the place of the great.|Keep self-promotion warning.
25:7|Better to be told, “Come up here,”\nthan to be brought low before a noble.\nWhat your eyes have seen,|Attach final source clause to following warning without moving its label.
25:8|do not rush to bring into a dispute.\nWhat will you do afterward\nwhen your neighbor puts you to shame?|Complete cross-verse sentence and retain question.
25:9|Argue your case with your neighbor,\nbut do not reveal another person’s confidence,|Keep direct dispute and protected third party.
25:10|or the hearer may disgrace you,\nand your bad reputation will not go away.|Retain lasting reputational cost.
25:11|Golden apples in silver settings—\nsuch is a word spoken at the right moment.|Keep ornament image and apt timing.
25:12|A gold ring, an ornament of fine gold—\nsuch is a wise correction to a listening ear.|Preserve precious correction and receptive hearer.
25:13|Like the coolness of snow on a harvest day\nis a faithful envoy to those who send him;\nhe refreshes his masters’ lives.|Keep cooling snow, not destructive snowfall.
25:14|Clouds and wind without rain—\nsuch is one who boasts of a gift never given.|Preserve disappointed expectation.
25:15|Through patience a ruler is persuaded;\na gentle tongue breaks a bone.|Keep paradoxical soft speech and hard bone.
25:16|Have you found honey? Eat only enough,\nor you will be filled with it and vomit.|Preserve excess and bodily consequence.
25:17|Let your visits to your neighbor’s house be rare,\nor he will grow tired of you and hate you.|Retain social application of overfilling.
25:18|A club, a sword, a sharpened arrow—\nsuch is one who gives false testimony against his neighbor.|Keep three weapons and judicial harm.
25:19|A broken tooth and an unsteady foot—\nsuch is trust in a faithless person on a day of trouble.|Retain painful unreliable supports.
25:20|Taking off a garment on a cold day,\npouring vinegar on soda—\nsuch is singing songs to a troubled heart.|Keep unsettling comparisons without replacing chemical substance.
25:21|If your enemy is hungry, give him bread to eat;\nif he is thirsty, give him water to drink.|Preserve practical care of enemy.
25:22|For you will heap coals on his head,\nand the LORD will repay you.|Keep consequentially ambiguous coals image.
25:23|The north wind brings rain,\nand a secretive tongue brings angry faces.|Retain direction and cause analogy.
25:24|Better to live on a corner of the roof\nthan share a house with a quarrelsome wife.|Repeat 21:9 and follow read form.
25:25|Cold water to a weary soul—\nsuch is good news from a distant land.|Retain distance and refreshing news.
25:26|A muddied spring, a ruined fountain—\nsuch is a righteous person giving way before the wicked.|Preserve corruption of water source.
25:27|Eating much honey is not good;\npursuing your own honor brings no honor.|Carry first-line negation into compressed glory clause; document unexpressed negative and positive alternative.
25:28|A breached city without a wall—\nsuch is a person who cannot restrain his spirit.|Keep exposed-city image.
26:1|Like snow in summer and rain at harvest,\nhonor does not suit a fool.|Preserve seasonally harmful weather.
26:2|Like a fluttering bird, like a flying swallow,\na groundless curse does not come to rest.|Choose written negative; note read form to him.
26:3|A whip for the horse, a bridle for the donkey,\nand a rod for the backs of fools.|Keep animal and human restraint comparison.
26:4|Do not answer a fool according to his folly,\nor you too will become like him.|Retain first half of deliberate paired tension.
26:5|Answer a fool according to his folly,\nor he will become wise in his own eyes.|Retain opposing imperative without harmonizing.
26:6|Sending a message by a fool\nis cutting off your feet and drinking violence.|Keep violent self-defeating images.
26:7|Like the dangling legs of someone unable to walk\nis a proverb in the mouth of fools.|Preserve disability comparison without substituting another image.
26:8|Like binding a stone in a sling\nis giving honor to a fool.|Retain unusable sling image.
26:9|Like a thorn in a drunkard’s hand\nis a proverb in the mouth of fools.|Keep dangerous mishandling comparison.
26:10|Like an archer who wounds everyone\nis one who hires a fool or hires passersby.|Choose archer reading of highly difficult verse; flag alternatives.
26:11|Like a dog returning to its vomit,\na fool repeats his folly.|Preserve repulsive repetition.
26:12|Have you seen someone wise in his own eyes?\nThere is more hope for a fool than for him.|Keep surprising comparison.
26:13|A sluggard says, “A lion is on the road!\nA lion is in the streets!”|Preserve doubled excuse.
26:14|A door turns on its hinge,\nand a sluggard on his bed.|Keep comic immobility amid movement.
26:15|A sluggard buries his hand in the dish;\nhe is too weary to bring it back to his mouth.|Retain hyperbole and weariness distinct from 19:24.
26:16|A sluggard is wiser in his own eyes\nthan seven people who answer sensibly.|Keep exact seven.
26:17|Like grabbing a dog by the ears\nis a passerby who gets angry over someone else’s quarrel.|Preserve needless dangerous interference.
26:18|Like a madman shooting firebrands,\narrows, and death,|Keep escalating projectiles and continuation.
26:19|so is someone who deceives his neighbor\nand says, “I was only playing!”|Preserve quoted excuse for harm.
26:20|Without wood a fire goes out;\nwithout a whisperer a quarrel grows quiet.|Keep removal of fuel analogy.
26:21|Charcoal for embers, wood for fire,\nand a quarrelsome person for kindling conflict.|Follow quarrels read form and fuel list.
26:22|A whisperer’s words are like tasty morsels;\nthey go down into the innermost belly.|Repeat 18:8 exactly.
26:23|Silver dross coating earthenware—\nsuch are burning lips with an evil heart.|Keep pinned silver dross and burning lips, not emend smooth.
26:24|A hater disguises himself with his lips\nwhile storing up deceit within.|Follow plural lips read form.
26:25|When his voice grows gracious, do not trust him,\nfor seven detestable things are in his heart.|Preserve seven and deceptive grace.
26:26|Though hatred is covered by deception,\nhis evil will be exposed in the assembly.|Keep public disclosure.
26:27|Whoever digs a pit falls into it;\na stone rolls back on the one who rolls it.|Preserve two returning-harm images.
26:28|A lying tongue hates those it crushes,\nand a smooth mouth brings ruin.|Retain victims of destructive speech.
27:1|Do not boast about tomorrow,\nfor you do not know what a day will bring to birth.|Keep day’s birth image.
27:2|Let someone else praise you, not your own mouth;\na stranger, not your own lips.|Retain parallel prohibition of self-praise.
27:3|Stone is heavy and sand a burden,\nbut a fool’s provocation is heavier than both.|Keep physical weight comparison.
27:4|Fury is cruel and anger a flood,\nbut who can stand before jealousy?|Preserve escalation and question.
27:5|Better an open correction\nthan a hidden love.|Keep comparative tension.
27:6|A friend’s wounds are trustworthy;\nan enemy’s kisses are plentiful.|Retain harmful-looking loyalty and excessive affection.
27:7|One who is full tramples honeycomb underfoot;\nto the hungry even bitter things are sweet.|Keep appetite changing perception.
27:8|Like a bird wandering from its nest\nis a person wandering from home.|Retain displacement image.
27:9|Oil and incense bring joy to the heart;\na friend’s sweetness comes from heartfelt counsel.|Choose source-of-sweetness reading; note compressed syntax.
27:10|Do not abandon your friend or your father’s friend.\nDo not go to your brother’s house on your day of disaster;\nbetter a nearby neighbor than a distant brother.|Follow friend read form and preserve comparative accessibility.
27:11|Be wise, my son, and bring joy to my heart,\nso I can answer the one who reproaches me.|Keep parent’s social stake.
27:12|The prudent see danger and hide,\nbut the inexperienced go on and suffer for it.|Repeat 22:3 shared meaning.
27:13|Take the garment of one who guarantees a stranger’s debt;\nhold it as a pledge when he guarantees an outsider woman’s debt.|Match 20:16’s read form now written in source.
27:14|Whoever blesses his neighbor loudly at dawn\nwill have it counted as a curse.|Preserve intrusive blessing paradox.
27:15|A constant dripping on a rainy day\nand a quarrelsome wife are alike.|Keep gendered rain comparison.
27:16|Restraining her is restraining the wind,\ntrying to grasp oil in one’s right hand.|Choose grasp sense of difficult final verb; note uncertainty.
27:17|Iron sharpens iron,\nand a person sharpens his neighbor’s face.|Retain face image rather than generic improvement alone.
27:18|Whoever tends a fig tree eats its fruit;\nwhoever guards his master will be honored.|Keep agricultural and service analogy.
27:19|As water reflects face to face,\nso a human heart reflects a person.|Preserve compressed reflection comparison and open referent.
27:20|Sheol and Abaddon are never satisfied,\nand human eyes are never satisfied.|Follow Abaddon read form; keep repeated appetite.
27:21|A crucible is for silver and a furnace for gold,\nand a person is tested by his praise.|Keep praise’s ambiguous relation to person.
27:22|Even if you pound a fool in a mortar\namong crushed grain with a pestle,\nhis folly will not leave him.|Preserve violent absurdity rather than sanitize.
27:23|Know well the condition of your flock;\npay close attention to your herds,|Keep direct pastoral management.
27:24|for wealth does not last forever.\nDoes a crown endure from generation to generation?|Follow generation conjunction read form and retain question.
27:25|The grass is taken away, fresh growth appears,\nand the mountain plants are gathered.|Keep agricultural sequence without inventing season dates.
27:26|Lambs will provide your clothing,\nand goats the price of a field.|Preserve products and exchange value.
27:27|There will be enough goats’ milk for your food,\nfor your household’s food,\nand for the livelihood of your young women.|Retain female household workers and sufficiency.
28:1|The wicked flee when no one pursues,\nbut the righteous are confident as a young lion.|Keep fear versus boldness.
28:2|When a land rebels, its rulers multiply;\nwith an understanding, knowledgeable person, order endures.|Preserve political instability and difficult order term.
28:3|A poor man who oppresses the needy\nis like a sweeping rain that leaves no bread.|Keep pinned poor rather than conjectured ruler.
28:4|Those who abandon instruction praise the wicked;\nthose who keep instruction contend with them.|Retain Torah as instruction and active opposition.
28:5|Evil men do not understand justice;\nthose who seek the LORD understand it fully.|Keep justice as scope of all.
28:6|Better a poor person who walks with integrity\nthan a rich person whose ways are crooked.|Preserve explicit rich unlike 19:1.
28:7|A son who keeps instruction has understanding;\na companion of gluttons brings his father shame.|Keep son and appetite company.
28:8|Whoever increases wealth through interest and extra charges\ngathers it for someone who shows mercy to the poor.|Follow read form and preserve transfer to benefactor.
28:9|Whoever turns his ear away from hearing instruction—\neven his prayer is detestable.|Retain severe prayer rejection.
28:10|Whoever leads the upright astray onto an evil road\nwill fall into his own pit,\nbut those of integrity will inherit good.|Keep perpetrator’s own trap and positive contrast.
28:11|A rich man is wise in his own eyes,\nbut a poor person with understanding sees through him.|Preserve class reversal in discernment.
28:12|When the righteous triumph, there is great glory;\nwhen the wicked rise, people hide.|Keep public consequence of power.
28:13|Whoever covers his offenses will not prosper;\nwhoever confesses and abandons them will receive mercy.|Distinguish own-offense concealment from forgiving another’s.
28:14|Happy is the person who remains reverent,\nbut one who hardens his heart falls into trouble.|Render continual fear as reverence; note unspecified object.
28:15|A roaring lion, a charging bear—\nsuch is a wicked ruler over a poor people.|Retain predatory government image.
28:16|A ruler without understanding is a great oppressor;\none who hates unjust gain will prolong his days.|Follow singular hater read form.
28:17|A person burdened with another’s lifeblood\nwill flee to the Pit; let no one support him.|Keep bloodguilt, death, and hard prohibition.
28:18|Whoever walks with integrity will be delivered;\none whose ways are crooked will fall suddenly.|Choose at once sense; note in one of them alternative.
28:19|Whoever works his land has enough bread;\nwhoever chases empty pursuits has enough poverty.|Preserve ironic repeated satisfaction.
28:20|A trustworthy person has abundant blessings;\none who hurries to grow rich will not go unpunished.|Keep haste contrast.
28:21|Showing partiality is not good,\nyet a man may do wrong for a piece of bread.|Retain small inducement without condoning it.
28:22|A stingy man hurries after wealth,\nunaware that need is coming upon him.|Keep evil-eye idiom and approaching reversal.
28:23|Whoever corrects a person will afterward find more favor\nthan one who flatters with his tongue.|Retain delayed favor.
28:24|Whoever robs his father or mother and says, “It is no offense,”\nis companion to a destroyer.|Keep rationalized parental theft.
28:25|A greedy person stirs up conflict,\nbut one who trusts in the LORD will flourish.|Render broad appetite as greed.
28:26|Whoever trusts his own heart is a fool;\nwhoever walks in wisdom will escape.|Keep self-reliance contrast.
28:27|Whoever gives to the poor will lack nothing;\nwhoever closes his eyes will have many curses.|Retain deliberate blindness and curses.
28:28|When the wicked rise, people hide;\nwhen they perish, the righteous increase.|Keep repeated political observation.
29:1|One often corrected who stiffens his neck\nwill suddenly be broken beyond healing.|Keep bodily stubbornness and irreversible consequence.
29:2|When the righteous increase, the people rejoice;\nwhen a wicked person rules, the people groan.|Preserve increase versus rule asymmetry.
29:3|A man who loves wisdom brings his father joy;\na companion of prostitutes wastes wealth.|Keep masculine relationship and economic loss.
29:4|Through justice a king makes a land stand firm;\na man who exacts contributions tears it down.|Retain levies/contributions ambiguity rather than bribes only.
29:5|A man who flatters his neighbor\nspreads a net for his feet.|Leave feet’s referent unforced.
29:6|An evil man’s offense is a snare,\nbut the righteous sing and rejoice.|Retain freedom’s joyful contrast.
29:7|The righteous know the cause of the poor;\nthe wicked have no understanding of such knowledge.|Keep judicial concern, not information alone.
29:8|Scoffers set a city ablaze;\nthe wise turn anger away.|Preserve fire image and restraint.
29:9|When a wise man goes to court with a fool,\nthere is raging and laughing, but no quiet.|Leave ambiguous actor of rage/laughter unassigned.
29:10|Bloodthirsty men hate one of integrity,\nbut the upright seek to preserve his life.|Choose protective seeking; note difficult syntax.
29:11|A fool lets out all his anger;\na wise person holds it back and quiets it.|Render spirit contextually as anger.
29:12|When a ruler listens to falsehood,\nall his attendants become wicked.|Retain leader’s effect on household.
29:13|The poor and the oppressor meet together;\nthe LORD gives light to the eyes of both.|Preserve common divine life-giving.
29:14|A king who judges the poor faithfully\nwill have his throne established forever.|Keep justice for poor as foundation.
29:15|The rod and correction give wisdom;\na youth left to himself brings his mother shame.|Retain physical rod and mother specifically.
29:16|When the wicked increase, offenses increase,\nbut the righteous will see their downfall.|Keep repeated increase.
29:17|Discipline your son, and he will give you rest;\nhe will bring delight to your soul.|Retain parental rest and delight.
29:18|Without prophetic vision, a people casts off restraint;\nhappy is the one who keeps instruction.|Keep revelation rather than managerial vision.
29:19|A servant is not disciplined by words alone;\nthough he understands, there is no response.|Retain coercive ancient relationship without approving it in notes.
29:20|Have you seen someone hasty in speech?\nThere is more hope for a fool than for him.|Repeat comparative warning’s structure.
29:21|One who pampers his servant from youth\nwill find him acting as a son in the end.|Choose son sense of rare manon; flag uncertainty.
29:22|An angry man stirs up conflict;\na furious man commits many offenses.|Preserve escalation of anger.
29:23|A person’s pride brings him low,\nbut a lowly spirit holds on to honor.|Keep paradoxical lowering and honor.
29:24|A thief’s partner hates his own life;\nhe hears the oath of testimony but says nothing.|Explain legal oath without losing complicit silence.
29:25|Fear of people lays a snare,\nbut whoever trusts in the LORD is safe on high.|Retain trap and elevated refuge.
29:26|Many seek a ruler’s favor,\nbut a person’s justice comes from the LORD.|Keep distinction of access and justice.
29:27|An unjust man is detestable to the righteous,\nand one whose way is upright is detestable to the wicked.|Retain mutual moral hostility.
30:1|The words of Agur son of Jakeh. The oracle.\nThe man’s declaration to Ithiel—\nto Ithiel and Ucal:|Preserve pinned names; note alternate parsing and Massa possibility.
30:2|Surely I am more brutish than anyone;\nI do not have human understanding.|Keep radical self-limitation.
30:3|I have not learned wisdom,\nnor do I have knowledge of the Holy One.|Carry negation across parallel; note plural holy ones.
30:4|Who has gone up to heaven and come down?\nWho has gathered the wind in his hands?\nWho has wrapped the waters in a garment?\nWho has established all the ends of the earth?\nWhat is his name, and what is his son’s name?\nSurely you know!|Preserve all questions and ironic challenge without later identification.
30:5|Every word of God is refined;\nhe is a shield to those who seek refuge in him.|Keep metallurgy and shield.
30:6|Do not add to his words,\nor he will correct you and you will be exposed as a liar.|Retain warning against addition.
30:7|Two things I ask of you;\ndo not withhold them from me before I die:|Keep numerical prayer introduction.
30:8|Keep falsehood and lying words far from me.\nGive me neither poverty nor wealth;\nfeed me with the bread allotted to me,|Retain both economic limits and allotted food.
30:9|or I may be full and deny you, saying, “Who is the LORD?”\nOr I may become poor and steal,\nand misuse the name of my God.|Preserve two contrasting risks.
30:10|Do not slander a servant to his master,\nor he may curse you and you will bear guilt.|Follow master read form; retain servant’s agency.
30:11|There is a generation that curses its father\nand does not bless its mother;|Preserve repeated generation structure.
30:12|a generation pure in its own eyes,\nyet not washed of its filth;|Keep uncleanness and self-deception.
30:13|a generation—how haughty its eyes,\nhow high its eyelids rise!|Retain exclamation and lifted eyes.
30:14|a generation with swords for teeth\nand knives for jaws,\ndevouring the afflicted from the land\nand the needy from humankind.|Preserve predatory class violence.
30:15|The leech has two daughters: “Give! Give!”\nThree things are never satisfied;\nfour never say, “Enough”:|Keep numbers, personification, and ascending formula.
30:16|Sheol, the barren womb,\nthe land never satisfied with water,\nand fire that never says, “Enough.”|Retain four distinct insatiable things.
30:17|The eye that mocks a father\nand despises obedience to a mother—\nravens of the valley will peck it out,\nand young eagles will eat it.|Preserve graphic retribution and birds.
30:18|Three things are too wonderful for me;\nfour I do not understand:|Follow four read form and wonder.
30:19|the way of an eagle in the sky,\nthe way of a snake on a rock,\nthe way of a ship in the heart of the sea,\nand the way of a man with a young woman.|Keep four repeated ways without reducing final sexual ambiguity.
30:20|This is the way of an adulterous woman:\nshe eats, wipes her mouth,\nand says, “I have done nothing wrong.”|Retain appetite image and denial.
30:21|Under three things the earth trembles;\nunder four it cannot bear up:|Keep ascending numerical framework.
30:22|a servant who becomes king,\na fool who has his fill of bread,|Retain social reversals, not modern endorsement.
30:23|a hated woman who marries,\nand a slave woman who succeeds her mistress.|Preserve hated, not inherently hateful, and slavery.
30:24|Four things on earth are small,\nyet they are exceedingly wise:|Keep size/wisdom contrast.
30:25|ants are a people without strength,\nyet they prepare their food in summer;|Retain people personification.
30:26|rock badgers are a people without power,\nyet they make their homes in the cliff;|Keep rock-dwelling animal and people image.
30:27|locusts have no king,\nyet they all advance in ranks;|Preserve organized movement without ruler.
30:28|a lizard can be caught in the hands,\nyet it is found in kings’ palaces.|Choose catchable lizard reading; note gripping alternative.
30:29|Three things have a stately stride;\nfour move with dignity:|Keep second animal list’s numerical structure.
30:30|the lion, mighty among beasts,\nwhich retreats before nothing;|Preserve lion’s fearless gait.
30:31|the strutting rooster, the male goat,\nand a king with his army beside him.|Flag girded loins animal and al-qum uncertainty.
30:32|If you have acted foolishly by exalting yourself,\nor if you have schemed—put your hand over your mouth!|Retain gesture interrupting pride.
30:33|For pressing milk produces curds,\npressing a nose produces blood,\nand pressing anger produces a quarrel.|Preserve threefold pressing and nose/anger wordplay.
31:1|The words of King Lemuel. An oracle his mother taught him.|Keep maternal royal instruction and oracle/Massa ambiguity.
31:2|What, my son? What, son of my womb?\nWhat, son of my vows?|Retain repeated urgent questions.
31:3|Do not give your strength to women\nor your ways to what destroys kings.|Keep specifically royal warning.
31:4|It is not for kings, Lemuel,\nnot for kings to drink wine,\nnor for rulers to ask, “Where is strong drink?”|Follow where read form rather than written or.
31:5|They may drink and forget what is decreed\nand distort the rights of all the afflicted.|Preserve justice rationale for sobriety.
31:6|Give strong drink to one who is perishing\nand wine to those bitter in soul.|Keep stark contrasting instruction, not medical advice.
31:7|Let him drink and forget his poverty\nand remember his misery no more.|Retain requested oblivion.
31:8|Open your mouth for those unable to speak,\nfor the rights of all who are passing away.|Preserve difficult passing-away phrase; note destitute interpretation.
31:9|Open your mouth, judge righteously,\nand defend the rights of the afflicted and needy.|Repeat speaking imperative and legal defense.
31:10|A woman of strength—who can find her?\nHer worth is far beyond jewels.|Retain chayil’s strength, not sexual virtue alone.
31:11|Her husband’s heart trusts her;\nhe will lack no gain.|Keep trust and material benefit.
31:12|She does him good, not harm,\nall the days of her life.|Preserve sustained beneficial action.
31:13|She seeks wool and flax\nand works with willing hands.|Keep materials and willing work.
31:14|She is like a merchant’s ships,\nbringing her food from far away.|Retain maritime enterprise comparison.
31:15|She rises while it is still night,\ngives food to her household\nand an allotment to her young women.|Preserve provisions; note allotment/work assignment ambiguity.
31:16|She considers a field and buys it;\nfrom the fruit of her hands she plants a vineyard.|Follow feminine plants read form; preserve economic agency.
31:17|She girds her waist with strength\nand makes her arms strong.|Keep bodily strength rather than mere resolve.
31:18|She sees that her trading is profitable;\nher lamp does not go out at night.|Follow night read form; retain trade and lamp.
31:19|She reaches her hands to the distaff;\nher palms hold the spindle.|Keep textile tools and hands.
31:20|She opens her palm to the afflicted\nand reaches out her hands to the needy.|Retain repeated hands connecting labor and generosity.
31:21|She does not fear snow for her household,\nfor all her household are clothed in scarlet.|Follow pinned scarlet rather than doubled garments.
31:22|She makes coverings for herself;\nher clothing is fine linen and purple.|Keep costly materials and her own use.
31:23|Her husband is known at the gates,\nwhere he sits with the elders of the land.|Retain civic setting.
31:24|She makes linen garments and sells them;\nshe supplies belts to the merchant.|Render Canaanite by commercial sense; note literal term.
31:25|Strength and dignity are her clothing;\nshe laughs at the day to come.|Preserve metaphor and confident laughter.
31:26|She opens her mouth with wisdom;\ninstruction in faithful love is on her tongue.|Keep Torah and chesed connection.
31:27|She watches over her household’s ways\nand does not eat the bread of idleness.|Preserve oversight and bread image.
31:28|Her children rise and call her happy;\nher husband rises and praises her:|Mark quoted praise following.
31:29|“Many women have shown strength,\nbut you surpass them all.”|Repeat strength term from verse 10.
31:30|Charm deceives, and beauty is a breath,\nbut a woman who fears the LORD is to be praised.|Keep hevel image and fear-of-LORD conclusion.
31:31|Give her the fruit of her hands,\nand let her deeds praise her at the gates.|Retain her deserved earnings and public recognition.
