6:1|David again gathered Israel’s chosen men, thirty thousand of them.|Retains renewed gathering and the full troop count.
6:2|He and everyone with him set out from Baale-judah to bring up the ark of God, which bears the Name—the name of the LORD of Armies, enthroned above the cherubim.|Preserves the doubled Name and difficult place expression.
6:3|They put the ark of God on a new cart and brought it from Abinadab’s house on the hill. His sons Uzzah and Ahio drove the new cart.|Keeps both sons, hill, and repeated new cart.
6:4|They brought it from Abinadab’s house on the hill with the ark of God, and Ahio walked ahead of the ark.|Retains the compressed repetition without reconstructing a missing clause.
6:5|David and the whole house of Israel celebrated before the LORD with all kinds of cypress-wood instruments, with lyres, harps, tambourines, rattles, and cymbals.|Retains pinned wood reference instead of importing with all their might.
6:6|When they reached Nacon’s threshing floor, Uzzah reached toward the ark of God and took hold of it, because the oxen stumbled.|Makes the immediate cause clear; stumbling remains a qualified lexical choice.
6:7|The LORD’s anger burned against Uzzah, and God struck him there for his irreverent act. He died there beside the ark of God.|Preserves divine agency; the rare offense term needs a note.
6:8|David was angry because the LORD had broken out against Uzzah. He named that place Perez-uzzah, and it has that name to this day.|Connects the outbreak with its place-name and David’s anger.
6:9|That day David was afraid of the LORD. “How can the LORD’s ark come to me?” he asked.|Keeps fear distinct from the preceding anger.
6:10|David would not bring the LORD’s ark into the City of David. Instead, he took it aside to the house of Obed-edom the Gittite.|Clarifies the change of destination and retains Gittite identity.
6:11|The LORD’s ark stayed in Obed-edom the Gittite’s house for three months, and the LORD blessed him and his whole household.|Retains the duration and household-wide blessing.
6:12|King David was told, “The LORD has blessed Obed-edom’s household and everything he has because of the ark of God.” So David went and brought the ark up from Obed-edom’s house to the City of David with joy.|Distinguishes reported blessing from David’s resulting action.
6:13|When those carrying the LORD’s ark had taken six steps, David sacrificed an ox and a fattened animal.|Does not turn the six steps into a repeated interval.
6:14|David danced with all his strength before the LORD, wearing a linen ephod.|Keeps bodily movement, strength, and named garment.
6:15|David and the whole house of Israel brought up the LORD’s ark with shouting and the sound of the ram’s horn.|Preserves communal participation and distinct sound sources.
6:16|As the LORD’s ark entered the City of David, Saul’s daughter Michal looked down through the window. She saw King David leaping and dancing before the LORD and despised him in her heart.|Retains Michal’s relationship to Saul and her interior response.
6:17|They brought the LORD’s ark into the tent David had pitched for it and set it in its place. David offered burnt offerings and well-being offerings before the LORD.|Keeps tent placement and the two offering categories.
6:18|After finishing the burnt offerings and well-being offerings, David blessed the people in the name of the LORD of Armies.|Preserves the full divine title and sequence.
6:19|He gave everyone in the entire crowd of Israel, men and women alike, a loaf of bread, a date cake, and a raisin cake. Then everyone went home.|Retains both sexes and three gifts; date cake is uncertain.
6:20|David returned to bless his household. Saul’s daughter Michal came out to meet him and said, “How Israel’s king has honored himself today! Exposing himself to his servants’ slave women as any shameless man might!”|Keeps sarcastic honor, exposure, and the women’s subordinate status.
6:21|David answered Michal, “It was before the LORD, who chose me over your father and his whole house and appointed me ruler of the LORD’s people Israel. I will celebrate before the LORD.|Retains the sharp comparison with Saul and repeated divine audience.
6:22|I will make myself still more contemptible than this, and lowly in my own eyes. But among the slave women you mentioned, I will be honored.”|Preserves my own eyes and the contrast of contempt with honor.
6:23|Saul’s daughter Michal had no child until the day she died.|Does not add infertility, estrangement, or divine punishment as its cause.
7:1|When the king was settled in his house and the LORD had given him rest from all his enemies around him,|Keeps the setting and rest motif across the verse boundary.
7:2|he said to the prophet Nathan, “Look, I live in a cedar house, but the ark of God stays inside tent curtains.”|Retains the contrast between royal house and movable curtains.
7:3|Nathan told the king, “Go ahead and do what is in your heart, for the LORD is with you.”|Leaves this initial advice with Nathan, before the divine response.
7:4|But that night the word of the LORD came to Nathan:|Makes the turn from advice to revelation audible.
7:5|“Go and tell my servant David, ‘This is what the LORD says: Are you the one to build a house for me to live in?|Preserves the rhetorical question and servant designation.
7:6|I have not lived in a house from the day I brought Israel out of Egypt until now. I have moved about in a tent, in a dwelling-place.|Keeps both movable dwelling terms without implying two buildings.
7:7|Wherever I moved among all Israel, did I ever ask any of Israel’s tribes, whom I commanded to shepherd my people Israel, “Why have you not built me a cedar house?”’|Retains pinned tribes rather than substituting judges.
7:8|“Now tell my servant David, ‘This is what the LORD of Armies says: I took you from the pasture, from following the flock, to be ruler over my people Israel.|Preserves the movement from shepherding to ruling.
7:9|I have been with you wherever you went and have cut off all your enemies before you. I will make your name great, like the names of the great ones of the earth.|Distinguishes recalled protection from the promised great name.
7:10|I will provide a place for my people Israel and plant them there. They will live in their own place, disturbed no more. Violent people will no longer oppress them as they did before,|Retains planting, settled place, and actual oppression.
7:11|ever since I appointed judges over my people Israel. I will give you rest from all your enemies. And the LORD declares to you that the LORD will make a house for you.|Keeps the reversal from David building to receiving a house.
7:12|When your days are complete and you lie down with your ancestors, I will raise up your offspring after you, one born from your own body, and establish his kingdom.|Preserves death image, bodily descent, and singular successor.
7:13|He will build a house for my name, and I will establish the throne of his kingdom forever.|Keeps house, name, throne, and perpetual promise distinct.
7:14|I will be his father, and he will be my son. When he does wrong, I will correct him with a human rod and with blows from human hands.|Retains familial relation and bodily discipline without spiritualizing blows.
7:15|But my steadfast love will not leave him as I took it away from Saul, whom I removed from before you.|Preserves the contrast with Saul rather than an unconditional moral approval.
7:16|Your house and your kingdom will stand firm forever before you; your throne will be established forever.’”|Retains pinned before you and doubled forever.
7:17|Nathan told David all these words and the whole vision.|Keeps comprehensive transmission and vision terminology.
7:18|Then King David went in and sat before the LORD. He said, “Who am I, Lord GOD, and what is my house, that you have brought me this far?|Preserves sitting, divine address, and the house question.
7:19|Even this was a small thing in your eyes, Lord GOD. You have spoken about your servant’s house far into the future. Is this the way of humankind, Lord GOD?|Treats the difficult instruction-of-humanity clause as a question; note alternatives.
7:20|What more can David say to you? You know your servant, Lord GOD.|Retains third-person self-reference and intimate knowledge.
7:21|For the sake of your word and according to your own heart, you have done all this greatness and made it known to your servant.|Keeps word and heart as the stated grounds.
7:22|How great you are, Lord GOD! No one is like you; there is no God besides you, as all we have heard with our own ears confirms.|Preserves the communal hearing behind David’s praise.
7:23|Who is like your people Israel, the one nation on earth whom God went to redeem as his people and make a name for himself? You did great things for them, awesome things for your land, before your people whom you redeemed for yourself from Egypt—from nations and their gods.|Unfolds difficult pronoun shifts; retains the awkward final nations-and-gods clause.
7:24|You established your people Israel as your own people forever, and you, LORD, became their God.|Retains the reciprocal people-and-God formulation.
7:25|Now, LORD God, establish forever the word you have spoken about your servant and his house. Do as you have said.|Keeps petition grounded in the spoken word.
7:26|May your name be great forever, as people say, ‘The LORD of Armies is God over Israel.’ And may the house of your servant David stand firm before you.|Connects divine name and the servant’s continuing house.
7:27|LORD of Armies, God of Israel, you have revealed this to your servant: ‘I will build you a house.’ That is why your servant has found the courage to pray this prayer to you.|Unfolds uncovering the ear and finding the heart as disclosure and courage.
7:28|Now, Lord GOD, you are God, and your words are true. You have promised this good thing to your servant.|Preserves truth of words and the promised good.
7:29|So please bless your servant’s house, that it may remain before you forever. You, Lord GOD, have spoken, and with your blessing your servant’s house will be blessed forever.”|Keeps the repeated house, blessing, and forever ending.
8:1|After this David defeated the Philistines and brought them under his rule. He took Metheg-ammah out of their hands.|Retains uncertain named object or place rather than identifying it as Gath.
8:2|He also defeated Moab. He made the people lie on the ground and measured them with a cord: two cord-lengths for death and one full cord-length for life. The Moabites became David’s subjects and brought tribute.|Preserves the killing selection and unequal measures without euphemism.
8:3|David defeated Hadadezer son of Rehob, king of Zobah, as he went to reestablish his power at the Euphrates River.|Follows read Euphrates; leaves the marching subject open.
8:4|David captured seventeen hundred horsemen and twenty thousand foot soldiers. He hamstrung the chariot horses, keeping only enough for a hundred chariots.|Retains pinned seventeen hundred and animal harm; no parallel-text harmonization.
8:5|When the Arameans of Damascus came to help King Hadadezer of Zobah, David struck down twenty-two thousand of them.|Keeps the reinforcement’s origin and exact deaths.
8:6|David stationed garrisons in Aram of Damascus, and the Arameans became his subjects and brought tribute. The LORD gave David victory wherever he went.|Retains garrisons, subjection, tribute, and victory refrain.
8:7|David took the gold shields carried by Hadadezer’s servants and brought them to Jerusalem.|Preserves the named metal and destination.
8:8|From Betah and Berothai, Hadadezer’s towns, King David took a vast quantity of bronze.|Retains both pinned town names and bronze.
8:9|When King Toi of Hamath heard that David had defeated Hadadezer’s whole army,|Leaves the sentence open for the resulting embassy.
8:10|he sent his son Joram to greet King David and congratulate him on fighting and defeating Hadadezer. Hadadezer had been at war with Toi. Joram brought articles of silver, gold, and bronze.|Clarifies the diplomatic motive while preserving all three metals.
8:11|King David dedicated these to the LORD, along with the silver and gold he had dedicated from all the nations he subdued:|Keeps dedication distinct from conquest and carries the list forward.
8:12|Aram, Moab, Ammon, the Philistines, and Amalek, as well as the plunder of Hadadezer son of Rehob, king of Zobah.|Retains Aram and all listed peoples without substitution.
8:13|David made a name for himself when he returned from striking down eighteen thousand Arameans in the Valley of Salt.|Retains pinned Aram despite the following Edom context.
8:14|He placed garrisons in Edom—throughout Edom—and all the Edomites became David’s subjects. The LORD gave David victory wherever he went.|Preserves repeated garrisons and the identical victory refrain.
8:15|David ruled over all Israel, administering justice and righteousness for all his people.|Retains the paired governing terms and universal scope.
8:16|Joab son of Zeruiah commanded the army. Jehoshaphat son of Ahilud was the recorder.|Keeps the two offices and patronymics distinct.
8:17|Zadok son of Ahitub and Ahimelech son of Abiathar were priests. Seraiah was the scribe.|Retains Ahimelech son of Abiathar without reversing names.
8:18|Benaiah son of Jehoiada was over the Cherethites and Pelethites, and David’s sons were priests.|Preserves priests for David’s sons rather than harmonizing to officials.
9:1|David asked, “Is anyone left from Saul’s house? I want to show him steadfast love for Jonathan’s sake.”|Connects the question with Jonathan and covenant loyalty.
9:2|Saul’s house had a servant named Ziba. They summoned him to David, and the king asked, “Are you Ziba?” “At your service,” he replied.|Makes the servant’s deferential identification natural.
9:3|The king asked, “Is there no one left from Saul’s house to whom I can show God’s steadfast love?” Ziba answered, “Jonathan still has a son. His feet are disabled.”|Preserves divine kindness and the concrete disability.
9:4|“Where is he?” the king asked. Ziba replied, “He is at the house of Machir son of Ammiel in Lo-debar.”|Retains host, father, and location.
9:5|King David sent for him and had him brought from Machir son of Ammiel’s house in Lo-debar.|Keeps the repeated location in the enacted summons.
9:6|Mephibosheth, the son of Jonathan and grandson of Saul, came to David and fell facedown in homage. “Mephibosheth!” David said. “Here is your servant,” he answered.|Clarifies the two-generation relationship and change of speaker.
9:7|“Do not be afraid,” David told him. “I will certainly show you steadfast love for your father Jonathan’s sake. I will restore all your grandfather Saul’s land to you, and you will always eat at my table.”|Unfolds ancestor as grandfather while preserving land and table promises.
9:8|Mephibosheth bowed and said, “What is your servant, that you should notice a dead dog like me?”|Retains the degrading self-image as his own speech.
9:9|The king called Saul’s servant Ziba and said, “I have given your master’s grandson everything that belonged to Saul and his whole household.|Clarifies grandson and retains the entire estate.
9:10|You, your sons, and your servants will work the land for him and bring in its produce, so your master’s grandson has food to eat. But Mephibosheth himself will always eat at my table.” Ziba had fifteen sons and twenty servants.|Keeps both provision arrangements and both household counts.
9:11|Ziba told the king, “Your servant will do everything my lord the king commands.” David’s promise was, “Mephibosheth will eat at my table, like one of the king’s sons.”|Retains pinned my table by marking a return to David’s promise; the supplied speaker transition is explicit in the note.
9:12|Mephibosheth had a young son named Mica. Everyone in Ziba’s household served Mephibosheth.|Keeps the surviving child and household service.
9:13|Mephibosheth lived in Jerusalem, because he always ate at the king’s table. He was lame in both feet.|Retains the table refrain and concluding physical description.
10:1|After this, the king of Ammon died, and his son Hanun became king in his place.|Keeps the succession as the diplomatic setting.
10:2|David said, “I will show steadfast love to Hanun son of Nahash, as his father showed it to me.” He sent servants to console Hanun over his father’s death. When David’s servants reached Ammon,|Preserves reciprocal loyalty and the embassy’s purpose.
10:3|the Ammonite leaders told their lord Hanun, “Do you think David sent these consolers to honor your father? Has he not sent his servants to examine the city, spy it out, and overthrow it?”|Keeps the hostile interpretation in the leaders’ speech.
10:4|Hanun seized David’s servants, shaved off half of each man’s beard, cut their clothes halfway up to their buttocks, and sent them away.|Retains both humiliating bodily actions.
10:5|When David was told, he sent someone to meet them, for the men were deeply ashamed. The king said, “Stay in Jericho until your beards grow back, then return.”|Connects their shame with protective delay.
10:6|The Ammonites realized they had become a stench to David. They hired twenty thousand Aramean foot soldiers from Beth-rehob and Zobah, the king of Maacah with a thousand men, and twelve thousand men from Tob.|Retains the image and all three troop counts.
10:7|David heard and sent Joab with the whole army of warriors.|Preserves Joab’s commission and the army’s description.
10:8|The Ammonites formed their battle line at the gate entrance. The Arameans from Zobah and Rehob and the men of Tob and Maacah stood separately in the open country.|Clarifies the two positions surrounding Joab.
10:9|Joab saw that he faced battle both ahead and behind. He chose some of Israel’s best men and deployed them against the Arameans.|Keeps the encirclement and selective deployment.
10:10|He placed the rest under his brother Abishai, who deployed them against the Ammonites.|Maintains the distinct command and opponent.
10:11|Joab said, “If the Arameans are too strong for me, you must come to my rescue. If the Ammonites are too strong for you, I will rescue you.|Preserves the reciprocal conditional agreement.
10:12|Be strong! Let us show courage for our people and our God’s towns. May the LORD do what seems good to him.”|Keeps courage alongside uncertainty about the outcome.
10:13|Joab and his men advanced to fight the Arameans, and the Arameans fled before him.|Retains advance and resulting flight.
10:14|When the Ammonites saw the Arameans flee, they too fled before Abishai into the city. Joab then withdrew from Ammon and returned to Jerusalem.|Preserves both retreats and Joab’s withdrawal.
10:15|The Arameans saw that Israel had defeated them, so they regrouped.|Makes the renewed gathering’s cause clear.
10:16|Hadadezer brought out the Arameans from beyond the River. They came to Helam, led by Shobach, Hadadezer’s army commander.|Retains River, Helam, and commander identity.
10:17|David was told. He gathered all Israel, crossed the Jordan, and came to Helam. The Arameans formed their lines against David and fought him.|Keeps the crossing and renewed confrontation.
10:18|The Arameans fled before Israel. David killed seven hundred chariot fighters and forty thousand horsemen. He also struck Shobach, their commander, who died there.|Retains pinned numbers and horsemen, not parallel totals.
10:19|All Hadadezer’s subject kings saw that Israel had defeated them. They made peace with Israel and became its subjects. The Arameans were afraid to help Ammon again.|Preserves subjection and the consequence for the alliance.
11:1|At the turn of the year, when kings go out to war, David sent Joab, his servants, and all Israel. They devastated Ammon and besieged Rabbah, while David stayed in Jerusalem.|Keeps the contrast of sending and staying; notes unusual kings spelling.
11:2|One evening David rose from his bed and walked on the roof of the royal house. From there he saw a woman bathing. She was very beautiful.|Locates David on the roof, not necessarily the woman.
11:3|David sent someone to find out about her. He was told, “Is this not Bathsheba, Eliam’s daughter, the wife of Uriah the Hittite?”|Preserves both relationships before David acts.
11:4|David sent messengers and took her. She came to him, and he slept with her. She had been purifying herself from her uncleanness. Then she returned home.|Retains David’s taking and sexual action; does not invent consent.
11:5|The woman became pregnant and sent word to David: “I am pregnant.”|Keeps her brief direct speech intact.
11:6|David sent word to Joab, “Send me Uriah the Hittite.” Joab sent Uriah to David.|Retains the repeated sending that moves the plot.
11:7|When Uriah arrived, David asked how Joab was, how the troops were, and how the war was going.|Preserves all three inquiries in readable parallel form.
11:8|Then David told Uriah, “Go home and wash your feet.” Uriah left the king’s house, and a gift from the king followed him.|Keeps feet and the unspecified gift.
11:9|But Uriah slept at the entrance to the king’s house with his lord’s servants. He did not go home.|Retains the contrast and repeated refusal.
11:10|David was told, “Uriah did not go home.” He asked Uriah, “Have you not just returned from a journey? Why did you not go home?”|Preserves report and repeated question.
11:11|Uriah answered, “The ark, Israel, and Judah are staying in shelters. My lord Joab and my lord’s servants are camped in the open. Should I go home to eat and drink and sleep with my wife? As you live, as your very life lives, I will not do this!”|Retains ark, collective solidarity, sexual refusal, and emphatic oath.
11:12|David said, “Stay here today as well. Tomorrow I will send you back.” So Uriah stayed in Jerusalem that day and the next.|Keeps both days without smoothing the timing.
11:13|David invited him to eat and drink in his presence and made him drunk. That evening Uriah went out to sleep with his lord’s servants. He still did not go home.|Makes David responsible for the intoxication.
11:14|In the morning David wrote a letter to Joab and sent it by Uriah’s own hand.|Preserves the victim carrying the letter.
11:15|He wrote, “Put Uriah at the front, where the fighting is fiercest. Then withdraw from him so he is struck down and dies.”|Retains the deliberate lethal purpose.
11:16|As Joab watched the city, he stationed Uriah where he knew its strongest fighters were.|Keeps Joab’s informed choice of position.
11:17|The city’s men came out and fought Joab. Some of David’s servants fell, and Uriah the Hittite died too.|Preserves the other casualties alongside Uriah.
11:18|Joab sent David a full report of the fighting.|Retains the report’s comprehensive scope.
11:19|He instructed the messenger, “When you finish telling the king about the fighting,|Keeps the instruction open across labels.
11:20|he may become angry and ask, ‘Why did you go so close to the city to fight? Did you not know they would shoot from the wall?|Preserves Joab’s anticipated royal objection.
11:21|Who killed Abimelech son of Jerubbesheth? Did not a woman drop an upper millstone on him from the wall, so he died at Thebez? Why did you approach the wall?’ Then tell him, ‘Your servant Uriah the Hittite is dead too.’”|Keeps Jerubbesheth and the woman’s lethal action.
11:22|The messenger went to David and delivered everything Joab had sent him to say.|Preserves the messenger’s enacted assignment.
11:23|He told David, “The men gained the upper hand and came out against us in the open. But we pushed them back to the gate entrance.|Retains the messenger’s version of the tactical sequence.
11:24|The archers shot at your servants from the wall, and some of the king’s servants died. Your servant Uriah the Hittite is dead too.”|Follows read archers and shooting; preserves repeated death report.
11:25|David told the messenger, “Tell Joab, ‘Do not see this as evil. The sword devours one person as readily as another. Press the attack against the city and destroy it.’ Encourage him.”|Preserves evil and seeing to expose the contrast with the narrator’s evil-in-the-LORD’s-eyes verdict, while retaining the devouring sword.
11:26|When Uriah’s wife heard that her husband was dead, she mourned him.|Retains wife and husband, and her genuine narrated mourning.
11:27|After the mourning ended, David sent for her and brought her into his house. She became his wife and bore him a son. But what David had done was evil in the LORD’s eyes.|Preserves the decisive divine judgment on David’s action.
12:1|The LORD sent Nathan to David. Nathan came and said, “There were two men in one town, one rich and the other poor.|Keeps the divine sending and parable’s contrast.
12:2|The rich man had a great many sheep and cattle.|Retains the rich man’s abundant resources.
12:3|The poor man had nothing except one little ewe lamb he had bought. He raised her, and she grew up with him and his children. She ate from his food, drank from his cup, and slept in his arms. She was like a daughter to him.|Preserves feminine lamb and intimate daughter comparison.
12:4|A traveler came to the rich man. He spared his own sheep and cattle and would not prepare one for his guest. Instead, he took the poor man’s ewe lamb and prepared her for the visitor.”|Keeps sparing his own and taking another’s.
12:5|David burned with anger at the man. “As the LORD lives,” he told Nathan, “the man who did this deserves to die!|Retains the excessive death judgment as David’s speech.
12:6|He must repay the lamb fourfold, because he did this and showed no pity.”|Preserves fourfold restitution and lack of pity.
12:7|Nathan told David, “You are the man! This is what the LORD, the God of Israel, says: ‘I anointed you king over Israel. I rescued you from Saul’s hand.|Retains the direct accusation and two divine acts.
12:8|I gave you your lord’s house and your lord’s wives into your arms. I gave you the house of Israel and Judah. If that were too little, I would have given you more and more.|Preserves the difficult claim about wives without euphemism.
12:9|Why have you despised the LORD’s word and done evil in my eyes? You struck Uriah the Hittite with the sword and took his wife as your own. You killed him with the Ammonites’ sword.|Follows read my eyes; assigns mediated killing to David.
12:10|Now the sword will never leave your house, because you despised me and took Uriah the Hittite’s wife to be your wife.’|Keeps sword and taking as the stated consequence and cause.
12:11|“This is what the LORD says: ‘I am raising up disaster against you from your own house. Before your eyes I will take your wives and give them to someone close to you. He will sleep with them in the sight of this sun.|Retains divine agency and threatened public sexual harm.
12:12|You acted in secret; I will do this before all Israel and before the sun.’”|Preserves the repeated public-versus-secret contrast.
12:13|David said to Nathan, “I have sinned against the LORD.” Nathan replied, “The LORD has also put away your sin. You will not die.|Keeps confession and reprieve without erasing later consequences.
12:14|But because by this deed you have treated the LORD’s enemies with such contempt, the son born to you will certainly die.”|Retains the difficult direct object the LORD’s enemies rather than adding an unstated causative construction; the interpretive alternative is noted.
12:15|Nathan went home. The LORD struck the child Uriah’s wife had borne to David, and he became desperately ill.|Retains Uriah’s wife and the narrator’s divine attribution.
12:16|David pleaded with God for the boy. He fasted, went in, and spent the night lying on the ground.|Keeps bodily petition and the child’s referent.
12:17|The elders of his household stood beside him, trying to raise him from the ground. He refused and would not eat with them.|Preserves their care and his refusal.
12:18|On the seventh day the child died. David’s servants were afraid to tell him. “While the child lived, we spoke to him and he would not listen,” they said. “How can we tell him the child is dead? He may do something harmful.”|Leaves feared harm’s target unspecified.
12:19|David saw his servants whispering and realized the child had died. He asked, “Is the child dead?” “He is dead,” they answered.|Retains recognition, question, and blunt response.
12:20|David rose from the ground, washed, rubbed himself with oil, and changed his clothes. He entered the LORD’s house and worshiped. Then he went home, asked for food, and ate what they set before him.|Keeps the complete sequence and read plural clothes.
12:21|His servants asked, “What is this you have done? While the child lived, you fasted and wept. Now that he has died, you get up and eat!”|Preserves their puzzled contrast.
12:22|He answered, “While the child lived, I fasted and wept. I thought, ‘Who knows? The LORD may show me grace and let the child live.’|Keeps the uncertainty of David’s earlier hope.
12:23|But now he is dead. Why should I fast? Can I bring him back? I will go to him, but he will not return to me.”|Does not add an afterlife explanation.
12:24|David comforted his wife Bathsheba. He went to her and slept with her. She bore a son and named him Solomon. The LORD loved him.|Follows read she named; preserves comfort and divine love.
12:25|He sent word through the prophet Nathan, who named him Jedidiah because of the LORD.|Makes the naming messenger intelligible while noting compressed subjects.
12:26|Meanwhile, Joab fought against Rabbah of the Ammonites and captured the royal city.|Retains the renewed war notice without invented chronology.
12:27|Joab sent messengers to David: “I have fought against Rabbah and captured the water city.|Keeps the distinctive water-city designation.
12:28|Now gather the remaining troops, besiege the city, and take it. Otherwise I will capture it and it will bear my name.”|Preserves Joab’s concern over credit and naming.
12:29|David gathered all the troops, went to Rabbah, fought against it, and captured it.|Keeps all four successive actions.
12:30|He took their king’s crown from his head. It weighed a talent of gold and held a precious stone, and it was placed on David’s head. He carried off an immense amount of plunder.|Retains weight and crown transfer; notes possible divine name.
12:31|He brought out the people and put them under saws, iron threshing tools, and iron axes, and made them pass through the brickworks. He did this to all the Ammonite towns. Then David and all the troops returned to Jerusalem.|Preserves disturbing instrument language; labor versus execution remains noted.
13:1|After this, David’s son Absalom had a beautiful sister named Tamar, and David’s son Amnon fell in love with her.|Introduces the siblings and Amnon’s attraction without implying reciprocity.
13:2|Amnon was so distressed over his sister Tamar that he made himself ill. She was a virgin, and it seemed impossible to him to do anything to her.|Retains his frustrated intention and her status without adding motives.
13:3|Amnon had a friend named Jonadab, the son of David’s brother Shimeah. Jonadab was a very shrewd man.|Keeps the cousin relationship and morally unqualified description of cleverness.
13:4|He asked, “Why do you look so worn down every morning, son of the king? Won’t you tell me?” Amnon answered, “I’m in love with Tamar, my brother Absalom’s sister.”|Preserves the repeated family description in Amnon’s own words.
13:5|Jonadab told him, “Lie down on your bed and pretend to be ill. When your father comes to see you, say, ‘Please let my sister Tamar come and give me something to eat. Let her prepare the food where I can watch, and I’ll eat it from her hand.’”|Keeps every stage of the deceptive plan and its repeated hand image.
13:6|So Amnon lay down and pretended to be ill. When the king came to see him, Amnon said, “Please let my sister Tamar come and make two cakes where I can watch. I’ll eat them from her hand.”|Retains two cakes and the enacted deception.
13:7|David sent word to Tamar at home: “Go to your brother Amnon’s house and prepare food for him.”|Makes David’s instruction explicit without assigning knowledge of the scheme.
13:8|Tamar went to her brother Amnon’s house, where he was lying down. She took dough, kneaded it, shaped cakes in front of him, and cooked them.|Follows the read form for kneading and preserves the sequence of her work.
13:9|She took the pan and emptied it in front of him, but he refused to eat. “Send everyone away from me,” Amnon said. So everyone left him.|Retains refusal and deliberate isolation.
13:10|Then Amnon told Tamar, “Bring the food into the bedroom so I can eat from your hand.” Tamar took the cakes she had made and brought them into the bedroom to her brother Amnon.|Keeps the repeated brother and hand language as the scene narrows.
13:11|When she brought them close for him to eat, he grabbed her and said, “Come, lie with me, my sister.”|Keeps physical seizure and the incestuous address in direct speech.
13:12|“No, my brother!” she said. “Do not violate me. Such a thing is not done in Israel. Do not commit this outrage!|Preserves Tamar’s refusal and her naming of the act as an outrage.
13:13|Where could I take my shame? And you would be counted among Israel’s fools. Please speak to the king; he will not withhold me from you.”|Retains her appeal without converting it into a narrator’s statement about marriage law.
13:14|But he would not listen to her. He overpowered her, violated her, and raped her.|Names the forced intercourse explicitly while retaining refusal and overpowering.
13:15|Then Amnon hated her with an intense hatred. His hatred was greater than the love he had felt for her. “Get up! Go!” he told her.|Keeps the deliberate love-hatred comparison and abrupt commands.
13:16|She said, “No! Sending me away is a greater wrong than the other thing you have done to me.” But he would not listen to her.|Unfolds the compressed protest while keeping its comparison in Tamar’s voice.
13:17|He called the young man who attended him and said, “Put this woman outside, away from me, and bolt the door behind her.”|Preserves the distancing reference and the order to bar her return.
13:18|She was wearing an ornamented robe, the kind the king’s virgin daughters wore. His attendant put her outside and bolted the door behind her.|Retains the distinctive robe and social explanation without claiming a certain sleeve length.
13:19|Tamar put ashes on her head and tore the ornamented robe she was wearing. With her hand on her head, she walked away, crying aloud.|Keeps all embodied signs of grief and her continuing cry.
13:20|Her brother Absalom asked her, “Has your brother Amnon been with you? For now, my sister, keep quiet. He is your brother; do not take this matter to heart.” So Tamar lived in her brother Absalom’s house, desolate.|Keeps Absalom’s minimizing words as his speech and gives Tamar’s desolation the final emphasis.
13:21|When King David heard about all this, he was very angry.|Retains the pinned short text without importing another witness’s explanation of inaction.
13:22|Absalom said nothing to Amnon, either good or bad. He hated Amnon because he had violated his sister Tamar.|Keeps silence and its stated cause distinct from reconciliation.
13:23|Two full years later, Absalom had sheepshearers at Baal-hazor, near Ephraim, and invited all the king’s sons.|Preserves the delay, location, and full invitation.
13:24|Absalom came to the king and said, “Your servant has sheepshearers at work. Please let the king and his servants come with your servant.”|Keeps the formal appeal and royal household invitation.
13:25|“No, my son,” the king answered. “We should not all go and burden you.” Absalom pressed him, but David would not go, though he gave him his blessing.|Retains refusal, pressure, and blessing without implying approval of the hidden plan.
13:26|Absalom said, “Then please let my brother Amnon come with us.” The king asked, “Why should he go with you?”|Preserves the pointed request and David’s question.
13:27|But Absalom pressed him, and he let Amnon and all the king’s sons go with him.|Keeps the repeated pressure and its outcome.
13:28|Absalom instructed his attendants, “Watch for Amnon’s heart to grow merry with wine. When I tell you, ‘Strike Amnon,’ kill him. Do not be afraid. Haven’t I commanded you? Be strong and courageous.”|Retains calculated timing, explicit killing, and the chilling encouragement formula.
13:29|Absalom’s attendants did to Amnon just what Absalom had commanded. Then all the king’s sons got up, mounted their mules, and fled.|Keeps the execution of the order and each prince’s escape.
13:30|While they were still on the road, word reached David: “Absalom has struck down all the king’s sons. Not one is left.”|Marks the false report as reported speech rather than narrative fact.
13:31|The king got up, tore his clothes, and lay on the ground. All his servants stood nearby with their clothes torn.|Preserves the contrast between the prostrate king and standing servants.
13:32|But Jonadab, the son of David’s brother Shimeah, said, “My lord must not think they have killed all the young men, the king’s sons. Only Amnon is dead. Absalom has been set on this since the day Amnon violated his sister Tamar.|Clarifies the compressed expression of Absalom’s settled intention without inventing a quoted order.
13:33|So my lord the king must not take to heart the report that all the king’s sons are dead. Only Amnon is dead.”|Retains the repeated correction and only-Amnon emphasis.
13:34|Meanwhile, Absalom had fled. The young man keeping watch looked up and saw a large crowd coming along the road behind him, down the side of the mountain.|Follows read eyes and retains the difficult directional description without naming a new road.
13:35|Jonadab told the king, “Look, the king’s sons are coming. It is just as your servant said.”|Keeps the claim to accurate foreknowledge in Jonadab’s voice.
13:36|As he finished speaking, the king’s sons arrived and began to weep aloud. The king and all his servants also wept bitterly.|Retains the arrival timing and shared grief.
13:37|Absalom fled to Talmai son of Ammihud, king of Geshur. David mourned for his son day after day.|Follows read Ammihud and supplies David as the contextual mourner.
13:38|Absalom had fled to Geshur, and he stayed there three years.|Preserves the repeated flight notice and duration.
13:39|King David longed to go out to Absalom, for he had found comfort over Amnon’s death.|Uses the common supplied sense of longing while flagging the incomplete Hebrew construction for a note.
14:1|Joab son of Zeruiah knew that the king’s heart was turned toward Absalom.|Keeps heart language and its relation to the preceding difficult verse.
14:2|Joab sent to Tekoa for a wise woman and told her, “Pretend to be in mourning. Put on mourning clothes and do not anoint yourself with oil. Act like a woman who has mourned for the dead a long time.|Keeps the staged performance explicit rather than presenting her account as history.
14:3|Go to the king and speak to him as I tell you.” Then Joab put the words in her mouth.|Preserves the mouth image and Joab’s authorship of the appeal.
14:4|The woman from Tekoa spoke to the king. She fell facedown to the ground, bowed, and said, “Help me, O king!”|Follows pinned spoke rather than silently emending to came.
14:5|The king asked her, “What is wrong?” She answered, “I am a widow. My husband is dead.|Keeps the king’s opening and her claimed condition in direct speech.
14:6|Your servant had two sons. They fought in the field, and there was no one to separate them. One struck the other and killed him.|Retains two sons, absence of intervention, and killing without inventing intent.
14:7|Now the whole clan has risen against your servant. They say, ‘Hand over the one who struck down his brother. We will put him to death for his brother’s life, which he took, and destroy the heir as well.’ They would quench the last ember I have left, leaving my husband no name or survivor on the face of the earth.”|Preserves the clan’s quoted inheritance language and the ember image.
14:8|The king told the woman, “Go home. I will give orders concerning you.”|Keeps the initial general promise distinct from the later oath.
14:9|The woman from Tekoa said, “My lord the king, let the guilt rest on me and my father’s house. May the king and his throne be innocent.”|Preserves her offered liability and the royal throne language.
14:10|The king answered, “If anyone speaks against you, bring him to me. He will not trouble you again.”|Keeps protection directed against the threatening person.
14:11|She said, “Please invoke the LORD your God, so the avenger of blood will not add to the destruction and they will not kill my son.” He answered, “As the LORD lives, not one hair of your son’s head will fall to the ground.”|Retains avenger of blood as a biblical term and the exact protective oath image.
14:12|Then the woman said, “Please let your servant say one more thing to my lord the king.” “Speak,” he answered.|Preserves the transition from fictional petition to its application.
14:13|The woman said, “Why, then, have you planned such a thing against God’s people? In saying what he has said, the king stands guilty, since he does not bring back the one he has banished.|Keeps her accusation and reasoning as persuasive speech rather than narrator judgment.
14:14|We must all die. We are like water spilled on the ground that cannot be gathered up again. Yet God does not take away a life; he devises ways so that someone banished need not remain banished from him.|Retains the difficult assertion about God without substituting an alternative text or turning it into doctrine.
14:15|I have come to say this to my lord the king because the people have frightened me. Your servant thought, ‘I will speak to the king. Perhaps he will do what his servant asks.|Keeps her expressed fear and tentative hope within the devised appeal.
14:16|The king will listen and rescue his servant from the hand of the man who would destroy both me and my son from God’s inheritance.’|Preserves rescue from a hand and the inheritance connection.
14:17|Your servant also thought, ‘May the word of my lord the king bring rest, for my lord the king is like an angel of God in hearing good and evil.’ May the LORD your God be with you.”|Keeps angelic flattery and hearing language without making the king infallible.
14:18|The king answered the woman, “Do not hide anything I am about to ask you.” She said, “Let my lord the king speak.”|Retains the demand for disclosure and respectful reply.
14:19|The king asked, “Is Joab’s hand in all this with you?” The woman answered, “As surely as you live, my lord the king, no one can turn right or left from anything my lord the king says. Yes, your servant Joab commanded me; he put all these words in your servant’s mouth.|Preserves hand and mouth images and her admission of the script.
14:20|Your servant Joab did this to change the course of the matter. But my lord is wise, with the wisdom of an angel of God, and knows everything in the land.”|Unfolds change the face of the matter while keeping extravagant praise in her speech.
14:21|The king told Joab, “Very well. I grant this request. Go and bring back the young man Absalom.”|Keeps the authorized return and young-man designation.
14:22|Joab fell facedown to the ground, bowed, and blessed the king. He said, “Today your servant knows I have found favor in your eyes, my lord the king, because the king has done what your servant asked.”|Follows read your servant and retains favor-in-eyes language.
14:23|Then Joab went to Geshur and brought Absalom to Jerusalem.|Preserves the locations and completed return.
14:24|But the king said, “Let him go to his own house. He must not see my face.” So Absalom went to his own house and did not see the king’s face.|Keeps the repeated restriction and incomplete restoration.
14:25|No man in all Israel was praised for his beauty as much as Absalom. From the sole of his foot to the crown of his head, he had no blemish.|Retains the narrator’s physical description without equating beauty with character.
14:26|Whenever he cut his hair—he cut it each year because it grew heavy on him—he weighed it: two hundred shekels by the royal weight.|Keeps annual timing, reason, amount, and royal standard without modern conversion.
14:27|Absalom had three sons and one daughter named Tamar. She was a beautiful woman.|Retains the children without harmonizing the later no-son statement.
14:28|Absalom lived in Jerusalem for two full years without seeing the king’s face.|Keeps the second duration and repeated denied face.
14:29|He sent for Joab to send him to the king, but Joab refused to come. He sent a second time, and Joab still refused.|Preserves both summonses and refusals.
14:30|Then Absalom told his servants, “Look, Joab’s field is next to mine, and he has barley there. Go and set it on fire.” So Absalom’s servants set the field on fire.|Follows read imperative and keeps the destructive tactic explicit.
14:31|Joab got up and came to Absalom’s house. “Why have your servants burned my field?” he asked.|Retains the compelled visit and direct complaint.
14:32|Absalom answered Joab, “I sent word to you: ‘Come here, so I can send you to the king to ask, “Why did I come from Geshur? I would be better off still there.”’ Now let me see the king’s face. If I am guilty, let him put me to death.”|Clarifies the nested message while preserving the demand and death condition.
14:33|Joab went to the king and told him. The king summoned Absalom, who came and bowed facedown to the ground before him. Then the king kissed Absalom.|Keeps the final gesture without adding a declaration of forgiveness.
15:1|After this, Absalom provided himself with a chariot and horses, and fifty men to run ahead of him.|Retains the royal display and exact escort count.
15:2|He would rise early and stand beside the road to the gate. Whenever a man had a dispute to bring before the king for judgment, Absalom would call to him, “What town are you from?” The man would answer, “Your servant belongs to one of Israel’s tribes.”|Unfolds the habitual scene while retaining the nonspecific tribal reply.
15:3|Absalom would tell him, “Look, your claims are good and right, but the king has no one to hear you.”|Keeps the blanket endorsement and accusation as Absalom’s claims.
15:4|Then Absalom would say, “If only someone would make me judge in the land! Everyone with a dispute or claim could come to me, and I would give him justice.”|Preserves the personal promise and desire for judicial power.
15:5|Whenever a man approached to bow before him, Absalom would reach out, take hold of him, and kiss him.|Keeps the calculated physical familiarity without adding narrator motive.
15:6|Absalom did this to all the Israelites who came to the king for judgment. In this way he stole the hearts of the men of Israel.|Preserves the narrator’s stolen-hearts image and habitual scope.
15:7|At the end of forty years, Absalom said to the king, “Please let me go to Hebron and fulfill the vow I made to the LORD.|Retains pinned forty rather than silently substituting four; the starting point is unstated.
15:8|While your servant was living in Geshur in Aram, I made this vow: ‘If the LORD indeed brings me back to Jerusalem, I will worship the LORD.’”|Follows the read emphatic return and keeps the conditional vow.
15:9|The king told him, “Go in peace.” So he left for Hebron.|Preserves the peaceful dismissal before the conspiracy unfolds.
15:10|But Absalom sent secret messengers through all Israel’s tribes, saying, “When you hear the ram’s horn, announce, ‘Absalom is king in Hebron!’”|Keeps the coordinated signal and proclamation.
15:11|Two hundred men from Jerusalem went with Absalom as invited guests. They went innocently, knowing nothing of the affair.|Retains the number and explicit lack of complicity.
15:12|While offering sacrifices, Absalom sent for David’s adviser Ahithophel the Gilonite from his town of Giloh. The conspiracy grew strong, and more and more people joined Absalom.|Keeps sacrifice, adviser’s origin, and growing support in sequence.
15:13|A messenger came to David and said, “The hearts of the men of Israel have gone after Absalom.”|Retains heart language linking report to the narrator’s earlier assessment.
15:14|David told all his servants with him in Jerusalem, “Get up! We must flee, or none of us will escape Absalom. Hurry, before he overtakes us, brings disaster on us, and strikes the city with the edge of the sword.”|Keeps urgency, feared pursuit, and threatened harm to the city.
15:15|The king’s servants answered, “Your servants are ready to do whatever my lord the king chooses.”|Preserves collective readiness and courtly address.
15:16|The king left, with his whole household following him. He left ten women, his concubines, to look after the house.|Keeps ten women and their vulnerable position without anticipating later events.
15:17|The king set out with all the people following him, and they stopped at the last house.|Reads the distant-house expression spatially, leaving a possible place designation for the note.
15:18|All his servants passed beside him. All the Cherethites and Pelethites, and all six hundred Gittites who had followed him from Gath, passed in front of the king.|Retains each troop group and the six hundred from Gath.
15:19|The king said to Ittai the Gittite, “Why should you go with us too? Go back and stay with the king. You are a foreigner, an exile from your own place.|Keeps king without substituting Absalom into David’s wording and clarifies exile’s relation to home.
15:20|You arrived only yesterday. Should I make you wander with us today, when I myself do not know where I am going? Go back and take your brothers with you. May steadfast love and faithfulness be with you.”|Follows read causative wander and unfolds the elliptical blessing without importing a divine name.
15:21|Ittai answered the king, “As the LORD lives, and as my lord the king lives, wherever my lord the king may be, whether for death or for life, your servant will be there too.”|Retains both oaths and the death-life pledge.
15:22|David told Ittai, “Go on, then. Cross over.” So Ittai the Gittite crossed over with all his men and all the children with him.|Keeps children visible among the departing company.
15:23|The whole land wept aloud as all the people passed by. The king crossed the Kidron Valley, and all the people crossed toward the road into the wilderness.|Retains the collective lament and repeated crossing.
15:24|Zadok was there too, with all the Levites carrying the ark of God’s covenant. They set down the ark of God, and Abiathar came up, until all the people had finished leaving the city.|Keeps the awkward Abiathar action without replacing it with an unattested sacrifice.
15:25|The king told Zadok, “Take the ark of God back to the city. If I find favor in the LORD’s eyes, he will bring me back and let me see it and its dwelling again.|Preserves conditional return and refusal to carry the ark as assurance of victory.
15:26|But if he says, ‘I take no pleasure in you,’ here I am. Let him do to me what is good in his eyes.”|Keeps David’s expressed submission and repeated eyes language.
15:27|The king also said to Zadok the priest, “Are you not a seer? Return to the city in peace. Take your two sons with you: your son Ahimaaz and Abiathar’s son Jonathan.|Retains the difficult seer question and both fathers and sons.
15:28|Look, I will wait in the wilderness plains until word comes from you to inform me.”|Follows read plains rather than written crossings and retains the waiting plan.
15:29|So Zadok and Abiathar took the ark of God back to Jerusalem and stayed there.|Preserves the priests’ compliance and location.
15:30|David climbed the ascent of the Mount of Olives, weeping as he went, his head covered and his feet bare. Everyone with him covered his head and climbed, weeping.|Keeps the repeated ascent and embodied mourning.
15:31|David was told, “Ahithophel is among the conspirators with Absalom.” David said, “Please, LORD, turn Ahithophel’s counsel into foolishness.”|Makes the report intelligible and preserves the prayer’s counsel-foolishness opposition.
15:32|When David reached the summit, where God was worshiped, Hushai the Archite met him with his tunic torn and dirt on his head.|Leaves the worship practice nonspecific and retains Hushai’s mourning signs.
15:33|David told him, “If you cross over with me, you will be a burden to me.|Preserves the practical reason for sending Hushai back.
15:34|But if you return to the city and tell Absalom, ‘I will be your servant, O king; I was your father’s servant before, but now I am yours,’ you can frustrate Ahithophel’s counsel for me.|Keeps the proposed deceptive speech separate from Hushai’s actual later wording.
15:35|Won’t the priests Zadok and Abiathar be there with you? Tell them everything you hear from the king’s house.|Retains the priests’ role as recipients of intelligence.
15:36|Their two sons are there with them: Zadok’s son Ahimaaz and Abiathar’s son Jonathan. Send me everything you hear through them.”|Repeats names and relationships because they establish the message route.
15:37|So Hushai, David’s friend, entered the city as Absalom was entering Jerusalem.|Keeps friend designation and the parallel arrivals.
16:1|David had gone a little beyond the summit when Ziba, Mephibosheth’s servant, met him. He had a pair of saddled donkeys loaded with two hundred loaves, a hundred raisin cakes, a hundred portions of summer fruit, and a skin of wine.|Retains all quantities and avoids identifying the unspecified summer fruit as a particular species.
16:2|The king asked Ziba, “What are these for?” Ziba answered, “The donkeys are for the king’s household to ride. The bread and summer fruit are for the young men to eat, and the wine is for those who grow faint in the wilderness.”|Follows read bread and preserves the stated uses of the provisions.
16:3|The king asked, “Where is your master’s grandson?” Ziba answered, “He is staying in Jerusalem. He said, ‘Today the house of Israel will restore my grandfather’s kingdom to me.’”|Clarifies Saul’s relationship while keeping the disputed accusation in Ziba’s report.
16:4|The king told Ziba, “Everything belonging to Mephibosheth is now yours.” Ziba said, “I bow before you. May I find favor in your eyes, my lord the king.”|Retains the immediate property ruling and deferential response.
16:5|As King David came to Bahurim, a man from Saul’s clan came out. His name was Shimei son of Gera, and he kept cursing as he came.|Preserves kin affiliation and sustained cursing.
16:6|He threw stones at David and all King David’s servants, though all the people and all the warriors were on David’s right and left.|Keeps the attack and surrounding escort without making the warriors Shimei’s supporters.
16:7|As he cursed, Shimei shouted, “Get out! Get out, you man of blood, you worthless man!|Retains the doubled expulsion and blood accusation.
16:8|The LORD has brought back on you all the blood of Saul’s house, in whose place you became king. The LORD has put the kingdom into your son Absalom’s hand. Now disaster has caught you, because you are a man of blood.”|Keeps the alleged divine retribution as Shimei’s interpretation.
16:9|Abishai son of Zeruiah said to the king, “Why should this dead dog curse my lord the king? Let me go over and take off his head.”|Preserves the insulting animal image and proposed beheading.
16:10|The king answered, “What do you and I have to do with this, sons of Zeruiah? Let him curse. If the LORD has told him, ‘Curse David,’ who can ask, ‘Why have you done this?’”|Follows read let him thus curse and retains the possible divine commission as David’s reasoning.
16:11|David told Abishai and all his servants, “Look, my own son, who came from my body, is seeking my life. How much more this Benjaminite! Leave him alone and let him curse, for the LORD has told him to.|Keeps biological-son emphasis and David’s stronger attribution in this verse.
16:12|Perhaps the LORD will see my tears and repay me with good for the curse on me today.”|Renders read my eye through its probable tearful sense; written my guilt and the uncertainty require a note.
16:13|David and his men continued along the road. Shimei walked along the hillside opposite him, cursing, throwing stones toward him, and flinging dust.|Keeps all three continuing hostile actions.
16:14|The king and all the people with him arrived exhausted, and he refreshed himself there.|Retains exhaustion without inserting an unnamed destination.
16:15|Meanwhile, Absalom and all the men of Israel entered Jerusalem, with Ahithophel beside him.|Keeps the rival party’s arrival and adviser’s presence.
16:16|When Hushai the Archite, David’s friend, came to Absalom, he said, “Long live the king! Long live the king!”|Preserves friend identification and doubled acclamation without resolving its potential double meaning.
16:17|Absalom asked Hushai, “Is this your steadfast love for your friend? Why didn’t you go with your friend?”|Keeps the repeated friend and challenge to loyalty.
16:18|Hushai answered Absalom, “No. I belong to the one whom the LORD, these people, and all the men of Israel have chosen. I will stay with him.|Follows read to him and leaves the chosen one unnamed in Hushai’s answer.
16:19|Besides, whom should I serve? Shouldn’t I serve before his son? Just as I served before your father, so I will serve before you.”|Keeps the continuity claim and repeated service language.
16:20|Absalom said to Ahithophel, “Give us your counsel. What should we do?”|Preserves the invitation to counsel that begins the next decisive action.
16:21|Ahithophel told Absalom, “Sleep with your father’s concubines, whom he left to look after the house. All Israel will hear that you have become a stench to your father, and the hands of all who are with you will grow strong.”|Makes the sexual instruction explicit and retains stench and strengthened-hands images.
16:22|They pitched a tent for Absalom on the roof, and he slept with his father’s concubines in the sight of all Israel.|Keeps the public sexual act without inventing the women’s consent or reported words.
16:23|In those days, Ahithophel’s counsel was treated like an answer received by someone consulting God. That was how all his counsel was regarded by both David and Absalom.|Follows supplied read someone and distinguishes perceived authority from narrator endorsement of every counsel.
17:1|Ahithophel said to Absalom, “Please let me choose twelve thousand men. I will set out and pursue David tonight.|Retains the proposed force and immediate pursuit.
17:2|I will come upon him while he is weary and his hands are weak. I will throw him into panic, and everyone with him will flee. Then I will strike down the king alone.|Keeps weakened hands, planned panic, and the single intended target.
17:3|I will bring all the people back to you. Bringing everyone back depends on the man you are seeking. Then all the people will be at peace.”|Unfolds the difficult compressed middle clause without importing a bride simile from another witness.
17:4|The proposal seemed right to Absalom and all Israel’s elders.|Preserves their initial approval.
17:5|But Absalom said, “Please call Hushai the Archite too. Let us hear what he has to say as well.”|Keeps the second consultation that changes the decision.
17:6|Hushai came to Absalom, who told him, “This is what Ahithophel has proposed. Should we do as he says? If not, you tell us.”|Retains the request for an alternative without repeating an unquoted plan.
17:7|Hushai answered Absalom, “This time, Ahithophel’s counsel is not good.”|Preserves this-time qualification rather than denying all his wisdom.
17:8|Hushai continued, “You know your father and his men. They are warriors, bitter in spirit, like a bear robbed of her cubs in the field. Your father is a man of war; he will not spend the night with the people.|Keeps the bereaved-bear image and the adviser’s claims about David’s tactics.
17:9|Even now he is hiding in one of the pits or some other place. If some of your men fall in the first attack, anyone who hears will say, ‘There has been a slaughter among Absalom’s followers.’|Clarifies the threatened casualties while retaining the imagined report as speech.
17:10|Then even the brave man whose heart is like a lion’s will melt with fear. All Israel knows that your father is a warrior and that the men with him are brave.|Preserves lion-heart and melting images and the appeal to reputation.
17:11|My counsel is this: gather all Israel around you, from Dan to Beer-sheba, as countless as the sand by the sea. And you yourself should go into battle.|Keeps full-land extent, sand comparison, and Absalom’s personal participation.
17:12|Then we will come upon David wherever he is found and settle on him like dew falling on the ground. Neither he nor any of the men with him will survive—not one.|Retains the dew image and promised total killing, contrasting the first plan’s single target.
17:13|If he withdraws into a city, all Israel will bring ropes to that city, and we will drag it into the valley until not even a pebble can be found there.”|Keeps the extravagant ropes-and-pebble picture as Hushai’s rhetoric.
17:14|Absalom and all the men of Israel said, “Hushai the Archite’s counsel is better than Ahithophel’s.” For the LORD had determined to frustrate Ahithophel’s good counsel so that the LORD might bring disaster on Absalom.|Retains the narrator’s assessment of good counsel and divine purpose distinctly from the characters’ verdict.
17:15|Hushai told the priests Zadok and Abiathar, “Ahithophel advised Absalom and Israel’s elders in this way, and I advised them in that way.|Keeps the summary report without inventing further dialogue.
17:16|Now send quickly and tell David, ‘Do not spend tonight in the wilderness plains. Be sure to cross over, or the king and everyone with him may be swallowed up.’”|Preserves urgent crossing and the swallowed-up image.
17:17|Jonathan and Ahimaaz were staying at En-rogel. A slave woman would go and give them the news, and they would take it to King David, since they could not risk being seen entering the city.|Keeps the enslaved woman’s essential role and the reason for the relay.
17:18|But a young man saw them and told Absalom. The two hurried away to the house of a man in Bahurim. He had a well in his courtyard, and they climbed down into it.|Preserves discovery, flight, and the specific hiding place.
17:19|The woman of the house took a covering, spread it over the well’s opening, and scattered crushed grain on it. Nothing was noticed.|Keeps her concealment method without adding an unmentioned drying purpose.
17:20|Absalom’s servants came to the woman’s house and asked, “Where are Ahimaaz and Jonathan?” She told them, “They have crossed the water channel.” They searched but found no one, then returned to Jerusalem.|Retains her misleading answer and leaves the rare water expression modestly general.
17:21|After they left, the two climbed out of the well and went to inform King David. They told him, “Get up and cross the water quickly, because this is what Ahithophel has advised against you.”|Keeps the warning focused on Ahithophel’s plan despite the rival advice.
17:22|David and everyone with him got up and crossed the Jordan. By daybreak, not one person remained who had not crossed the Jordan.|Preserves the repeated river and complete crossing before dawn.
17:23|When Ahithophel saw that his counsel had not been followed, he saddled his donkey and went home to his own town. He put his household in order, hanged himself, and died. He was buried in his father’s tomb.|States the death plainly without adding a motive beyond the narrative sequence or procedural detail.
17:24|David reached Mahanaim, while Absalom crossed the Jordan with all the men of Israel.|Keeps the two armies’ movements distinct.
17:25|Absalom had appointed Amasa over the army in Joab’s place. Amasa was the son of a man named Ithra the Israelite, who had slept with Abigail daughter of Nahash, the sister of Joab’s mother Zeruiah.|Preserves pinned Ithra the Israelite and Nahash rather than harmonizing the parallel genealogy.
17:26|Absalom and Israel camped in the land of Gilead.|Retains the camp location without adding a city.
17:27|When David came to Mahanaim, Shobi son of Nahash from Rabbah of the Ammonites, Machir son of Ammiel from Lo-debar, and Barzillai the Gileadite from Rogelim|Keeps all three suppliers and their origins; the sentence continues across verse labels.
17:28|brought bedding, basins, pottery, wheat, barley, flour, roasted grain, beans, lentils, and more roasted grain,|Preserves the repeated roasted item rather than silently deleting it.
17:29|as well as honey, curds, sheep, and cheese from the herd, for David and the people with him to eat. They said, “The people are hungry, weary, and thirsty in the wilderness.”|Uses the probable dairy sense of the difficult herd product and retains all three needs.
18:1|David mustered the people with him and appointed commanders over thousands and over hundreds.|Keeps both levels of military organization.
18:2|He sent the army out in thirds: one under Joab, one under Joab’s brother Abishai son of Zeruiah, and one under Ittai the Gittite. The king told the people, “I will certainly go out with you too.”|Preserves the three equal divisions and emphatic royal intention.
18:3|But the people said, “You must not go. If we flee, they will pay no attention to us. Even if half of us die, they will pay no attention to us. As things stand, there are ten thousand like us. It is better for you to help us from the city.”|Retains pinned now in the difficult numerical clause rather than silently changing it to you; the familiar alternative requires a note.
18:4|The king answered, “I will do what seems best to you.” He stood beside the gate as all the people marched out by hundreds and thousands.|Keeps the accepted advice and review at the gate.
18:5|The king commanded Joab, Abishai, and Ittai, “For my sake, deal gently with the young man Absalom.” All the people heard the king give the commanders this order about Absalom.|Retains the public nature of the order, essential to the later refusal.
18:6|The army went into the field to meet Israel, and the battle took place in the forest of Ephraim.|Keeps the opponents’ narrative designations and forest name.
18:7|There Israel’s army was defeated by David’s servants. The slaughter that day was great: twenty thousand men.|Preserves the full death count and its force.
18:8|The battle spread across the whole region. That day the forest devoured more people than the sword did.|Follows read spread and preserves the devouring forest without inventing mechanisms of death.
18:9|Absalom encountered David’s servants while riding his mule. The mule went under the tangled branches of a great terebinth, and his head caught in the tree. He was left hanging between heaven and earth while the mule beneath him went on.|Retains head rather than substituting hair and preserves heaven-earth suspension.
18:10|A man saw it and told Joab, “I saw Absalom hanging in a terebinth!”|Keeps the eyewitness report and tree continuity.
18:11|Joab said to the man who told him, “You saw him? Why didn’t you strike him to the ground there? I would have given you ten pieces of silver and a belt.”|Retains both promised rewards and Joab’s challenge.
18:12|The man answered Joab, “Even if a thousand pieces of silver were weighed into my hands, I would not raise my hand against the king’s son. We heard the king command you, Abishai, and Ittai, ‘Take care that no one harms the young man Absalom.’|Follows read even if and unfolds the difficult warning without changing its protective force.
18:13|If I had acted treacherously and risked my own life, nothing would have been hidden from the king, and you would have stood aside.”|Follows read my life rather than written his life and preserves his distrust of Joab.
18:14|Joab said, “I will not waste time here with you.” He took three shafts in his hand and drove them into Absalom’s heart while he was still alive in the heart of the terebinth.|Keeps three weapons, continued life, and repeated heart image.
18:15|Then ten young men who carried Joab’s weapons surrounded Absalom, struck him, and killed him.|Retains the distinct final killing by ten attendants.
18:16|Joab blew the ram’s horn, and the army stopped pursuing Israel, for Joab held the people back.|Keeps signal, halted pursuit, and commander’s agency.
18:17|They took Absalom and threw him into a great pit in the forest, then raised a huge pile of stones over him. All Israel fled, each man to his own tent.|Preserves disposal, stone heap, and dispersal.
18:18|During his lifetime, Absalom had set up a pillar for himself in the King’s Valley. He said, “I have no son to keep my name in remembrance.” He named the pillar after himself, and to this day it is called Absalom’s Monument.|Retains the no-son statement without inventing a reconciliation with 14:27.
18:19|Ahimaaz son of Zadok said, “Please let me run and bring the king the good news that the LORD has vindicated him against his enemies.”|Keeps the messenger’s favorable interpretation before the king’s grief.
18:20|Joab told him, “You are not the man to carry news today. You may carry news another day, but today you must not, because the king’s son is dead.”|Retains the repeated today and reason for refusing him.
18:21|Then Joab told the Cushite, “Go and tell the king what you have seen.” The Cushite bowed to Joab and ran.|Keeps Cushite as an origin designation without adding a personal name or status.
18:22|Ahimaaz son of Zadok again said to Joab, “Whatever happens, please let me run after the Cushite too.” Joab asked, “Why do you want to run, my son? This news will bring you no reward.”|Uses the probable reward sense of news that finds while marking its uncertainty for a note.
18:23|“Whatever happens, I will run.” Joab said, “Run.” Ahimaaz ran by the plain road and overtook the Cushite.|Preserves repeated determination and the route that allows him to pass.
18:24|David was sitting between the two gates. The watchman went up to the roof of the gate by the wall, looked out, and saw a man running alone.|Keeps the gate setting and lone runner.
18:25|The watchman called down and told the king. The king said, “If he is alone, he has news to tell.” The runner kept coming closer.|Preserves David’s inference and the gradual approach.
18:26|The watchman saw another man running and called to the gatekeeper, “Another man is running alone!” The king said, “He is bringing news too.”|Keeps the separate sighting and relay through the gatekeeper.
18:27|The watchman said, “The first man runs like Ahimaaz son of Zadok.” The king answered, “He is a good man. He must be coming with good news.”|Retains David’s good-man/good-news inference without confirming it as fact.
18:28|Ahimaaz called to the king, “All is well!” He bowed facedown to the ground before the king and said, “Blessed be the LORD your God! He has handed over the men who raised their hand against my lord the king.”|Keeps peace greeting, homage, and raised-hand image.
18:29|The king asked, “Is the young man Absalom well?” Ahimaaz answered, “I saw a great commotion when Joab sent the king’s servant and me, your servant, but I did not know what it was.”|Retains his evasive account and the source’s two-servant wording without collapsing it.
18:30|The king said, “Step aside and stand here.” So he stepped aside and stood there.|Keeps the repeated compliance that leaves the first runner waiting.
18:31|Then the Cushite arrived and said, “Good news for my lord the king! Today the LORD has vindicated you against all who rose against you.”|Preserves the second messenger’s victory announcement.
18:32|The king asked the Cushite, “Is the young man Absalom well?” The Cushite answered, “May my lord the king’s enemies, and all who rise against you to do harm, become like that young man.”|Keeps the indirect death report and exact repeated royal question.
18:33|The king trembled. He went up to the room above the gate and wept. As he went, he cried, “My son Absalom! My son, my son Absalom! If only I had died instead of you! Absalom, my son, my son!”|Binds public 18:33 to Hebrew 19:1 and preserves every repeated my son in the lament.
19:1|Joab was told, “The king is weeping and mourning for Absalom.”|Binds to Hebrew 19:2 and keeps the report that prompts Joab’s intervention.
19:2|That day, victory became mourning for the whole army, because they heard that the king was grieving for his son.|Retains the reversal of victory into mourning and its stated cause.
19:3|The people slipped into the city that day like men ashamed because they had fled from battle.|Preserves the shame comparison without claiming they had actually lost.
19:4|The king covered his face and cried aloud, “My son Absalom! Absalom, my son, my son!”|Keeps the renewed lament and all repeated family language.
19:5|Joab went into the house to the king and said, “Today you have shamed all your servants, who today saved your life and the lives of your sons, your daughters, your wives, and your concubines.|Retains every household group and Joab’s confrontational claim.
19:6|You love those who hate you and hate those who love you! Today you have made it clear that commanders and servants mean nothing to you. I can see that if Absalom were alive and all of us dead today, you would be pleased.|Follows read if and keeps Joab’s accusatory inference distinct from narrative fact.
19:7|Now get up, go out, and speak to your servants’ hearts. I swear by the LORD that if you do not go out, not one man will stay with you tonight. That would be worse for you than all the troubles that have come on you from your youth until now.”|Preserves heart-directed speech, oath, and threatened desertion.
19:8|The king got up and sat at the gate. The people were told, “The king is sitting at the gate,” and they all came before him. Meanwhile, the Israelites had fled, each to his own tent.|Keeps the public reappearance and distinct notice about the defeated Israelites.
19:9|Throughout Israel’s tribes, all the people were arguing: “The king rescued us from our enemies and delivered us from the Philistines. But now he has fled the land because of Absalom.|Retains the people’s competing memories of rescue and flight.
19:10|And Absalom, whom we anointed over us, has died in battle. Why, then, are you silent about bringing the king back?”|Keeps their acknowledgment of Absalom’s anointing and appeal for David’s return.
19:11|King David sent word to the priests Zadok and Abiathar: “Speak to Judah’s elders. Ask them, ‘Why should you be the last to bring the king back to his house?’” What all Israel was saying had reached the king at his house.|Retains the house reference and message report without moving the king to Jerusalem prematurely.
19:12|“You are my brothers, my own bone and flesh. Why should you be the last to bring the king back?|Keeps the kinship appeal and repeated last-to-return question.
19:13|And tell Amasa, ‘Are you not my own bone and flesh? May God do this to me and more if you do not serve before me as commander of the army from now on in Joab’s place.’”|Preserves the oath and consequential replacement of Joab.
19:14|He turned the hearts of all Judah’s men as one man. They sent word to the king, “Come back, you and all your servants.”|Keeps heart-turning and unity without unnecessarily naming the ambiguous immediate agent.
19:15|So the king began his return and reached the Jordan. Judah came to Gilgal to meet him and bring him across the Jordan.|Preserves the stages and repeated river crossing.
19:16|Shimei son of Gera, the Benjaminite from Bahurim, hurried down with Judah’s men to meet King David.|Keeps identity and urgency linking him to the earlier cursing scene.
19:17|A thousand Benjaminites were with him. Ziba, the servant of Saul’s house, also came with his fifteen sons and twenty servants. They rushed across the Jordan ahead of the king.|Retains every count and both parties without merging their allegiance claims.
19:18|The crossing party went over to bring the king’s household across and do whatever he wished. Shimei son of Gera fell before the king as he was crossing the Jordan.|Reads the difficult crossing noun as a party rather than asserting a ferryboat; the crossing subject remains open.
19:19|He said to the king, “My lord, do not hold me guilty. Do not remember the wrong your servant did on the day my lord the king left Jerusalem. May the king not take it to heart.|Keeps guilt, remembrance, and heart language in Shimei’s plea.
19:20|Your servant knows that I have sinned. That is why I have come down today, the first of all Joseph’s house to meet my lord the king.”|Preserves Joseph’s house despite Shimei’s Benjaminite identity.
19:21|Abishai son of Zeruiah answered, “Shouldn’t Shimei be put to death for this? He cursed the LORD’s anointed!”|Keeps the explicit execution proposal and anointed term.
19:22|David said, “What do you and I have to do with this, sons of Zeruiah? Why should you become my adversaries today? Should anyone in Israel be put to death today? Do I not know that today I am king over Israel?”|Keeps repeated today and renders satan as the human adversary designation in context.
19:23|The king told Shimei, “You will not die,” and gave him his oath.|Retains the unconditional wording of the spoken oath without importing later qualifications.
19:24|Mephibosheth, Saul’s grandson, also came down to meet the king. From the day the king left until the day he returned safely, Mephibosheth had neither cared for his feet nor trimmed his mustache nor washed his clothes.|Keeps all three signs of neglected grooming and the full duration.
19:25|When he came to Jerusalem to meet the king, the king asked him, “Why didn’t you go with me, Mephibosheth?”|Retains pinned to Jerusalem rather than silently changing it to from Jerusalem.
19:26|He answered, “My lord the king, my servant deceived me. Your servant had said, ‘I will saddle a donkey for myself, ride it, and go with the king,’ because your servant is lame.|Preserves first-person saddle and Mephibosheth’s own account of deception and disability.
19:27|He slandered your servant to my lord the king. But my lord the king is like an angel of God. Do what is good in your eyes.|Keeps slander allegation and deferential comparison without deciding the competing claims for the reader.
19:28|All my father’s house deserved only death before my lord the king, yet you placed your servant among those who eat at your table. What further right do I have to appeal to the king?”|Retains the self-abasing death claim as his speech and the remembered table privilege.
19:29|The king told him, “Why say any more? I have decided: you and Ziba will divide the land.”|Preserves the abrupt end to the hearing and divided property ruling.
19:30|Mephibosheth answered the king, “Let him take all of it, now that my lord the king has come home safely.”|Keeps the offered relinquishment and priority stated in his reply.
19:31|Barzillai the Gileadite came down from Rogelim and crossed the Jordan with the king to see him on his way.|Follows read Jordan and retains the farewell purpose.
19:32|Barzillai was very old, eighty years of age. He had supplied the king while he stayed at Mahanaim, for he was a very wealthy man.|Preserves age and the material basis of his support.
19:33|The king told Barzillai, “Cross over with me, and I will provide for you beside me in Jerusalem.”|Keeps the reciprocal offer of provision.
19:34|Barzillai answered the king, “How many years of life do I have left, that I should go up with the king to Jerusalem?|Retains the aged man’s question without specifying an expected lifespan.
19:35|I am eighty years old today. Can I still distinguish good from bad? Can your servant taste what I eat and drink, or still hear the voices of men and women singing? Why should your servant become a burden to my lord the king?|Keeps the full sensory questions, both genders of singers, and burden concern.
19:36|Your servant will cross the Jordan with the king for a little way. Why should the king repay me with such a reward?|Preserves modest accompaniment and rejection of a great reward.
19:37|Please let your servant return, so I may die in my own town near the tomb of my father and mother. But here is your servant Chimham. Let him cross with my lord the king, and do for him what is good in your eyes.”|Keeps both parents and does not insert an unstated father-son relationship for Chimham.
19:38|The king answered, “Chimham will cross with me, and I will do for him what is good in your eyes. Whatever you ask of me, I will do for you.”|Preserves the shift from the king’s eyes to Barzillai’s wishes and the broader promise.
19:39|All the people crossed the Jordan, and the king crossed too. The king kissed Barzillai and blessed him, and Barzillai returned to his own place.|Clarifies the returning man while preserving kiss and blessing.
19:40|The king crossed over to Gilgal, and Chimhan crossed with him. All Judah’s people and half Israel’s people brought the king across.|Retains the verse’s Chimhan form and both proportions of the escort.
19:41|Then all the men of Israel came to the king and asked, “Why did our brothers, the men of Judah, steal you away and bring the king and his household across the Jordan, with all David’s men?”|Keeps the stolen-king accusation and household scope.
19:42|All the men of Judah answered Israel’s men, “The king is our close relative. Why are you angry about this? Have we eaten at the king’s expense? Has he given us any gift?”|Preserves kinship defense and both denials of material advantage.
19:43|Israel’s men answered Judah’s men, “We have ten shares in the king, and a greater claim on David than you. Why have you treated us with contempt? Were we not the first to speak of bringing our king back?” But Judah’s words were harsher than Israel’s.|Keeps ten shares, the first-return claim, and the narrator’s final comparison of words.
20:1|A worthless man happened to be there, a Benjaminite named Sheba son of Bichri. He blew the ram’s horn and said, “We have no share in David, no inheritance in Jesse’s son. Every man to his tents, Israel!”|Retains the narrator’s assessment and the share-inheritance slogan linked to the preceding dispute.
20:2|All the men of Israel deserted David to follow Sheba son of Bichri. But Judah’s men clung to their king from the Jordan all the way to Jerusalem.|Keeps the opposed deserting and clinging actions.
20:3|David came home to Jerusalem. The king took the ten concubines he had left to look after the house and placed them in a guarded house. He provided for them but did not sleep with them. They remained shut away until their deaths, living as widows.|Retains lifelong confinement, support, and sexual exclusion without blaming the women.
20:4|The king told Amasa, “Summon Judah’s men for me within three days, and be here yourself.”|Keeps the deadline and Amasa’s required presence.
20:5|Amasa went to summon Judah, but he delayed beyond the time set for him.|Follows read delay without inventing its cause.
20:6|David told Abishai, “Now Sheba son of Bichri will do us more harm than Absalom. Take your lord’s servants and pursue him before he finds fortified cities and escapes our sight.”|Keeps the comparison and the difficult eyes expression as escape from sight.
20:7|Joab’s men, the Cherethites, the Pelethites, and all the warriors followed Abishai out of Jerusalem to pursue Sheba son of Bichri.|Clarifies the immediate commander while retaining Joab’s troop designation.
20:8|They were at the great stone in Gibeon when Amasa came to meet them. Joab was wearing his military garment, with a sword strapped over it in a sheath at his waist. As he stepped forward, the sword fell out.|Keeps the puzzling sword movement without adding a deliberate trick not stated in the verse.
20:9|Joab said to Amasa, “Are you well, my brother?” With his right hand he took Amasa by the beard to kiss him.|Preserves the peace greeting and deceptive intimate gesture.
20:10|Amasa did not guard himself against the sword in Joab’s hand. Joab struck him in the belly and spilled his intestines onto the ground. He did not strike a second time, and Amasa died. Then Joab and his brother Abishai pursued Sheba son of Bichri.|Keeps the bodily harm, single blow, death, and resumed pursuit explicit.
20:11|One of Joab’s young men stood beside Amasa and called, “Whoever favors Joab, whoever belongs to David, follow Joab!”|Preserves the attempt to identify Joab’s cause with David’s.
20:12|Amasa lay wallowing in blood in the middle of the highway. When the man saw everyone stopping, he dragged Amasa off the highway into a field and threw a garment over him, because everyone who came upon him stopped.|Keeps the body’s disruptive presence and the repeated stopping without beautifying the scene.
20:13|Once Amasa was removed from the highway, everyone went on after Joab to pursue Sheba son of Bichri.|Preserves the clearing of the road and continuation under Joab.
20:14|Sheba passed through all Israel’s tribes to Abel and Beth-maacah, and to all the Berites. They gathered together and followed him.|Supplies the likely pursued subject, retains pinned Berites, and follows read gathered without harmonizing the geography.
20:15|Joab’s men came and besieged him in Abel-beth-maacah. They piled a siege ramp against the city, up to the outer defenses, while everyone with Joab battered the wall to bring it down.|Clarifies besiegers and preserves both ramp and wall attack.
20:16|A wise woman called from the city, “Listen! Listen! Please tell Joab, ‘Come here so I can speak to you.’”|Keeps the doubled appeal and the woman’s initiative.
20:17|He came toward her, and she asked, “Are you Joab?” “I am,” he answered. She said, “Listen to your servant’s words.” He replied, “I am listening.”|Preserves the exchange establishing a hearing.
20:18|She said, “In the past people used to say, ‘Ask at Abel,’ and that would settle the matter.|Keeps the city’s proverbial consultation role without adding an external legal requirement.
20:19|I am among the peaceful and faithful in Israel. You are trying to kill a city, a mother in Israel. Why would you swallow up the LORD’s inheritance?”|Preserves the mother-city and devouring images and her claim to peace.
20:20|Joab answered, “Far be it from me—far be it! I would never swallow up or destroy.|Retains the doubled denial as Joab’s speech, in tension with the siege.
20:21|That is not the matter. A man from the hill country of Ephraim, Sheba son of Bichri, has raised his hand against King David. Hand over that man alone, and I will withdraw from the city.” The woman told Joab, “His head will be thrown to you over the wall.”|Keeps the single-person demand and the woman’s explicit promised beheading.
20:22|The woman went to all the people with her wise counsel. They cut off Sheba son of Bichri’s head and threw it to Joab. He blew the ram’s horn, and the men scattered from the city, each to his own tent. Joab returned to the king in Jerusalem.|Retains her effective counsel, the killing, signal, and dispersal without turning it into a bloodless rescue.
20:23|Joab was over Israel’s whole army. Benaiah son of Jehoiada was over the Cherethites and Pelethites.|Follows read Cherethites and keeps Joab’s restored command explicit.
20:24|Adoram was over the forced labor, and Jehoshaphat son of Ahilud was the recorder.|Names coerced labor and distinguishes the administrative offices.
20:25|Sheva was the scribe, and Zadok and Abiathar were priests.|Follows read Sheva while retaining both priests.
20:26|Ira the Jairite was also a priest for David.|Preserves priest rather than replacing the term with chief minister.
21:1|In David’s days there was a famine for three years, year after year. David sought the LORD’s face, and the LORD said, “It is because of Saul and his bloodstained house, because he put the Gibeonites to death.”|Retains duration, seeking the face, and the divine attribution without making the next proposed remedy a divine command.
21:2|The king summoned the Gibeonites and spoke to them. The Gibeonites were not Israelites but a remnant of the Amorites. The Israelites had sworn an oath to them, yet Saul had sought to strike them down in his zeal for Israel and Judah.|Preserves the background oath, ethnicity, and destructive zeal.
21:3|David asked the Gibeonites, “What shall I do for you? How can I make atonement, so that you will bless the LORD’s inheritance?”|Keeps atonement and inheritance as biblical terms within David’s question.
21:4|The Gibeonites answered, “Our dispute with Saul and his house is not about silver or gold, and we have no right to put anyone in Israel to death.” He said, “Tell me what you want, and I will do it for you.”|Follows read our and clarifies lack of authority while retaining David’s open promise.
21:5|They told the king, “The man who consumed us and plotted against us would have destroyed us, leaving us no place anywhere in Israel’s territory.|Preserves the intended eradication as the victims’ account.
21:6|Let seven of his male descendants be handed over to us. We will expose them in death before the LORD at Gibeah of Saul, the LORD’s chosen one.” The king said, “I will hand them over.”|Keeps seven males, lethal public exposure, chosen designation, and David’s assent; the exact execution method remains uncertain.
21:7|But the king spared Mephibosheth, the son of Saul’s son Jonathan, because of the oath before the LORD between David and Jonathan son of Saul.|Retains the distinct oath and full relationship of the spared man.
21:8|The king took Armoni and Mephibosheth, the two sons whom Rizpah daughter of Aiah had borne to Saul, and the five sons whom Saul’s daughter Michal had borne to Adriel son of Barzillai the Meholathite.|Preserves pinned Michal and borne rather than silently replacing either to reconcile other passages.
21:9|He handed them over to the Gibeonites, who exposed them in death on the hill before the LORD. All seven fell together. They were put to death in the first days of harvest, at the beginning of the barley harvest.|Follows all three read forms and retains deaths, place, and harvest timing.
21:10|Rizpah daughter of Aiah took sackcloth and spread it for herself on the rock. From the beginning of harvest until water poured down on them from the sky, she allowed no bird of the sky to settle on them by day, and no wild animal by night.|Preserves her sustained guarding, both kinds of scavenger, and the rainfall endpoint without inventing a duration.
21:11|David was told what Rizpah daughter of Aiah, Saul’s concubine, had done.|Keeps her action as the stated prompt for David’s response.
21:12|David went and retrieved the bones of Saul and his son Jonathan from the people of Jabesh-gilead. They had secretly taken them from the public square of Beth-shan, where the Philistines had hung them on the day they struck Saul down on Gilboa.|Preserves this account’s public-square location and follows the read forms without harmonizing 1 Samuel’s wall wording.
21:13|He brought up the bones of Saul and his son Jonathan from there, and they gathered the bones of those who had been exposed in death.|Keeps the two groups of remains distinct.
21:14|They buried the bones of Saul and his son Jonathan at Zela in Benjamin, in the tomb of Saul’s father Kish. They did everything the king commanded. After this, God responded to pleas for the land.|Retains burial details and the narrative’s after-this sequence without claiming execution alone ended the famine.
21:15|Once again there was war between the Philistines and Israel. David went down with his servants to fight the Philistines, and David grew weary.|Preserves renewed conflict and the king’s vulnerability.
21:16|Ishbi-benob, one of Rapha’s descendants, had a bronze spearhead weighing three hundred shekels and was armed with a new weapon. He intended to strike David down.|Follows read Ishbi, keeps the weight, and does not specify the unstated kind of new weapon.
21:17|But Abishai son of Zeruiah came to his aid, struck the Philistine, and killed him. Then David’s men swore to him, “You must never go into battle with us again, or you may extinguish Israel’s lamp.”|Retains Abishai’s rescue and the lamp image behind the ban.
21:18|After this, there was another battle with the Philistines at Gob. There Sibbecai the Hushathite struck down Saph, one of Rapha’s descendants.|Keeps pinned Gob, Sibbecai, and Saph without replacing them from a parallel account.
21:19|In another battle with the Philistines at Gob, Elhanan son of Jaare-oregim the Bethlehemite struck down Goliath the Gittite. Goliath’s spear shaft was like a weaver’s beam.|Retains the consequential pinned Elhanan-Goliath reading without adding brother of.
21:20|There was another battle at Gath. A man of great size was there, with six fingers on each hand and six toes on each foot—twenty-four in all. He too was descended from Rapha.|Follows read size and preserves the complete six-and-six count.
21:21|When he taunted Israel, Jonathan, the son of David’s brother Shimeah, struck him down.|Follows read Shimeah and keeps this Jonathan distinct from Saul’s son.
21:22|These four were descended from Rapha in Gath. They fell by the hands of David and his servants.|Retains the four-person summary and collective attribution without erasing the named killers.
22:1|David spoke the words of this song to the LORD when the LORD delivered him from the hand of all his enemies and from Saul’s hand.|Keeps the narrative frame and separate mention of Saul.
22:2|He said:\n“The LORD is my cliff, my fortress,\nand the one who delivers me.|Preserves three protective images and starts the sustained poem inside verse formatting.
22:3|My God is my rock; in him I take refuge,\nmy shield and the horn of my salvation,\nmy stronghold and my place of escape.\nMy savior, you save me from violence.|Keeps horn and all refuge images, including the turn to direct address.
22:4|I call to the LORD, who is worthy of praise,\nand I am saved from my enemies.|Retains the call-and-rescue relationship without importing a line from Psalm 18.
22:5|The breakers of death surrounded me;\ntorrents of destruction terrified me.|Keeps Samuel’s breakers rather than the parallel psalm’s cords at this point.
22:6|The cords of Sheol coiled around me;\nthe snares of death confronted me.|Retains Sheol and the distinct cords and traps.
22:7|In my distress I called to the LORD;\nto my God I called.\nFrom his temple he heard my voice;\nmy cry for help reached his ears.|Preserves repeated calling, temple, and embodied hearing.
22:8|Then the earth shook and quaked;\nthe foundations of heaven trembled.\nThey shook because he was angry.|Follows read shaking and retains foundations of heaven rather than mountains from the parallel psalm.
22:9|Smoke rose from his nostrils;\ndevouring fire came from his mouth.\nBurning coals blazed from him.|Preserves the full anthropomorphic storm-fire imagery.
22:10|He bent the heavens and came down,\nthick darkness beneath his feet.|Keeps descent and darkness as spatial poetry.
22:11|He rode a cherub and flew;\nhe appeared on the wings of the wind.|Retains pinned appeared rather than importing soared from Psalm 18.
22:12|He made darkness shelters around him,\npiled-up waters, thick clouds of the skies.|Preserves plural shelters and the difficult gathered-water image.
22:13|From the brightness before him\nburning coals blazed.|Keeps Samuel’s short line without adding hail from a parallel.
22:14|The LORD thundered from heaven;\nthe Most High gave his voice.|Retains the voice-thunder parallel and divine title.
22:15|He sent arrows and scattered them,\nlightning, and threw them into confusion.|Follows the read verb while retaining the implied targets and lightning parallel.
22:16|The channels of the sea appeared;\nthe world’s foundations lay bare\nat the LORD’s rebuke,\nat the blast of breath from his nostrils.|Keeps sea channels, exposed foundations, and the doubled rebuke-breath agency.
22:17|He reached down from on high and took me;\nhe drew me out of many waters.|Preserves rescue as drawing out of waters, not a generalized trouble metaphor.
22:18|He rescued me from my strong enemy,\nfrom those who hated me, for they were stronger than I.|Keeps the singular enemy and plural haters.
22:19|They confronted me on my day of disaster,\nbut the LORD became my support.|Retains the day of vulnerability and contrasting support.
22:20|He brought me out into a spacious place;\nhe rescued me because he delighted in me.|Keeps the roomy-place image and stated delight.
22:21|The LORD rewarded me according to my righteousness;\nhe repaid me according to the cleanness of my hands.|Preserves the speaker’s claim and embodied clean hands without harmonizing the narrative’s moral tensions.
22:22|For I have kept the LORD’s ways\nand have not wickedly turned from my God.|Keeps the claimed fidelity as David’s sung words.
22:23|All his judgments are before me;\nI do not turn aside from his statutes.|Follows read plural judgments and retains both law terms.
22:24|I have been blameless before him\nand have guarded myself from my own guilt.|Keeps blameless and personal guilt rather than weakening either claim.
22:25|The LORD repaid me according to my righteousness,\naccording to my cleanness before his eyes.|Preserves the refrain’s variation: this verse does not repeat hands.
22:26|With the faithful you show yourself faithful;\nwith the blameless warrior you show yourself blameless.|Retains the reciprocal word pattern and Samuel’s warrior wording.
22:27|With the pure you show yourself pure;\nwith the crooked you show yourself shrewd.|Keeps contrasting responses without flattening the difficult second verb into simple opposition.
22:28|You save an afflicted people,\nbut your eyes are on the proud to bring them low.|Preserves the social contrast and watching eyes.
22:29|For you are my lamp, LORD;\nthe LORD lights up my darkness.|Keeps you are my lamp rather than harmonizing the parallel psalm’s lighting a lamp.
22:30|With you I can charge a raiding band;\nwith my God I can leap a wall.|Retains military imagery and balanced with-you/with-God clauses.
22:31|God’s way is complete;\nthe LORD’s word is refined.\nHe is a shield to all who take refuge in him.|Preserves complete way, metal-testing image, and refuge refrain.
22:32|Who is God apart from the LORD?\nWho is a rock apart from our God?|Keeps both rhetorical questions and the rock image.
22:33|God is my strong refuge;\nhe clears my way completely.|Follows read my way and renders the difficult loosening verb without borrowing the parallel psalm’s girding line.
22:34|He makes my feet like a doe’s\nand sets me on my heights.|Follows read my feet and retains the female deer comparison and high places.
22:35|He trains my hands for war,\nso my arms can bend a bronze bow.|Keeps training, body parts, and the ancient bronze-bow image.
22:36|You give me the shield of your salvation;\nyour answering me makes me great.|Retains a defensible answering sense of the difficult noun rather than silently substituting Psalm 18’s form.
22:37|You give my steps room beneath me,\nand my ankles do not give way.|Preserves spacious footing and anatomical ankles.
22:38|I pursue my enemies and destroy them;\nI do not turn back until I finish them.|Keeps the violence and relentless pursuit in the song’s own voice.
22:39|I finish them and crush them;\nthey cannot rise.\nThey fall beneath my feet.|Retains repeated finishing and the enemies underfoot.
22:40|You gird me with strength for battle;\nyou make those who rise against me bow beneath me.|Keeps girding and forced subjection rather than abstracting the victory.
22:41|You give me my enemies’ backs;\nI wipe out those who hate me.|Preserves the backs image of flight and explicit destruction.
22:42|They look for help, but no one saves;\nthey look to the LORD, but he does not answer.|Retains pinned looking rather than changing it to crying out from the parallel psalm.
22:43|I grind them like the dust of the earth;\nlike mud in the streets, I crush and trample them.|Keeps all three violent actions and both material comparisons.
22:44|You deliver me from my people’s disputes;\nyou preserve me as head of nations.\nA people I did not know serves me.|Retains my people and the move from domestic conflict to foreign rule.
22:45|Foreigners cringe before me;\nat the mere hearing of me they obey.|Keeps the compelled or feigned submission sense and immediate hearing.
22:46|Foreigners lose heart\nand come limping from their strongholds.|Uses the possible faltering sense of the difficult verb; its relation to girding requires a note.
22:47|The LORD lives! Blessed be my rock!\nExalted be God, the rock of my salvation!|Preserves the doubled rock and acclamations.
22:48|He is the God who gives me vengeance,\nwho brings peoples down beneath me,|Keeps vengeance and political subjection explicit; the sentence continues.
22:49|who brings me out from my enemies.\nYou lift me above those who rise against me;\nyou rescue me from violent men.|Preserves the switch from third-person praise to second-person address.
22:50|So I will thank you among the nations, LORD,\nand sing praise to your name.|Keeps the nations as the setting for thanksgiving and the name theme.
22:51|He is a tower of salvation for his king,\nshowing steadfast love to his anointed,\nto David and his offspring forever.”|Follows read tower rather than written magnifies victories, preserving anointed, offspring, and enduring love.
23:1|These are David’s last words:\n“The declaration of David son of Jesse,\nthe declaration of the man raised on high,\nthe anointed of the God of Jacob,\nthe sweet singer of Israel’s songs:|Retains repeated declaration and the layered descriptions without turning last words into an exact deathbed chronology.
23:2|The Spirit of the LORD has spoken through me;\nhis word is on my tongue.|Keeps Spirit, mediated speech, and tongue image.
23:3|The God of Israel has spoken;\nthe Rock of Israel has said to me:\n‘One who rules people justly,\nwho rules in the fear of God,|Preserves parallel divine titles and the ruler’s justice and fear of God.
23:4|is like morning light when the sun rises,\na morning without clouds,\nlike brightness after rain\nthat brings grass from the earth.’|Unfolds the compressed light-rain-growth image with its implied comparison.
23:5|Is not my house like this with God?\nHe has made an everlasting covenant with me,\nordered in every part and secure.\nWill he not make all my salvation\nand all my desire spring up?|Reads the two negative clauses as rhetorical questions while noting the alternative declarative reading.
23:6|But the worthless are all like thorns thrown aside;\nthey cannot be taken with the hand.|Keeps the thorns image and warning against barehanded contact.
23:7|Whoever touches them must be armed\nwith iron and a spear shaft.\nThey will be completely burned with fire\nwhere they lie.”|Preserves protective implements and the difficult final place expression without importing a named location.
23:8|These are the names of David’s warriors: Josheb-basshebeth the Tahchemonite, chief of the Three. He was Adino the Eznite, who struck down eight hundred at one time.|Retains the difficult pinned names and eight hundred rather than replacing them from the parallel list.
23:9|After him was Eleazar son of Dodo, son of Ahohi, one of the three warriors with David when they taunted the Philistines gathered there for battle. The men of Israel withdrew,|Follows read Dodo and warriors, retains both son relationships, and continues into Eleazar’s stand.
23:10|but he stood his ground and struck the Philistines until his hand grew weary and clung to the sword. The LORD brought about a great victory that day. The people returned after him only to strip the dead.|Keeps exhausted hand, divine victory, and the others’ limited return.
23:11|After him was Shammah son of Agee the Hararite. The Philistines gathered in a band where there was a field full of lentils, and the people fled before them.|Retains lentils and the uncertain gathering expression as a troop, not an invented place name.
23:12|But he stood in the middle of the field, defended it, and struck down the Philistines. The LORD brought about a great victory.|Keeps the field defense and repeats the same victory formula as verse 10.
23:13|At harvest time, three of the thirty chiefs went down to David at the cave of Adullam, while a Philistine band was camped in the Valley of Rephaim.|Follows read three rather than written thirty and preserves both locations.
23:14|David was in the stronghold then, and a Philistine garrison was in Bethlehem.|Keeps the simultaneous positions that explain the danger.
23:15|David voiced a longing: “If only someone would give me water from the well beside Bethlehem’s gate!”|Preserves a wish rather than converting it into an explicit order.
23:16|The three warriors broke through the Philistine camp, drew water from the well beside Bethlehem’s gate, and carried it back to David. But he refused to drink it and poured it out to the LORD.|Keeps the dangerous action, repeated well, refusal, and libation.
23:17|He said, “LORD, far be it from me to do this! Is this not the blood of the men who went at the risk of their lives?” He would not drink it. These were the deeds of the three warriors.|Unfolds the elliptical blood question without turning the water into literal blood.
23:18|Abishai, Joab’s brother and a son of Zeruiah, was chief of the Three. He raised his spear against three hundred and killed them, winning a name among the Three.|Follows read Three and retains the number and group designation despite its difficulty with the next verse.
23:19|He was the most honored of the Three and became their commander, but he did not attain the rank of the Three.|Preserves the unresolved repeated group name rather than silently substituting Thirty.
23:20|Benaiah son of Jehoiada was the son of a valiant man from Kabzeel, a man of many deeds. He struck down Moab’s two ariels. He also went down into a pit on a snowy day and killed a lion.|Follows read valiant and lion; retains the uncertain ariels term with explanation in Vocabulary.
23:21|He also struck down an imposing Egyptian. The Egyptian had a spear in his hand, but Benaiah went against him with a staff, seized the spear from his hand, and killed him with his own spear.|Follows read man of appearance and preserves the reversal of weapons.
23:22|Benaiah son of Jehoiada did these things and won a name among the three warriors.|Keeps the summary honor without asserting membership beyond the source.
23:23|He was more honored than the Thirty, though he did not attain the rank of the Three. David put him over his personal guard.|Preserves the explicit Thirty/Three distinction and the likely guard office.
23:24|Among the Thirty were Asahel, Joab’s brother; Elhanan son of Dodo from Bethlehem;|Begins the roster and retains both relationships without imposing an artificial total.
23:25|Shammah the Harodite; Elika the Harodite;|Keeps both men with the same origin rather than collapsing similar entries.
23:26|Helez the Paltite; Ira son of Ikkesh the Tekoite;|Preserves each name and patronymic or origin.
23:27|Abiezer the Anathothite; Mebunnai the Hushathite;|Retains pinned Mebunnai rather than harmonizing Sibbecai.
23:28|Zalmon the Ahohite; Maharai the Netophathite;|Keeps both origin designations.
23:29|Heleb son of Baanah the Netophathite; Ittai son of Ribai from Gibeah of Benjamin;|Preserves Heleb and the fuller location of Ittai.
23:30|Benaiah the Pirathonite; Hiddai from the valleys of Gaash;|Keeps this Benaiah distinct by origin and retains plural valleys.
23:31|Abi-albon the Arbathite; Azmaveth the Barhumite;|Retains the pinned compound name and origin forms.
23:32|Eliahba the Shaalbonite; the sons of Jashen; Jonathan;|Preserves the difficult sons-of-Jashen entry and does not invent a patronymic for Jonathan.
23:33|Shammah the Hararite; Ahiam son of Sharar the Ararite;|Keeps the source’s differing Hararite and Ararite forms.
23:34|Eliphelet son of Ahasbai, son of the Maacathite; Eliam son of Ahithophel the Gilonite;|Retains the repeated son construction and Ahithophel connection without a speculative correction.
23:35|Hezrai the Carmelite; Paarai the Arbite;|Follows read Hezrai and keeps Paarai.
23:36|Igal son of Nathan from Zobah; Bani the Gadite;|Retains both entries rather than importing the parallel list’s names.
23:37|Zelek the Ammonite; Naharai the Beerothite, who carried the weapons of Joab son of Zeruiah;|Follows read singular bearer and preserves the foreign origin and service role.
23:38|Ira the Ithrite; Gareb the Ithrite;|Keeps both Ithrites distinct.
23:39|and Uriah the Hittite. Thirty-seven in all.|Preserves the final Uriah name and stated total without forcing the preceding uncertain list to fit it.
24:1|Again the LORD’s anger burned against Israel, and he incited David against them, saying, “Go, count Israel and Judah.”|Retains the source’s divine agency rather than harmonizing the parallel account’s adversary.
24:2|The king told Joab, the army commander with him, “Please go through all Israel’s tribes, from Dan to Beer-sheba, and muster the people, so I may know their number.”|Keeps full-land extent and David’s stated purpose.
24:3|Joab answered the king, “May the LORD your God multiply the people a hundred times over, while my lord the king sees it with his own eyes. But why does my lord the king delight in this?”|Retains the hundredfold wish and challenge without adding an unstated legal explanation.
24:4|But the king’s command prevailed over Joab and the army commanders. They left the king’s presence to muster the people of Israel.|Preserves the officers’ overridden objection and compliance.
24:5|They crossed the Jordan and camped at Aroer, south of the town in the valley, in Gad, and toward Jazer.|Keeps the compressed geographic sequence without pretending its syntax is certain.
24:6|They went to Gilead and the land of Tahtim-hodshi, then to Dan-jaan and around toward Sidon.|Retains the obscure pinned place names rather than reconstructing them from other witnesses.
24:7|They came to the fortress of Tyre and all the towns of the Hivites and Canaanites, then went out to the Negeb of Judah at Beer-sheba.|Preserves all named regions and peoples along the route.
24:8|After going through the whole land, they returned to Jerusalem at the end of nine months and twenty days.|Retains the exact duration.
24:9|Joab gave the king the number of the people mustered: in Israel, eight hundred thousand fighting men who drew the sword, and in Judah, five hundred thousand men.|Preserves Samuel’s two totals and its differing descriptions of the groups.
24:10|After David counted the people, his heart struck him. He said to the LORD, “I have sinned greatly in what I have done. Now, LORD, please take away your servant’s guilt, for I have acted very foolishly.”|Keeps the striking-heart image, confession, and request without supplying the census’s unexpressed motive.
24:11|When David rose in the morning, the word of the LORD came to the prophet Gad, David’s seer:|Preserves both prophet and seer designations and introduces the message.
24:12|“Go and tell David, ‘This is what the LORD says: I am laying three things before you. Choose one, and I will do it to you.’”|Keeps the threefold choice and divine action.
24:13|Gad came to David and told him, “Shall seven years of famine come on your land? Or will you flee for three months before enemies who pursue you? Or shall there be three days of plague in your land? Now think carefully about what answer I should take to the one who sent me.”|Retains pinned seven years, three months, and three days rather than harmonizing the famine duration.
24:14|David told Gad, “I am in great distress. Please let us fall into the LORD’s hand, for his mercies are many. But do not let me fall into human hands.”|Follows read mercies and preserves the deliberate us-to-me shift.
24:15|So the LORD sent a plague on Israel from that morning until the appointed time. Seventy thousand people died, from Dan to Beer-sheba.|Keeps the unspecified appointed endpoint and full death count.
24:16|When the angel stretched out his hand toward Jerusalem to destroy it, the LORD relented from the disaster. He told the angel destroying the people, “Enough! Now withdraw your hand.” The LORD’s angel was beside the threshing floor of Araunah the Jebusite.|Follows read Araunah and retains relenting, command, and the angel’s location.
24:17|When David saw the angel striking the people, he said to the LORD, “I am the one who sinned; I am the one who did wrong. But these sheep—what have they done? Please let your hand fall on me and my father’s house.”|Keeps David’s repeated personal responsibility and the sheep image without changing it into a narrator’s innocence verdict.
24:18|That day Gad came to David and said, “Go up and raise an altar to the LORD on the threshing floor of Araunah the Jebusite.”|Follows read name and preserves the new instruction.
24:19|David went up at Gad’s word, just as the LORD had commanded.|Keeps the connection between prophetic word and divine command.
24:20|Araunah looked out and saw the king and his servants approaching. He went out and bowed facedown to the ground before the king.|Retains seeing, approach, and homage.
24:21|Araunah asked, “Why has my lord the king come to his servant?” David answered, “To buy your threshing floor and build an altar to the LORD, so the plague may be stopped among the people.”|Keeps purchase and intended purpose distinct from the later free offer.
24:22|Araunah told David, “Let my lord the king take and offer whatever is good in his eyes. Here are the cattle for the burnt offering, and the threshing sledges and cattle equipment for the wood.”|Preserves all offered materials and the agricultural implements.
24:23|Araunah the king gave all this to the king. Araunah said to the king, “May the LORD your God accept you.”|Retains the difficult title attached to Araunah instead of silently deleting or relocating it into speech.
24:24|But the king told Araunah, “No. I will certainly buy it from you for a price. I will not offer the LORD my God burnt offerings that cost me nothing.” So David bought the threshing floor and the cattle for fifty silver shekels.|Keeps emphatic purchase, cost, exact price, and scope rather than importing the parallel account’s amount.
24:25|David built an altar to the LORD there and offered burnt offerings and well-being offerings. The LORD responded to pleas for the land, and the plague was stopped in Israel.|Retains both offerings and the closing answered-plea formula linking the book’s final accounts.
