1:1|In the beginning was the Word, and the Word was with God, and the Word was God.|Preserves beginning, personal relation toward God, and full predication of deity.
1:2|He was in the beginning with God.|Keeps the Word’s personal continuity and relationship.
1:3|Everything came into being through him, and apart from him not one thing came into being. What has come into being|Preserves universal agency and places the punctuation with the following life clause.
1:4|in him was life, and that life was the light of humanity.|Keeps life in the Word and light for human beings.
1:5|The light shines in the darkness, and the darkness did not overcome it.|Retains present shining and katelaben’s conflict sense while leaving room for failed comprehension in the wider theme.
1:6|A man came, sent from God; his name was John.|Keeps human identity, divine sending, and name.
1:7|He came as a witness, to testify about the light, so that everyone might believe through him.|Preserves witness repetition, light, universal purpose, and John’s mediating role.
1:8|He was not the light, but came to testify about the light.|Keeps explicit denial and purpose.
1:9|The true light, which gives light to every person, was coming into the world.|Preserves true light, universal illumination, and coming into the world.
1:10|He was in the world, and the world came into being through him, yet the world did not recognize him.|Keeps creation, presence, and tragic nonrecognition.
1:11|He came to what was his own, but his own people did not receive him.|Distinguishes his domain and people while retaining rejection.
1:12|But to all who did receive him—those who believe in his name—he gave the right to become children of God,|Keeps reception, believing in the name, granted authority, and child status.
1:13|who were born not from bloodlines, nor from the desire of the flesh, nor from a man’s desire, but from God.|Preserves three denied human origins and divine birth.
1:14|The Word became flesh and made his dwelling among us. We saw his glory, glory as of the Father’s one-of-a-kind Son, full of grace and truth.|Retains incarnation, tabernacle image, witnessed glory, unique filial relation, grace, and truth.
1:15|(John testifies about him and cries out, “This is the one of whom I said, ‘The one coming after me ranks ahead of me, because he existed before me.’”)|Keeps present witness, loud proclamation, temporal paradox, and preexistence.
1:16|For from his fullness we have all received, grace in place of grace.|Preserves fullness, shared reception, and the difficult grace-for-grace expression.
1:17|The Law was given through Moses; grace and truth came through Jesus Christ.|Keeps distinct verbs, Moses, and full name-title.
1:18|No one has ever seen God. The one-of-a-kind God, who is at the Father’s side, has made him known.|Preserves pinned “unique God” reading, intimacy, and revelatory explanation.
1:19|This is John’s testimony when the Jewish authorities sent priests and Levites from Jerusalem to ask him, “Who are you?”|Clarifies the representative leadership context while retaining the emissaries and question.
1:20|He confessed openly and did not deny it. He confessed, “I am not the Messiah.”|Keeps emphatic confession-denial contrast and messianic disclaimer.
1:21|They asked him, “Then what? Are you Elijah?” He said, “I am not.” “Are you the Prophet?” He answered, “No.”|Preserves three short identity exchanges and titles.
1:22|So they said to him, “Who are you? We need to give an answer to those who sent us. What do you say about yourself?”|Keeps institutional accountability and self-identification.
1:23|He said, “I am a voice crying out in the wilderness, ‘Make the Lord’s way straight,’ as the prophet Isaiah said.”|Preserves voice, wilderness, straight way, Lord, and Isaiah.
1:24|Those who had been sent were from the Pharisees.|Keeps emissaries’ group affiliation without importing it earlier.
1:25|They asked him, “Why, then, are you baptizing if you are not the Messiah, Elijah, or the Prophet?”|Retains all three denied identities and authority challenge.
1:26|John answered them, “I baptize in water, but among you stands one you do not know.|Keeps John’s water baptism and the unknown present figure.
1:27|He is the one coming after me. I am not worthy to untie the strap of his sandal.”|Preserves temporal relation and servant-like unworthiness.
1:28|These things happened in Bethany across the Jordan, where John was baptizing.|Keeps specific Bethany, river relation, and activity.
1:29|The next day John saw Jesus coming toward him and said, “Look, the Lamb of God who takes away the sin of the world!|Preserves visual summons, sacrificial-pastoral title, singular sin, and world scope.
1:30|This is the one about whom I said, ‘After me comes a man who ranks ahead of me, because he existed before me.’|Keeps identification and temporal-status paradox.
1:31|I did not know him, but I came baptizing in water so that he might be revealed to Israel.”|Preserves prior nonrecognition, baptism, revelation, and Israel.
1:32|John testified, “I saw the Spirit come down from heaven like a dove and remain on him.|Keeps eyewitness testimony, dove simile, heavenly descent, and abiding.
1:33|I did not know him, but the one who sent me to baptize in water told me, ‘The one on whom you see the Spirit come down and remain is the one who baptizes in the Holy Spirit.’|Retains sender, sign, repeated remaining, and Holy Spirit baptism.
1:34|I myself have seen and have testified that this is God’s Chosen One.”|Preserves pinned variant “Chosen One,” sight, and sustained testimony.
1:35|The next day John was standing there again with two of his disciples.|Keeps sequence, place continuity, and exact number.
1:36|Looking intently at Jesus as he walked by, John said, “Look, the Lamb of God!”|Preserves concentrated gaze, movement, and repeated title.
1:37|The two disciples heard him say this and followed Jesus.|Keeps exact disciples, hearing, and transferred following.
1:38|Jesus turned, saw them following, and asked, “What are you looking for?” They said, “Rabbi” (which means Teacher), “where are you staying?”|Preserves Jesus’ initiative, desire question, translated title, and abode.
1:39|He told them, “Come, and you will see.” So they went and saw where he was staying, and they stayed with him that day. It was about four in the afternoon.|Keeps invitation, repeated seeing/staying, day, and approximate ancient tenth hour.
1:40|Andrew, Simon Peter’s brother, was one of the two who had heard John and followed Jesus.|Preserves family relation, exact number, hearing, and following.
1:41|He first found his own brother Simon and told him, “We have found the Messiah” (which is translated Christ).|Keeps priority, brother, discovery, Hebrew title, and Greek explanation.
1:42|Andrew brought Simon to Jesus. Jesus looked intently at him and said, “You are Simon son of John. You will be called Cephas” (which is translated Peter).|Preserves mediation, gaze, paternal name, Aramaic name, and translation.
1:43|The next day Jesus decided to leave for Galilee. He found Philip and told him, “Follow me.”|Keeps sequence, deliberate journey, finding, and summons.
1:44|Philip was from Bethsaida, the town of Andrew and Peter.|Preserves place and relational geography.
1:45|Philip found Nathanael and told him, “We have found the one Moses wrote about in the Law, and the Prophets too: Jesus son of Joseph, from Nazareth.”|Keeps discovery, Scripture’s two parts, name, perceived parentage, and origin.
1:46|Nathanael asked him, “Can anything good come from Nazareth?” Philip replied, “Come and see.”|Preserves skepticism, place, and open invitation.
1:47|Jesus saw Nathanael coming toward him and said about him, “Look, truly an Israelite in whom there is no deceit.”|Keeps identity, public appraisal, and absence of guile.
1:48|Nathanael asked him, “How do you know me?” Jesus answered, “Before Philip called you, while you were under the fig tree, I saw you.”|Preserves question, prior sight, caller, and fig tree.
1:49|Nathanael answered him, “Rabbi, you are the Son of God! You are the King of Israel!”|Keeps two titles and Israel specificity.
1:50|Jesus replied, “Do you believe because I told you I saw you under the fig tree? You will see greater things than these.”|Retains question, sight, belief, and greater promise.
1:51|Then he said, “Truly, truly, I tell all of you: you will see heaven opened and God’s angels ascending and descending on the Son of Man.”|Makes plural audience audible and preserves Jacob-like angel movement centered on the Son of Man.
2:1|On the third day there was a wedding in Cana of Galilee, and Jesus’ mother was there.|Keeps precise day, event, place, and maternal presence.
2:2|Jesus and his disciples were also invited to the wedding.|Preserves invitation and group.
2:3|When the wine ran out, Jesus’ mother told him, “They have no wine.”|Keeps shortage and understated report.
2:4|Jesus said to her, “Woman, what does this have to do with you and me? My hour has not yet come.”|Retains respectful but distancing address, difficult idiom, and hour theme.
2:5|His mother told the servants, “Do whatever he tells you.”|Preserves her direction and openness to Jesus’ command.
2:6|Six stone water jars were standing there for Jewish purification, each holding two or three measures.|Keeps exact number, stone, ritual use, and ancient capacity.
2:7|Jesus told the servants, “Fill the jars with water.” They filled them to the brim.|Preserves command and complete filling.
2:8|Then he said, “Now draw some out and take it to the banquet master.” So they took it.|Keeps timing, drawing, recipient, and obedience.
2:9|When the banquet master tasted the water that had become wine, he did not know where it came from, though the servants who had drawn the water knew. He called the bridegroom|Preserves transformation, unequal knowledge, servants’ witness, and groom.
2:10|and said, “Everyone serves the good wine first and then the inferior wine after people have drunk freely. But you have kept the good wine until now.”|Retains social custom, intoxication reference, quality contrast, and surprise.
2:11|Jesus did this in Cana of Galilee as the beginning of his signs. He revealed his glory, and his disciples believed in him.|Keeps first sign, place, glory revelation, and disciple belief.
2:12|After this, he went down to Capernaum with his mother, brothers, and disciples, and they stayed there a few days.|Preserves movement, all companions, and short duration.
2:13|The Jewish Passover was near, and Jesus went up to Jerusalem.|Keeps festival designation, nearness, and ascent.
2:14|In the temple courts he found people selling cattle, sheep, and doves, and the money changers seated at their tables.|Names all animals, sellers, changers, and sacred setting.
2:15|He made a whip from cords and drove them all out of the temple courts, including the sheep and cattle. He poured out the money changers’ coins and overturned their tables.|Preserves improvised whip, expulsion, animals, coins, and overturned tables without saying he struck people.
2:16|He told those selling doves, “Take these things away from here! Stop making my Father’s house a marketplace!”|Keeps dove sellers, commands, Father’s house, and commerce critique.
2:17|His disciples remembered that it is written, “Zeal for your house will consume me.”|Preserves later remembering and scriptural line.
2:18|The Jewish authorities responded, “What sign can you show us to authorize your doing these things?”|Clarifies institutional challenge while retaining sign and authorization.
2:19|Jesus answered them, “Destroy this sanctuary, and in three days I will raise it.”|Keeps imperative, inner sanctuary term, exact days, and raising.
2:20|The authorities replied, “This sanctuary has been under construction for forty-six years, and you will raise it in three days?”|Preserves exact years, contrast, and incredulous question.
2:21|But he was speaking about the sanctuary of his body.|Keeps narrator’s bodily interpretation and sanctuary metaphor.
2:22|So when he was raised from the dead, his disciples remembered that he had said this, and they believed the Scripture and the word Jesus had spoken.|Preserves resurrection, remembering, and dual belief.
2:23|While Jesus was in Jerusalem during the Passover Festival, many believed in his name when they saw the signs he was doing.|Keeps place, festival, belief, sight, and signs.
2:24|But Jesus did not entrust himself to them, because he knew everyone|Retains wordplay between their belief and his non-entrusting, plus knowledge.
2:25|and did not need anyone to testify about a person, for he knew what was in each person.|Keeps no need of human witness and interior knowledge.
3:1|There was a Pharisee named Nicodemus, a leader of the Jewish people.|Preserves name, group, and leadership role.
3:2|He came to Jesus at night and said, “Rabbi, we know that you have come from God as a teacher, because no one can perform these signs you are doing unless God is with him.”|Keeps night, respectful title, plural knowledge claim, signs, and divine presence.
3:3|Jesus answered him, “Truly, truly, I tell you, unless someone is born from above, they cannot see the kingdom of God.”|Renders anōthen as from above while retaining birth metaphor and kingdom sight.
3:4|Nicodemus asked, “How can a person be born when old? Surely he cannot enter his mother’s womb a second time and be born!”|Preserves literal misunderstanding, age, maternal body, and second birth.
3:5|Jesus answered, “Truly, truly, I tell you, unless someone is born of water and Spirit, they cannot enter the kingdom of God.|Keeps water-Spirit unity, birth, and kingdom entry.
3:6|What is born of the flesh is flesh, and what is born of the Spirit is spirit.|Preserves paired origins and outcomes.
3:7|Do not be amazed that I told you, ‘All of you must be born from above.’|Makes the shift to plural “you” audible and repeats anōthen.
3:8|The wind blows where it wants. You hear its sound but do not know where it comes from or where it is going. So it is with everyone born of the Spirit.”|Preserves pneuma’s wind-Spirit wordplay through adjacent terms, freedom, sound, and mystery.
3:9|Nicodemus asked him, “How can these things happen?”|Keeps continued bewilderment.
3:10|Jesus replied, “You are the teacher of Israel, and you do not understand these things?|Preserves emphatic title and rebuke.
3:11|Truly, truly, I tell you, we speak what we know and testify to what we have seen, yet all of you do not receive our testimony.|Keeps singular address with plural rejection, knowing, seeing, and witness.
3:12|If I told you about earthly things and you do not believe, how will you believe if I tell you about heavenly things?|Preserves conditional contrast and repeated belief.
3:13|No one has ascended into heaven except the one who descended from heaven—the Son of Man.|Keeps ascent-descent and exclusive heavenly origin without later added clause.
3:14|Just as Moses lifted up the snake in the wilderness, so the Son of Man must be lifted up,|Preserves scriptural snake, wilderness, comparison, necessity, and exaltation/crucifixion ambiguity.
3:15|so that everyone who believes in him may have eternal life.|Keeps universal believer, personal object, and eternal life.
3:16|For God loved the world in this way: he gave his one-of-a-kind Son, so that everyone who believes in him will not perish but have eternal life.|Renders houtōs as manner, preserves world, gift, unique Son, faith, perishing, and life.
3:17|For God did not send the Son into the world to condemn the world, but so that the world might be saved through him.|Keeps sending, world repetition, judgment-salvation contrast, and agency.
3:18|Whoever believes in him is not condemned, but whoever does not believe has already been condemned because they have not believed in the name of God’s one-of-a-kind Son.|Preserves present verdict, reason, name, and unique filial relation.
3:19|This is the judgment: the light has come into the world, but people loved darkness rather than the light because their deeds were evil.|Keeps judgment’s explanation, light-darkness love, and deeds.
3:20|For everyone who practices evil hates the light and does not come to the light, so that their deeds will not be exposed.|Preserves habitual wrongdoing, hatred, avoidance, and exposure.
3:21|But whoever does what is true comes to the light, so that it may be clearly seen that their deeds have been done in God.|Retains unusual “do the truth,” movement, manifestation, and divine sphere.
3:22|After this, Jesus and his disciples went into the Judean countryside. He spent time with them there and baptized.|Keeps region, companionship, duration, and baptism.
3:23|John was also baptizing at Aenon near Salim because there was plenty of water there. People kept coming and being baptized,|Preserves place names, abundant water, ongoing approach, and baptism.
3:24|for John had not yet been thrown into prison.|Keeps chronological clarification and coercive imprisonment.
3:25|Then a dispute about purification arose between some of John’s disciples and a Jewish man.|Preserves participants, singular man, and ritual topic.
3:26|They came to John and said, “Rabbi, the man who was with you across the Jordan—the one you testified about—look, he is baptizing, and everyone is going to him!”|Keeps address, location, prior testimony, rival activity, and exaggeration.
3:27|John answered, “A person cannot receive even one thing unless it has been given from heaven.|Preserves comprehensive dependence on heavenly gift.
3:28|You yourselves can testify that I said, ‘I am not the Messiah, but I have been sent ahead of him.’|Keeps witnesses, denial, and forerunner mission.
3:29|The one who has the bride is the bridegroom. The bridegroom’s friend, who stands and listens for him, rejoices greatly when he hears the bridegroom’s voice. So this joy of mine is now complete.|Preserves bridegroom relation, friend’s attentive role, voice, and fulfilled joy.
3:30|He must increase, but I must decrease.”|Keeps parallel divine necessity and reversal.
3:31|The one who comes from above is above all. The one who is from the earth belongs to the earth and speaks from the earth. The one who comes from heaven is above all.|Preserves repeated above/earth/heaven contrasts.
3:32|He testifies to what he has seen and heard, yet no one receives his testimony.|Keeps eyewitness-hearing witness and rhetorical universal rejection.
3:33|Whoever receives his testimony has certified that God is true.|Preserves sealing/certifying image and divine truth.
3:34|For the one God sent speaks God’s words, because God gives the Spirit without measure.|Keeps sender, divine speech, and limitless Spirit.
3:35|The Father loves the Son and has given everything into his hand.|Preserves love, filial relation, comprehensive gift, and hand image.
3:36|Whoever believes in the Son has eternal life, but whoever refuses to obey the Son will not see life; instead, God’s wrath remains on that person.|Distinguishes believing from disobedient refusal and keeps present life, excluded sight, and abiding wrath.
4:1|When Jesus learned that the Pharisees had heard he was making and baptizing more disciples than John—|Keeps reported comparison and opens narrator’s clarification.
4:2|although Jesus himself was not baptizing, but his disciples were—|Preserves parenthetical correction and disciples’ agency.
4:3|he left Judea and went back to Galilee.|Keeps departure and return route.
4:4|But he had to pass through Samaria.|Retains necessity and named region without explaining its source.
4:5|So he came to a Samaritan town called Sychar, near the plot of land Jacob had given to his son Joseph.|Keeps town, region, patriarchal land, and family relation.
4:6|Jacob’s spring was there. Jesus, tired from the journey, sat down beside the spring. It was about noon.|Preserves named water source, Jesus’ fatigue, posture, and approximate sixth hour.
4:7|A Samaritan woman came to draw water. Jesus said to her, “Give me a drink.”|Keeps her identity, ordinary labor, and direct request.
4:8|His disciples had gone into the town to buy food.|Preserves explanation of their absence and purpose.
4:9|The Samaritan woman asked him, “How can you, a Jewish man, ask me, a Samaritan woman, for a drink?” For Jewish people do not share utensils with Samaritans.|Makes gendered and ethnic boundary explicit and renders the difficult verb in its table-sharing sense.
4:10|Jesus answered her, “If you knew God’s gift and who it is saying to you, ‘Give me a drink,’ you would have asked him, and he would have given you living water.”|Preserves gift, identity, role reversal, and living-water ambiguity.
4:11|The woman said, “Sir, you do not even have a bucket, and the well is deep. Where, then, do you get this living water?|Keeps practical objection, depth, and repeated phrase.
4:12|Are you greater than our father Jacob, who gave us the well and drank from it himself, along with his sons and livestock?”|Preserves Samaritan claim to Jacob, gift, household, and animals.
4:13|Jesus answered, “Everyone who drinks this water will become thirsty again,|Keeps universal recurring thirst.
4:14|but whoever drinks the water I will give will certainly never be thirsty. The water I give will become in that person a spring of water welling up to eternal life.”|Preserves emphatic lasting satisfaction, inward spring, movement, and eternal life.
4:15|The woman said, “Sir, give me this water so I will not be thirsty or have to keep coming here to draw water.”|Keeps request, practical understanding, and repeated labor.
4:16|Jesus told her, “Go call your husband and come back here.”|Preserves commands and named relationship.
4:17|The woman answered, “I do not have a husband.” Jesus said, “You are right to say, ‘I do not have a husband,’|Keeps her truthful statement and Jesus’ affirmation.
4:18|because you have had five husbands, and the man you now have is not your husband. What you have said is true.”|Retains exact number, current relationship’s ambiguity, and truth without assigning blame or cause.
4:19|The woman said, “Sir, I see that you are a prophet.|Preserves growing recognition and title.
4:20|Our ancestors worshiped on this mountain, but you Jewish people say that Jerusalem is the place where people must worship.”|Keeps both communal claims, mountain, Jerusalem, and worship necessity.
4:21|Jesus told her, “Believe me, woman, an hour is coming when you will worship the Father neither on this mountain nor in Jerusalem.|Preserves respectful address, coming hour, plural audience, Father, and displaced locations.
4:22|You Samaritans worship what you do not know; we worship what we know, because salvation comes from the Jewish people.|Keeps sharp knowledge contrast and affirms salvation’s Jewish origin without broad contempt.
4:23|But an hour is coming—and is now here—when true worshipers will worship the Father in spirit and truth, for the Father seeks people like these to worship him.|Preserves present-future hour, Father, spirit, truth, and divine seeking.
4:24|God is spirit, and those who worship him must worship in spirit and truth.”|Keeps divine nature, necessity, and repeated pair.
4:25|The woman said, “I know that Messiah is coming” (the one called Christ). “When he comes, he will explain everything to us.”|Preserves her knowledge, Semitic and Greek titles, coming, and promised disclosure.
4:26|Jesus told her, “I am he—the one speaking with you.”|Keeps egō eimi self-identification and immediate conversation.
4:27|Just then his disciples returned. They were astonished that he was speaking with a woman, yet no one asked, “What do you want?” or “Why are you speaking with her?”|Preserves timing, gender surprise, and both unspoken questions.
4:28|Then the woman left her water jar, went into the town, and said to the people,|Keeps abandoned task, movement, and public speech.
4:29|“Come see a man who told me everything I have done. Could this be the Messiah?”|Preserves invitation, heightened testimony, and open question.
4:30|They left the town and began coming toward him.|Keeps communal response and ongoing movement.
4:31|Meanwhile, the disciples urged him, “Rabbi, eat something.”|Preserves time shift, respectful address, and concern.
4:32|But he told them, “I have food to eat that you do not know about.”|Keeps metaphor and their lack of knowledge.
4:33|So the disciples began asking one another, “Could someone have brought him food?”|Preserves mutual literal misunderstanding.
4:34|Jesus told them, “My food is to do the will of the one who sent me and to complete his work.|Keeps nourishment metaphor, sender, will, and completed mission.
4:35|Do you not say, ‘Four months remain, and then comes the harvest’? Look, I tell you: lift up your eyes and see that the fields are already white for harvest.|Retains proverb-like interval, visual commands, ripeness, and urgency.
4:36|The reaper is already receiving wages and gathering fruit for eternal life, so that sower and reaper may rejoice together.|Keeps present reward, fruit, eternal life, and shared joy.
4:37|For in this case the saying is true: ‘One sows and another reaps.’|Preserves distinct labor roles and maxim.
4:38|I sent you to reap what you did not labor for. Others have labored, and you have entered into their labor.”|Keeps sending, unearned harvest, others’ work, and participation.
4:39|Many Samaritans from that town believed in Jesus because of the woman’s testimony: “He told me everything I have done.”|Preserves her effective witness, people, town, belief, and quoted basis.
4:40|So when the Samaritans came to him, they asked him to stay with them, and he stayed there two days.|Keeps their initiative, hospitality, abiding, and exact duration.
4:41|Many more believed because of his own word.|Preserves increased belief and direct hearing.
4:42|They told the woman, “We no longer believe only because of what you said; we have heard for ourselves, and we know that this man truly is the Savior of the world.”|Keeps her indispensable initial witness, direct hearing, knowledge, and world-wide title.
4:43|After the two days, Jesus left there for Galilee.|Retains sequence, exact duration, and destination.
4:44|For Jesus himself had testified that a prophet has no honor in his own homeland.|Keeps narrator’s explanation and proverbial claim.
4:45|When he arrived in Galilee, the Galileans welcomed him because they had seen everything he did in Jerusalem during the festival; they too had gone to the festival.|Preserves welcome’s sign-based reason and shared pilgrimage.
4:46|So Jesus came again to Cana of Galilee, where he had made the water wine. There was a royal official in Capernaum whose son was sick.|Keeps return, first sign reminder, official, place, and son.
4:47|When he heard that Jesus had come from Judea to Galilee, he went to him and begged him to come down and heal his son, who was about to die.|Preserves hearing, journey, repeated plea, geography, and mortal danger.
4:48|Jesus said to him, “Unless all of you see signs and wonders, you will certainly not believe.”|Makes plural audience audible and keeps emphatic sign-dependent belief warning.
4:49|The royal official said, “Lord, come down before my child dies.”|Keeps title, geographical plea, child language, and urgency.
4:50|Jesus told him, “Go; your son lives.” The man believed the word Jesus spoke to him and went on his way.|Preserves life declaration, trust before sight, and obedient departure.
4:51|While he was still going down, his servants met him and said that his child was alive.|Keeps descent, servants, encounter, and repeated life.
4:52|He asked them at what hour his son began to get better. They told him, “The fever left him yesterday at one in the afternoon.”|Preserves inquiry, improvement, fever, yesterday, and seventh hour.
4:53|Then the father realized that this was the very hour when Jesus had told him, “Your son lives.” So he believed, along with his entire household.|Keeps paternal recognition, exact correspondence, repeated word, and household belief.
4:54|This was the second sign Jesus performed after coming from Judea to Galilee.|Preserves Johannine sign count and route.
5:1|After this there was a Jewish festival, and Jesus went up to Jerusalem.|Keeps unspecified festival, cultural identity, and ascent.
5:2|Now in Jerusalem by the Sheep Gate there is a pool called Bethesda in Hebrew, with five covered walkways.|Preserves present-tense description, location, pinned place name, language, and exact structures.
5:3|A multitude of sick people lay in them—people who were blind, lame, or paralyzed.|Keeps large group and three conditions without importing later water explanation.
5:5|One man there had lived with his illness for thirty-eight years.|Preserves absent public verse 4, gender, condition, and exact duration.
5:6|When Jesus saw him lying there and knew he had already been in that condition a long time, he asked, “Do you want to become well?”|Keeps Jesus’ initiative, knowledge, duration, and agency-respecting question.
5:7|The sick man answered, “Sir, I have no one to put me into the pool when the water is stirred. While I am going, someone else goes down ahead of me.”|Preserves his isolation, water belief, limited movement, and repeated displacement.
5:8|Jesus told him, “Get up, pick up your mat, and walk.”|Keeps three direct bodily commands.
5:9|Immediately the man became well, picked up his mat, and began walking. That day was a Sabbath.|Preserves immediacy, restored action, and Sabbath turn.
5:10|So the Jewish authorities told the man who had been healed, “It is the Sabbath, and you are not permitted to carry your mat.”|Clarifies enforcement role while keeping healing, law claim, and mat.
5:11|He answered them, “The one who made me well told me, ‘Pick up your mat and walk.’”|Keeps healer’s authority and repeated commands.
5:12|They asked him, “Who is the man who told you, ‘Pick it up and walk’?”|Preserves focus on command rather than healing.
5:13|But the man who had been healed did not know who it was, because Jesus had slipped away into the crowd that was there.|Keeps healed identity, ignorance, Jesus’ withdrawal, and crowd.
5:14|Afterward, Jesus found him in the temple courts and said, “Look, you have become well. Do not keep sinning, so that nothing worse happens to you.”|Preserves later encounter, healing, continued-sin warning, and unspecified worse outcome without claiming the illness was caused by sin.
5:15|The man went away and told the Jewish authorities that Jesus was the one who had made him well.|Keeps report, leadership recipients, Jesus’ identity, and healing.
5:16|Because Jesus was doing these things on the Sabbath, the authorities began persecuting him.|Clarifies continuing leadership opponents and preserves Sabbath cause.
5:17|But Jesus answered them, “My Father is still working, and I too am working.”|Keeps continuing divine and filial work.
5:18|For this reason the authorities sought all the more to kill him, because he was not only loosening the Sabbath but also calling God his own Father, making himself equal with God.|Preserves escalated lethal intent, both reasons, and narrator’s equality explanation.
5:19|So Jesus answered them, “Truly, truly, I tell you, the Son can do nothing on his own, but only what he sees the Father doing. Whatever the Father does, the Son does likewise.|Keeps inability of independent action, seeing, imitation, and shared works.
5:20|For the Father loves the Son and shows him everything he is doing. He will show him greater works than these, so that you will be amazed.|Preserves love, revelation, greater works, and audience response.
5:21|Just as the Father raises the dead and gives them life, so the Son gives life to whomever he wishes.|Keeps resurrection-life work and the Son’s will.
5:22|The Father does not judge anyone but has entrusted all judgment to the Son,|Preserves comprehensive transfer of judgment.
5:23|so that everyone may honor the Son just as they honor the Father. Whoever does not honor the Son does not honor the Father who sent him.|Keeps equal honor, negative corollary, and sending.
5:24|Truly, truly, I tell you, whoever hears my word and believes the one who sent me has eternal life and does not come into judgment, but has crossed over from death into life.|Preserves hearing, belief, present possession, no judgment, and completed passage.
5:25|Truly, truly, I tell you, an hour is coming—and is now here—when the dead will hear the voice of the Son of God, and those who hear will live.|Keeps present-future hour, dead, voice, hearing, and life.
5:26|For just as the Father has life in himself, so he has granted the Son also to have life in himself.|Preserves self-existent life and Father’s grant.
5:27|And he has given the Son authority to execute judgment because he is the Son of Man.|Keeps authority, judgment, and human/messianic title without an article in Greek.
5:28|Do not be amazed at this, because an hour is coming when everyone in the tombs will hear his voice|Preserves future hour, universal tombs, and voice.
5:29|and come out: those who have done good to a resurrection of life, and those who have practiced evil to a resurrection of judgment.|Keeps moral actions and two resurrection outcomes.
5:30|I can do nothing on my own. I judge according to what I hear, and my judgment is just, because I do not seek my own will but the will of the one who sent me.|Retains dependence, hearing, just judgment, contrasting wills, and sending within Jesus’ continuing speech.
5:31|If I testify about myself, my testimony is not valid by itself.|Clarifies forensic insufficiency without calling Jesus’ words false.
5:32|There is another who testifies about me, and I know that the testimony he gives about me is true.|Keeps other witness and repeated testimony.
5:33|You sent messengers to John, and he testified to the truth.|Preserves audience action, John, and truth.
5:34|I do not depend on testimony from a human being, but I say these things so that you may be saved.|Keeps independence from human witness and saving purpose.
5:35|John was the lamp that burned and shone, and for a time you were willing to rejoice in his light.|Preserves lamp-light distinction, temporary joy, and past response.
5:36|But I have testimony greater than John’s: the works the Father has given me to complete—the very works I am doing—testify about me that the Father has sent me.|Keeps greater witness, gifted mission, completion, present works, and sending.
5:37|And the Father who sent me has himself testified about me. You have never heard his voice or seen his form,|Preserves divine witness and denied hearing and sight.
5:38|and you do not have his word remaining in you, because you do not believe the one he sent.|Keeps abiding-word theme and reason.
5:39|You search the Scriptures because you think that in them you have eternal life; yet they are the very writings that testify about me,|Preserves ambiguous indicative/imperative as an observed practice, life, and scriptural witness.
5:40|but you are unwilling to come to me so that you may have life.|Keeps volitional refusal, movement, and life.
5:41|I do not accept glory from people.|Retains human-glory refusal within Jesus’ continuing speech.
5:42|But I know you: you do not have the love of God in yourselves.|Keeps Jesus’ knowledge and ambiguous love from/for God.
5:43|I have come in my Father’s name, and you do not receive me. If someone else comes in his own name, you will receive him.|Preserves contrasting names and receptions.
5:44|How can you believe when you accept glory from one another but do not seek the glory that comes from the only God?|Keeps rhetorical inability, reciprocal honor, and sole divine honor.
5:45|Do not think that I will accuse you before the Father. Your accuser is Moses, in whom you have placed your hope.|Preserves courtroom setting, Moses, and misplaced hope.
5:46|For if you believed Moses, you would believe me, because he wrote about me.|Keeps conditional relation and Mosaic witness.
5:47|But if you do not believe his writings, how will you believe my words?”|Preserves writings-words contrast and closing question.
6:1|After this, Jesus crossed to the other side of the Sea of Galilee, also called the Sea of Tiberias.|Keeps movement and both names for the lake.
6:2|A large crowd followed him because they were seeing the signs he performed for those who were sick.|Preserves crowd, following, repeated sight, signs, and sick people.
6:3|Jesus went up the mountain and sat there with his disciples.|Keeps ascent, definite mountain, posture, and companions.
6:4|The Passover, the Jewish festival, was near.|Preserves festival identity and nearness.
6:5|When Jesus looked up and saw that a large crowd was coming toward him, he asked Philip, “Where can we buy bread for these people to eat?”|Keeps sight, named disciple, location question, bread, and crowd need.
6:6|He asked this to test Philip, for he himself knew what he was about to do.|Preserves test and Jesus’ prior knowledge.
6:7|Philip answered, “Two hundred denarii worth of bread would not be enough for each person to receive even a little.”|Keeps exact money, insufficiency, and small portions.
6:8|One of his disciples, Andrew, Simon Peter’s brother, said to him,|Preserves identity and family relation.
6:9|“There is a boy here who has five barley loaves and two small fish. But what are these among so many people?”|Keeps child, exact foods and counts, barley, and insufficiency question.
6:10|Jesus said, “Have the people sit down.” There was plenty of grass in that place, so they sat down—about five thousand men in number.|Preserves command, grass, reclining, approximate gender-specific count.
6:11|Then Jesus took the loaves, gave thanks, and distributed them to those reclining there. He did the same with the fish, giving them as much as they wanted.|Keeps sequence, thanksgiving, direct distribution, and abundance.
6:12|When they had eaten their fill, he told his disciples, “Gather the leftover pieces so that nothing is lost.”|Preserves satisfaction, gathering, fragments, and anti-waste purpose.
6:13|So they gathered them and filled twelve baskets with pieces left from the five barley loaves after the people had eaten.|Keeps exact baskets, original loaves, barley, and leftovers.
6:14|When the people saw the sign Jesus had done, they said, “This truly is the Prophet who is coming into the world.”|Preserves sight, sign, title, and coming-world expectation.
6:15|Jesus knew they were about to come and seize him to make him king, so he withdrew again to the mountain by himself.|Keeps coercive kingship attempt, Jesus’ knowledge, and solitary withdrawal.
6:16|When evening came, his disciples went down to the sea,|Preserves timing and descent.
6:17|got into a boat, and started across the sea toward Capernaum. Darkness had already fallen, and Jesus had not yet come to them.|Keeps boat, destination, darkness, and Jesus’ absence.
6:18|A strong wind was blowing, and the sea was becoming rough.|Preserves weather and rising danger.
6:19|After rowing about twenty-five or thirty stadia, they saw Jesus walking on the sea and coming near the boat, and they were afraid.|Keeps approximate ancient distance, walking on water, approach, and fear.
6:20|But he told them, “It is I. Do not be afraid.”|Keeps egō eimi and reassurance.
6:21|Then they wanted to take him into the boat, and immediately the boat reached the shore toward which they were going.|Preserves welcome, immediacy, and destination.
6:22|The next day, the crowd remaining on the other side of the sea realized that only one boat had been there and that Jesus had not gotten into it with his disciples, but the disciples had left alone.|Keeps crowd’s location, boat count, observation, and Jesus’ unexplained movement.
6:23|Other boats from Tiberias had come near the place where the people ate the bread after the Lord had given thanks.|Preserves boats’ origin, location, meal, and thanksgiving.
6:24|When the crowd saw that neither Jesus nor his disciples were there, they got into the boats and went to Capernaum looking for Jesus.|Keeps absence, embarkation, destination, and search.
6:25|When they found him across the sea, they asked, “Rabbi, when did you get here?”|Preserves finding, respectful title, and time question.
6:26|Jesus answered them, “Truly, truly, I tell you, you are looking for me not because you saw signs, but because you ate the loaves and were filled.|Keeps solemn diagnosis, signs, food, and satisfied appetite.
6:27|Do not work for food that perishes, but for food that remains for eternal life, which the Son of Man will give you. For God the Father has set his seal on him.”|Preserves work contrast, abiding food, gift, Son of Man, Father, and seal.
6:28|They asked him, “What must we do to perform the works of God?”|Keeps plural works question and divine relation.
6:29|Jesus answered, “This is God’s work: that you believe in the one he sent.”|Preserves singular work and faith in the sent one.
6:30|So they asked him, “What sign, then, will you perform so that we may see it and believe you? What work will you do?|Keeps demand for sign, sight, belief, and work.
6:31|Our ancestors ate the manna in the wilderness, as it is written: ‘He gave them bread from heaven to eat.’”|Preserves ancestors, manna, wilderness, Scripture, and heavenly bread.
6:32|Jesus told them, “Truly, truly, I tell you, it was not Moses who gave you the bread from heaven. My Father gives you the true bread from heaven.|Keeps past-present contrast, Moses, Father, and true bread.
6:33|For God’s bread is the one who comes down from heaven and gives life to the world.”|Preserves personal bread, descent, life, and world.
6:34|They said, “Sir, always give us this bread.”|Keeps request and continuing provision.
6:35|Jesus told them, “I am the bread of life. Whoever comes to me will certainly never hunger, and whoever believes in me will certainly never thirst.|Keeps self-identification, coming-believing parallel, and emphatic satisfaction.
6:36|But as I told you, you have seen me and still do not believe.|Preserves sight-unbelief contrast.
6:37|Everyone the Father gives me will come to me, and I will certainly never cast out the one who comes to me,|Keeps divine gift, coming, individual welcome, and emphatic negation.
6:38|because I have come down from heaven not to do my own will but the will of the one who sent me.|Preserves descent, contrasting wills, and sending.
6:39|This is the will of the one who sent me: that I lose none of all he has given me, but raise them up on the last day.|Keeps comprehensive preservation, gift, resurrection, and last day.
6:40|For this is my Father’s will: that everyone who sees the Son and believes in him may have eternal life, and I will raise that person up on the last day.”|Preserves seeing-believing, present life, individual resurrection, and last day.
6:41|Some of the Jewish hearers began grumbling about him because he said, “I am the bread that came down from heaven.”|Identifies the local hearers rather than Jewish people universally and keeps complaint’s cause.
6:42|They said, “Is this not Jesus son of Joseph, whose father and mother we know? How can he now say, ‘I have come down from heaven’?”|Keeps perceived parentage, family knowledge, and descent objection.
6:43|Jesus answered them, “Stop grumbling among yourselves.|Preserves direct prohibition and mutual complaint.
6:44|No one can come to me unless the Father who sent me draws that person, and I will raise them up on the last day.|Keeps inability, Father’s drawing, sending, and resurrection.
6:45|It is written in the Prophets, ‘They will all be taught by God.’ Everyone who listens to the Father and learns comes to me.|Preserves prophetic citation, universal divine teaching, hearing, learning, and coming.
6:46|Not that anyone has seen the Father except the one who is from God; he has seen the Father.|Keeps exclusive sight and origin.
6:47|Truly, truly, I tell you, whoever believes has eternal life.|Preserves solemn assurance and present possession.
6:48|I am the bread of life.|Keeps compact self-identification.
6:49|Your ancestors ate the manna in the wilderness, and they died.|Preserves manna, wilderness, and mortality.
6:50|This is the bread coming down from heaven, so that anyone may eat from it and not die.|Keeps present descent, open invitation, eating, and life.
6:51|I am the living bread that came down from heaven. If anyone eats this bread, they will live forever. And the bread I will give for the life of the world is my flesh.”|Preserves living bread, descent, eating, eternal life, flesh, gift, and world.
6:52|Then the Jewish hearers began arguing with one another, “How can this man give us his flesh to eat?”|Clarifies local group and retains sharp dispute and literal question.
6:53|Jesus told them, “Truly, truly, I tell you, unless you eat the flesh of the Son of Man and drink his blood, you do not have life in yourselves.|Keeps solemn condition, flesh, blood, title, and inward life.
6:54|Whoever feeds on my flesh and drinks my blood has eternal life, and I will raise that person up on the last day.|Preserves sustained eating, drinking, present life, and resurrection.
6:55|For my flesh is true food, and my blood is true drink.|Keeps repeated bodily terms and reality of nourishment.
6:56|Whoever feeds on my flesh and drinks my blood remains in me, and I in that person.|Preserves mutual abiding.
6:57|Just as the living Father sent me and I live because of the Father, so the one who feeds on me will live because of me.|Keeps living Father, sending, relational life, eating, and resulting life.
6:58|This is the bread that came down from heaven—not like what the ancestors ate and then died. Whoever feeds on this bread will live forever.”|Preserves contrast with manna generation, death, and eternal life.
6:59|Jesus said these things while teaching in a synagogue in Capernaum.|Keeps teaching, synagogue, and place.
6:60|When many of his disciples heard this, they said, “This teaching is hard. Who can listen to it?”|Preserves disciple speakers, harsh/difficult teaching, and hearing question.
6:61|Knowing in himself that his disciples were grumbling about this, Jesus asked them, “Does this offend you?|Keeps inward knowledge, disciple complaint, and stumbling question.
6:62|Then what if you see the Son of Man ascending to where he was before?|Preserves unfinished rhetorical form, sight, ascent, and preexistence.
6:63|The Spirit gives life; the flesh is of no help by itself. The words I have spoken to you are Spirit and life.|Keeps Spirit-flesh contrast without canceling Jesus’ earlier positive flesh language, and identifies words with life.
6:64|But some of you do not believe.” For Jesus knew from the beginning who did not believe and who would betray him.|Preserves unbelief, prior knowledge, and singular betrayer.
6:65|He continued, “This is why I told you that no one can come to me unless it is granted by the Father.”|Keeps inability and Father’s gift.
6:66|From that time, many of his disciples turned back and no longer walked with him.|Preserves large-scale defection and discipleship-as-walking.
6:67|So Jesus asked the Twelve, “You do not want to leave too, do you?”|Keeps named group and question that allows refusal.
6:68|Simon Peter answered him, “Lord, to whom would we go? You have words of eternal life.|Preserves named speaker, relational question, words, and life.
6:69|We have come to believe and know that you are the Holy One of God.”|Keeps completed belief-knowledge and pinned title.
6:70|Jesus replied, “Did I not choose you, the Twelve? Yet one of you is a devil.”|Preserves divine choice, exact group, and severe singular label.
6:71|He was speaking of Judas, son of Simon Iscariot, for he—one of the Twelve—was going to betray Jesus.|Keeps Judas’s parentage, Iscariot relation, inner-circle status, and future betrayal.
7:1|After this, Jesus traveled around Galilee. He did not want to travel in Judea because the Jewish authorities there were seeking to kill him.|Clarifies regional leadership opponents while preserving lethal threat and Jesus’ movement.
7:2|The Jewish Festival of Shelters was near.|Keeps cultural setting, festival name, and nearness.
7:3|So Jesus’ brothers told him, “Leave here and go to Judea so that your disciples there may also see the works you are doing.|Preserves family speakers, movement, disciple audience, sight, and works.
7:4|For no one does something in secret while seeking to be known publicly. If you are doing these things, show yourself to the world.”|Keeps secret-public contrast and brothers’ demand.
7:5|For not even his brothers believed in him.|Preserves narrator’s motive explanation.
7:6|Jesus told them, “My time has not yet come, but your time is always ready.|Keeps distinct timing and contrast.
7:7|The world cannot hate you, but it hates me because I testify that its works are evil.|Preserves world, hatred, witness, and moral cause.
7:8|You go up to the festival. I am not going up to this festival now, because my time has not yet been fulfilled.”|Uses “now” to reflect the variant-marked negation in light of later ascent and keeps unfulfilled time.
7:9|After saying these things, he remained in Galilee.|Keeps speech and temporary stay.
7:10|But after his brothers went up to the festival, Jesus also went up, not publicly but in secret.|Preserves sequence, contrast with their demand, and concealed movement.
7:11|The Jewish authorities were looking for him at the festival and asking, “Where is that man?”|Clarifies organized hostile search and preserves question.
7:12|There was much quiet discussion about him among the crowds. Some said, “He is a good man.” Others said, “No, he is misleading the crowd.”|Keeps crowd debate and opposing judgments.
7:13|Yet no one spoke openly about him because they were afraid of the Jewish authorities.|Clarifies feared leadership rather than the whole people.
7:14|When the festival was already half over, Jesus went up to the temple courts and began teaching.|Keeps midpoint, ascent, sacred place, and teaching.
7:15|The Jewish leaders were astonished and asked, “How does this man know the Scriptures without having been formally taught?”|Makes learned-text sense audible and retains lack of schooling.
7:16|Jesus answered them, “My teaching is not mine; it belongs to the one who sent me.|Keeps teaching, ownership, and sending.
7:17|Anyone who wants to do his will shall know whether my teaching comes from God or whether I speak on my own.|Preserves willing obedience as route to discernment and source alternatives.
7:18|Whoever speaks on his own seeks his own glory, but the one who seeks the glory of the one who sent him is true, and there is no injustice in him.|Keeps self-glory versus sender’s glory and integrity.
7:19|Did not Moses give you the Law? Yet none of you carries out the Law. Why are you trying to kill me?”|Preserves Mosaic gift, universal accusation to interlocutors, and lethal question.
7:20|The crowd answered, “You have a demon! Who is trying to kill you?”|Keeps crowd’s abusive diagnosis and denial.
7:21|Jesus replied, “I did one work, and all of you are astonished.|Preserves single Sabbath work and collective reaction.
7:22|Moses gave you circumcision—though it comes not from Moses but from the ancestors—and you circumcise a male on the Sabbath.|Keeps origin qualification, male child understood in practice, and Sabbath action.
7:23|If a male receives circumcision on the Sabbath so that Moses’ Law is not broken, why are you angry with me because I made a whole person well on the Sabbath?|Preserves legal reasoning and whole-person healing.
7:24|Do not judge by outward appearance, but judge with just judgment.”|Keeps appearance-justice contrast and repeated judge.
7:25|Then some people from Jerusalem said, “Is this not the man they are trying to kill?|Preserves local speakers and recognized threat.
7:26|Yet look, he is speaking openly, and they say nothing to him. Can the rulers have actually concluded that he is the Messiah?|Keeps public speech, rulers’ silence, and tentative conclusion.
7:27|But we know where this man comes from. When the Messiah comes, no one knows where he is from.”|Preserves their claimed knowledge and messianic assumption.
7:28|As Jesus taught in the temple courts, he cried out, “Yes, you know me, and you know where I am from! Yet I have not come on my own. The one who sent me is true, and you do not know him.|Keeps loud irony, origin claim, sender, truth, and nonknowledge.
7:29|I know him because I am from him, and he sent me.”|Preserves origin, knowledge, and mission.
7:30|Then they sought to seize him, but no one laid a hand on him because his hour had not yet come.|Keeps attempted arrest, restraint, and hour.
7:31|Yet many from the crowd believed in him and said, “When the Messiah comes, will he perform more signs than this man has?”|Preserves crowd belief and sign-based rhetorical question.
7:32|The Pharisees heard the crowd whispering these things about him, so the chief priests and Pharisees sent temple officers to arrest him.|Keeps both leadership groups, report, officers, and arrest purpose.
7:33|Then Jesus said, “I am with you only a little longer, and then I am going to the one who sent me.|Preserves brief remaining presence, departure, and sender.
7:34|You will look for me but will not find me, and where I am, you cannot come.”|Keeps futile search and inability.
7:35|The Jewish leaders said to one another, “Where does this man intend to go that we will not find him? Does he intend to go to the Dispersion among the Greeks and teach the Greeks?|Clarifies leadership dialogue while preserving diaspora geography and two uses of Greeks.
7:36|What does he mean by saying, ‘You will look for me but will not find me,’ and, ‘Where I am, you cannot come’?”|Keeps quoted puzzle and repetition.
7:37|On the last and greatest day of the festival, Jesus stood and cried out, “If anyone is thirsty, let them come to me and drink.|Preserves festival climax, posture, loud invitation, thirst, and drink.
7:38|Whoever believes in me—as Scripture has said—rivers of living water will flow from within that person.”|Keeps faith, scriptural framing, rivers, living water, and interior source.
7:39|He said this about the Spirit, whom those who believed in him were going to receive. The Spirit had not yet been given, because Jesus had not yet been glorified.|Supplies “given” required by context while preserving faith, reception, and glory sequence.
7:40|When some in the crowd heard these words, they said, “This truly is the Prophet.”|Keeps partial crowd and title.
7:41|Others said, “This is the Messiah.” But some said, “Surely the Messiah does not come from Galilee, does he?|Preserves divided identifications and geographic objection.
7:42|Does not Scripture say that the Messiah comes from David’s offspring and from Bethlehem, the village where David lived?”|Keeps scriptural appeal, lineage, place, and David.
7:43|So the crowd was divided because of him.|Preserves schism and cause.
7:44|Some of them wanted to seize him, but no one laid hands on him.|Keeps intent and failed arrest.
7:45|Then the temple officers returned to the chief priests and Pharisees, who asked them, “Why did you not bring him?”|Preserves officers, both authorities, and accountability question.
7:46|The officers answered, “No one has ever spoken like this man.”|Keeps unprecedented speech and reluctant admiration.
7:47|The Pharisees replied, “Have you also been deceived?|Preserves contemptuous question.
7:48|Has any one of the rulers or Pharisees believed in him?|Keeps appeal to elite consensus.
7:49|But this crowd, which does not know the Law, is cursed.”|Retains leaders’ contempt and curse as their speech.
7:50|Nicodemus, the one who had gone to Jesus earlier and who was one of them, said,|Keeps name, prior encounter, and insider status.
7:51|“Does our Law judge a person without first hearing from him and learning what he is doing?”|Preserves legal due process and direct hearing.
7:52|They answered him, “You are not from Galilee too, are you? Search and see that no prophet arises from Galilee.”|Keeps insult, research challenge, and their contested claim.
7:53|⟦Then each person went to his own home,|Opens the pinned source’s double-bracketed passage and retains dispersal.
8:1|while Jesus went to the Mount of Olives.|Keeps contrasting movement and named place within bracketed passage.
8:2|Early in the morning he came again to the temple courts. All the people came to him, and he sat down and taught them.|Preserves time, return, whole audience, teaching posture, and action.
8:3|The scribes and Pharisees brought a woman who had been caught in adultery and made her stand in the middle of the group.|Keeps male authorities, coercive public exposure, her gender, and alleged act.
8:4|They said to him, testing him, “Teacher, this woman was caught in the very act of adultery.|Preserves stated motive, address, accusation, and claimed immediacy.
8:5|In the Law, Moses commanded us to stone women like this. So what do you say?”|Keeps legal appeal, threatened execution, and challenge as speakers’ claim.
8:6|They said this to test him, so that they would have grounds to accuse him. But Jesus bent down and wrote on the ground with his finger, appearing not to notice them.|Preserves trap, accusation purpose, embodied delay, writing, and variant-marked inattention phrase.
8:7|When they kept questioning him, he straightened up and told them, “Let the one among you who is without sin be the first to throw a stone at her.”|Keeps persistence, sin qualification, first-stone responsibility, and targeted woman.
8:8|Then he bent down again and wrote on the ground.|Preserves repeated gesture.
8:9|When they heard this and were convicted by their conscience, they went out one by one, beginning with the elders. Jesus was left alone with the woman standing in the middle.|Keeps source’s conscience phrase, orderly departure, elders, and exposed woman.
8:10|Jesus straightened up and, seeing no one except the woman, asked her, “Woman, where are they? Has no one condemned you?”|Preserves respectful address, absent accusers, and legal question.
8:11|She answered, “No one, Lord.” Jesus said, “Neither do I condemn you. Go, and from now on do not keep sinning.”⟧|Closes double-bracketed passage and keeps noncondemnation with ethical command.
8:12|Jesus spoke to them again: “I am the light of the world. Whoever follows me will certainly not walk in darkness but will have the light of life.”|Preserves self-identification, world scope, following, emphatic contrast, and life.
8:13|The Pharisees told him, “You are testifying about yourself; your testimony is not valid.”|Keeps legal challenge and self-witness.
8:14|Jesus answered, “Even if I testify about myself, my testimony is true, because I know where I came from and where I am going. But you do not know where I come from or where I am going.|Preserves self-knowledge and opponents’ double ignorance.
8:15|You judge according to the flesh; I judge no one.|Keeps flesh-based judgment and Jesus’ present mission statement.
8:16|Yet even if I do judge, my judgment is true, because I am not alone; I am with the Father who sent me.|Preserves qualified judgment, truth, companionship, Father, and sending.
8:17|Even in your Law it is written that the testimony of two people is valid.|Keeps appeal to their acknowledged Law and exact witnesses.
8:18|I testify about myself, and the Father who sent me testifies about me.”|Preserves two witnesses and sending.
8:19|Then they asked him, “Where is your father?” Jesus answered, “You know neither me nor my Father. If you knew me, you would know my Father also.”|Keeps misunderstanding, double nonknowledge, and mutual revelation.
8:20|He spoke these words while teaching near the treasury in the temple courts. Yet no one arrested him, because his hour had not yet come.|Preserves place, teaching, failed arrest, and hour.
8:21|He told them again, “I am going away. You will look for me, and you will die in your sin. Where I am going, you cannot come.”|Keeps departure, search, singular sin, death, and inability.
8:22|So the Jewish leaders asked, “He is not going to kill himself, is he, since he says, ‘Where I am going, you cannot come’?”|Clarifies adversarial leadership context and preserves suicidal misunderstanding.
8:23|He told them, “You are from below; I am from above. You are from this world; I am not from this world.|Keeps below-above and world-origin contrasts.
8:24|That is why I told you that you will die in your sins. Unless you believe that I am, you will die in your sins.”|Preserves plural sins, egō eimi without supplied predicate, and repeated warning.
8:25|They asked him, “Who are you?” Jesus replied, “Why am I speaking to you at all?|Renders the notoriously difficult phrase as exasperated question while retaining identity context.
8:26|I have much to say and judge concerning you. But the one who sent me is true, and I speak to the world what I heard from him.”|Keeps judgment, sender, truth, hearing, and world-directed speech.
8:27|They did not understand that he was speaking to them about the Father.|Preserves narrator’s clarification.
8:28|So Jesus said, “When you lift up the Son of Man, then you will know that I am, and that I do nothing on my own but speak these things just as the Father taught me.|Keeps crucifixion-exaltation, egō eimi, dependence, and teaching.
8:29|The one who sent me is with me. He has not left me alone, because I always do what pleases him.”|Preserves divine presence, nonabandonment, and constant pleasing action.
8:30|As he said these things, many believed in him.|Keeps speech and response.
8:31|Then Jesus said to the Jewish people who had believed him, “If you remain in my word, you are truly my disciples.|Preserves hearers’ Jewish identity, initial belief, conditional abiding, and true discipleship.
8:32|You will know the truth, and the truth will set you free.”|Keeps knowledge, truth, and liberation.
8:33|They answered him, “We are Abraham’s offspring and have never been enslaved to anyone. How can you say, ‘You will become free’?”|Preserves lineage claim, historically charged denial, and question.
8:34|Jesus answered them, “Truly, truly, I tell you, everyone who practices sin is a slave of sin.|Keeps solemn assurance, ongoing sin, and slavery metaphor.
8:35|A slave does not remain in the household forever, but a son remains forever.|Preserves household status and permanence contrast.
8:36|So if the Son sets you free, you will truly be free.|Keeps filial liberator and genuine freedom.
8:37|I know that you are Abraham’s offspring. Yet you are trying to kill me because my word finds no room in you.|Affirms physical descent while contrasting lethal intent and unreceptive interior.
8:38|I speak what I have seen with the Father, and you do what you have heard from your father.”|Preserves contrasting sources of speech and action.
8:39|They answered him, “Abraham is our father.” Jesus told them, “If you were Abraham’s children, you would do Abraham’s works.|Keeps claimed fatherhood and deeds-based challenge.
8:40|But now you are trying to kill me, a man who has told you the truth I heard from God. Abraham did not do this.|Preserves Jesus’ humanity, divine-heard truth, murder attempt, and contrast.
8:41|You are doing your father’s works.” They told him, “We were not born from sexual immorality. We have one Father—God.”|Keeps insinuated sexual insult/defense and divine father claim.
8:42|Jesus told them, “If God were your Father, you would love me, because I came from God and am here. I did not come on my own; he sent me.|Preserves love test, divine origin, presence, and mission.
8:43|Why do you not understand what I say? Because you cannot listen to my word.|Keeps speech-word distinction and inability to hear.
8:44|You are from your father the devil, and you want to carry out your father’s desires. He was a murderer from the beginning and did not stand in the truth, because there is no truth in him. When he speaks a lie, he speaks from his own nature, because he is a liar and the father of lies.|Keeps charge directed at present opponents, devil, murder, truth, lying, and paternity without racial generalization.
8:45|But because I tell the truth, you do not believe me.|Preserves paradoxical reason for unbelief.
8:46|Which of you can prove me guilty of sin? If I speak truth, why do you not believe me?|Keeps public challenge, sinlessness, truth, and belief question.
8:47|Whoever is from God listens to God’s words. The reason you do not listen is that you are not from God.”|Preserves origin-hearing relation and direct accusation.
8:48|The Jewish leaders answered him, “Are we not right in saying that you are a Samaritan and have a demon?”|Clarifies adversarial speakers while retaining ethnic slur and demon accusation.
8:49|Jesus answered, “I do not have a demon. I honor my Father, but you dishonor me.|Keeps denial and honor-dishonor contrast.
8:50|I do not seek my own glory; there is one who seeks it and judges.|Preserves self-restraint and divine seeker-judge.
8:51|Truly, truly, I tell you, whoever keeps my word will certainly never see death.”|Keeps solemn assurance, guarding word, and emphatic death promise.
8:52|The leaders told him, “Now we know that you have a demon. Abraham died, and so did the prophets, yet you say, ‘Whoever keeps my word will certainly never taste death.’|Keeps accusation, ancestors’ deaths, quoted promise, and taste image.
8:53|Are you greater than our father Abraham, who died? The prophets died too. Who do you make yourself out to be?”|Preserves greatness challenge, shared ancestry claim, and identity accusation.
8:54|Jesus answered, “If I glorify myself, my glory means nothing. My Father is the one who glorifies me—the one you say is our God.|Keeps conditional self-glory, Father, and shared verbal claim to God.
8:55|You have not known him, but I know him. If I said I do not know him, I would be a liar like you. But I know him and keep his word.|Preserves knowledge contrast, truth obligation, accusation, and obedience.
8:56|Your father Abraham rejoiced that he would see my day. He saw it and was glad.”|Keeps shared patriarch, forward-looking joy, sight, and fulfillment.
8:57|The leaders said to him, “You are not yet fifty years old, and you have seen Abraham?”|Keeps approximate age threshold and incredulous temporal question.
8:58|Jesus told them, “Truly, truly, I tell you, before Abraham came into being, I am.”|Preserves solemn saying, contrasting verbs, preexistence, and egō eimi.
8:59|Then they picked up stones to throw at him, but Jesus hid himself and left the temple courts.|Keeps lethal response, concealment, and exit.
9:1|As Jesus passed by, he saw a man who had been blind from birth.|Preserves Jesus’ sight, man’s gender, and lifelong blindness.
9:2|His disciples asked him, “Rabbi, who sinned, this man or his parents, so that he was born blind?”|Keeps title, causal assumption, man, parents, and congenital condition.
9:3|Jesus answered, “Neither this man nor his parents sinned. Rather, this happened so that God’s works might be revealed in him.|Rejects blame of man and parents while preserving divine-work purpose without turning disability into guilt.
9:4|We must do the works of the one who sent me while it is day. Night is coming when no one can work.|Keeps plural mission, sender, day-night image, and urgency.
9:5|As long as I am in the world, I am the light of the world.”|Preserves temporal presence and self-identification.
9:6|After saying this, he spat on the ground, made mud with the saliva, and spread the mud on the man’s eyes.|Keeps physical materials, sequence, and embodied action.
9:7|He told him, “Go wash in the pool of Siloam” (which means Sent). So the man went, washed, and came back seeing.|Preserves named pool, translation, obedient movement, and restored sight.
9:8|His neighbors and those who had seen him before as a beggar asked, “Is this not the man who used to sit and beg?”|Keeps community recognition, prior livelihood, posture, and question.
9:9|Some said, “It is he.” Others said, “No, but he looks like him.” The man kept saying, “I am the one.”|Preserves divided identification and his repeated self-testimony.
9:10|So they asked him, “How were your eyes opened?”|Keeps direct question and opening-eyes language.
9:11|He answered, “The man called Jesus made mud, spread it on my eyes, and told me, ‘Go to Siloam and wash.’ So I went, washed, and received my sight.”|Preserves Jesus’ name and the man’s complete action-healing account.
9:12|They asked him, “Where is this man?” He said, “I do not know.”|Keeps location question and honest ignorance.
9:13|They brought the man who had formerly been blind to the Pharisees.|Preserves changed condition and movement to leaders.
9:14|The day when Jesus made the mud and opened the man’s eyes was a Sabbath.|Keeps both actions and Sabbath setting.
9:15|So the Pharisees also asked him again how he had received his sight. He told them, “He put mud on my eyes, I washed, and now I see.”|Preserves repeated interrogation and concise testimony.
9:16|Some Pharisees said, “This man is not from God, because he does not keep the Sabbath.” But others said, “How can a sinful man perform such signs?” So they were divided.|Keeps internal disagreement, Sabbath charge, sign argument, and division.
9:17|They asked the man who had been blind again, “What do you say about him, since he opened your eyes?” He answered, “He is a prophet.”|Preserves man’s agency, basis, and growing confession.
9:18|The Jewish authorities did not believe that he had been blind and received his sight until they summoned the parents of the man who now saw.|Clarifies investigative leadership and keeps disbelief, healing, and parents.
9:19|They asked them, “Is this your son, whom you say was born blind? How, then, does he now see?”|Keeps parentage, congenital blindness, and present sight.
9:20|His parents answered, “We know that this is our son and that he was born blind.|Preserves firm family testimony.
9:21|But we do not know how he now sees, or who opened his eyes. Ask him. He is of age and can speak for himself.”|Keeps limits of knowledge and adult man’s voice.
9:22|His parents said this because they were afraid of the Jewish authorities, who had already agreed that anyone who confessed Jesus as Messiah would be put out of the synagogue.|Clarifies leaders, fear, coercive agreement, confession, and exclusion.
9:23|That is why his parents said, “He is of age; ask him.”|Preserves narrator’s motive link and repeated appeal.
9:24|So for a second time they summoned the man who had been blind and told him, “Give glory to God! We know that this man is a sinner.”|Keeps exact interrogation, solemn demand, and asserted verdict.
9:25|He answered, “Whether he is a sinner, I do not know. One thing I know: I was blind, and now I see.”|Preserves epistemic restraint and undeniable testimony.
9:26|They asked him, “What did he do to you? How did he open your eyes?”|Keeps repeated questions and physical opening image.
9:27|He answered them, “I already told you, and you did not listen. Why do you want to hear it again? You do not want to become his disciples too, do you?”|Preserves leaders’ failed listening and man’s bold ironic question.
9:28|They insulted him and said, “You are that man’s disciple, but we are Moses’ disciples.|Keeps verbal abuse and claimed disciple identities.
9:29|We know that God spoke to Moses, but as for this man, we do not know where he comes from.”|Preserves knowledge contrast and contemptuous designation.
9:30|The man answered them, “This is astonishing! You do not know where he comes from, yet he opened my eyes.|Keeps irony, leaders’ ignorance, and healing fact.
9:31|We know that God does not listen to sinners, but he does listen to anyone who worships God and does his will.|Reports the healed man’s theological reasoning without turning his words into narrator endorsement.
9:32|Never since the world began has anyone heard of someone opening the eyes of a person born blind.|Keeps unprecedented claim and congenital condition.
9:33|If this man were not from God, he could do nothing.”|Preserves inference from divine origin.
9:34|They answered him, “You were born entirely in sins, and you are teaching us?” Then they threw him out.|Keeps stigmatizing accusation, elitism, and expulsion.
9:35|Jesus heard that they had thrown the man out. When he found him, he asked, “Do you believe in the Son of Man?”|Preserves Jesus’ pursuit after exclusion and pinned title.
9:36|He answered, “Who is he, sir, so that I may believe in him?”|Keeps open question and purpose.
9:37|Jesus told him, “You have seen him; in fact, he is the one speaking with you.”|Preserves newly possible sight and immediate identification.
9:38|He said, “Lord, I believe,” and he worshiped Jesus.|Keeps confession and embodied worship.
9:39|Jesus said, “I came into this world for judgment, so that those who do not see may see, and those who see may become blind.”|Preserves reversal and metaphor’s relation to physical sight without conflating disability and guilt.
9:40|Some Pharisees who were with him heard this and asked, “We are not blind too, are we?”|Keeps nearby opponents and self-defensive question.
9:41|Jesus told them, “If you were blind, you would not have sin. But now that you say, ‘We see,’ your sin remains.”|Preserves metaphorical claim, their asserted sight, and abiding sin while closing Jesus’ reply.
10:1|“Truly, truly, I tell you, anyone who does not enter the sheepfold through the gate but climbs in some other way is a thief and a robber.|Keeps solemn saying, fold, gate, climbing, and two predatory roles.
10:2|But the one who enters through the gate is the shepherd of the sheep.|Preserves legitimate entrance and shepherd identity.
10:3|The gatekeeper opens for him, and the sheep hear his voice. He calls his own sheep by name and leads them out.|Keeps gatekeeper, hearing, individual names, belonging, and leading.
10:4|When he has brought out all his own, he goes ahead of them, and the sheep follow him because they know his voice.|Preserves complete gathering, leadership, following, and recognition.
10:5|They will certainly not follow a stranger but will run away, because they do not know strangers’ voices.”|Keeps emphatic refusal, flight, and voice distinction.
10:6|Jesus used this figure of speech with them, but they did not understand what he was telling them.|Preserves literary label and misunderstanding.
10:7|So Jesus told them again, “Truly, truly, I tell you, I am the gate for the sheep.|Keeps solemn repetition and self-identification.
10:8|All who came before me were thieves and robbers, but the sheep did not listen to them.|Retains severe claim while keeping it within the figure’s false claimants, not all prior faithful leaders.
10:9|I am the gate. Whoever enters through me will be saved, and will come in and go out and find pasture.|Preserves salvation, free movement, and pasture.
10:10|The thief comes only to steal, kill, and destroy. I came so that they may have life and have it abundantly.|Keeps three destructive actions and abundant-life contrast.
10:11|I am the good shepherd. The good shepherd lays down his life for the sheep.|Preserves self-identification and voluntary sacrificial life.
10:12|The hired worker, who is not the shepherd and does not own the sheep, sees the wolf coming, abandons the sheep, and runs away. Then the wolf snatches and scatters them.|Keeps worker’s status, wolf, abandonment, flight, seizure, and scattering.
10:13|He runs because he is a hired worker and does not care about the sheep.|Preserves motive and lack of care.
10:14|I am the good shepherd. I know my own, and my own know me,|Keeps repeated identity and mutual knowledge.
10:15|just as the Father knows me and I know the Father. And I lay down my life for the sheep.|Preserves Father-Son analogy and sacrificial action.
10:16|I have other sheep that are not from this fold. I must bring them too, and they will listen to my voice. Then there will be one flock, one shepherd.|Keeps other sheep, divine necessity, voice, and unity without erasing distinct origins.
10:17|This is why the Father loves me: because I lay down my life so that I may take it up again.|Preserves love, voluntary death, purpose, and recovered life.
10:18|No one takes it from me; I lay it down of my own accord. I have authority to lay it down and authority to take it up again. I received this command from my Father.”|Keeps agency, repeated authority, resurrection, command, and Father.
10:19|The Jewish hearers were divided again because of these words.|Identifies immediate audience and preserves renewed division.
10:20|Many of them said, “He has a demon and is out of his mind. Why listen to him?”|Keeps abusive diagnosis and dismissal as their words.
10:21|Others said, “These are not the words of someone demon-possessed. Can a demon open blind people’s eyes?”|Preserves counterargument and link to chapter 9.
10:22|Then the Festival of Dedication took place in Jerusalem. It was winter,|Keeps festival, city, and season.
10:23|and Jesus was walking in the temple courts in Solomon’s Colonnade.|Preserves location and movement.
10:24|The Jewish leaders gathered around him and said, “How long will you keep us in suspense? If you are the Messiah, tell us plainly.”|Clarifies confrontational group and keeps encirclement, suspense, and demand.
10:25|Jesus answered them, “I told you, but you do not believe. The works I do in my Father’s name testify about me.|Preserves prior speech, unbelief, works, Father’s name, and witness.
10:26|But you do not believe because you are not among my sheep.|Keeps causal relation within the metaphor.
10:27|My sheep listen to my voice. I know them, and they follow me.|Preserves hearing, knowledge, and discipleship.
10:28|I give them eternal life. They will certainly never perish, and no one will snatch them out of my hand.|Keeps gift, emphatic security, and hand image.
10:29|What my Father has given me is greater than everything, and no one can snatch it out of the Father’s hand.|Preserves difficult neuter gift reading, supreme greatness, and shared security.
10:30|I and the Father are one.”|Keeps plural persons and singular unity.
10:31|The leaders picked up stones again to stone him.|Clarifies recurring opponents and lethal action.
10:32|Jesus responded, “I showed you many good works from the Father. For which of these works are you stoning me?”|Keeps works’ goodness and source, plurality, and question.
10:33|They answered, “We are not stoning you for a good work, but for blasphemy—because you, a human being, make yourself God.”|Preserves charge, Jesus’ humanity, and claimed deity.
10:34|Jesus replied, “Is it not written in your Law, ‘I said, you are gods’?|Keeps scriptural question and startling plural.
10:35|If Scripture called those to whom God’s word came ‘gods’—and Scripture cannot be undone—|Preserves conditional argument, divine word, and scriptural durability.
10:36|then why do you say, ‘You are blaspheming,’ when the one the Father set apart and sent into the world says, ‘I am God’s Son’?|Keeps sanctifying, sending, world, accusation, and filial claim.
10:37|If I am not doing my Father’s works, do not believe me.|Preserves works-based test.
10:38|But if I am doing them, even if you do not believe me, believe the works, so that you may know and continue knowing that the Father is in me and I am in the Father.”|Keeps concessive appeal, works, growing knowledge, and mutual indwelling.
10:39|Again they tried to arrest him, but he escaped from their hands.|Preserves renewed seizure attempt and escape.
10:40|He went back across the Jordan to the place where John had first been baptizing, and he stayed there.|Keeps return, river, John’s earlier work, and abiding.
10:41|Many people came to him and said, “John did not perform any sign, but everything John said about this man was true.”|Preserves John’s lack of signs, verbal witness, and confirmation.
10:42|And many believed in Jesus there.|Keeps place and widespread belief.
11:1|A man named Lazarus was sick. He was from Bethany, the village of Mary and her sister Martha.|Preserves name, gender, illness, place, and sisters.
11:2|This was the Mary who anointed the Lord with perfumed oil and wiped his feet with her hair; it was her brother Lazarus who was sick.|Keeps narrator’s forward identification, embodied act, family relation, and illness.
11:3|So the sisters sent word to Jesus: “Lord, look, the one you love is sick.”|Preserves sisters’ initiative, title, love, and understated request.
11:4|When Jesus heard this, he said, “This illness will not end in death but is for God’s glory, so that God’s Son may be glorified through it.”|Keeps death’s nonfinality, divine glory, filial glory, and means.
11:5|Jesus loved Martha, her sister, and Lazarus.|Names Martha first and keeps love for all three.
11:6|Yet when he heard that Lazarus was sick, he stayed where he was two more days.|Preserves surprising consequence, delay, place, and exact duration.
11:7|Then after this he told the disciples, “Let us go back to Judea.”|Keeps sequence, collective movement, and dangerous destination.
11:8|The disciples said, “Rabbi, the Jewish authorities were just now trying to stone you, and you are going there again?”|Clarifies hostile leaders and keeps recent lethal threat.
11:9|Jesus answered, “Are there not twelve hours of daylight? If anyone walks during the day, they do not stumble, because they see by this world’s light.|Keeps exact hours, walking, stumbling, and world’s light.
11:10|But if anyone walks at night, they stumble because the light is not in them.”|Preserves night, stumbling, and inward light.
11:11|After saying this, he told them, “Our friend Lazarus has fallen asleep, but I am going to wake him.”|Keeps friendship, sleep metaphor, journey, and waking.
11:12|The disciples said, “Lord, if he has fallen asleep, he will recover.”|Preserves misunderstanding and save/recover sense.
11:13|Jesus had spoken about Lazarus’s death, but they thought he meant natural sleep.|Keeps narrator’s clarification and wordplay.
11:14|Then Jesus told them plainly, “Lazarus has died.|Preserves direct disclosure.
11:15|For your sake I am glad I was not there, so that you may believe. But let us go to him.”|Keeps difficult joy’s disciple-directed purpose and movement toward the dead friend.
11:16|Then Thomas, who was called Twin, said to his fellow disciples, “Let us go too, so that we may die with him.”|Preserves translated name, shared discipleship, courage or pessimism, and death.
11:17|When Jesus arrived, he found that Lazarus had already been in the tomb four days.|Keeps arrival, discovery, tomb, and exact duration.
11:18|Bethany was near Jerusalem, about fifteen stadia away,|Preserves proximity and ancient distance.
11:19|and many Jewish people had come to Martha and Mary to comfort them about their brother.|Keeps communal mourners, named sisters, comfort, and family loss.
11:20|When Martha heard that Jesus was coming, she went to meet him, while Mary remained seated in the house.|Preserves sisters’ distinct actions and customary mourning posture.
11:21|Martha told Jesus, “Lord, if you had been here, my brother would not have died.|Keeps grief, faith, counterfactual, and relationship.
11:22|But even now I know that God will give you whatever you ask him.”|Preserves continuing confidence and prayer relation.
11:23|Jesus told her, “Your brother will rise.”|Keeps concise resurrection promise.
11:24|Martha replied, “I know that he will rise in the resurrection on the last day.”|Preserves informed eschatological faith.
11:25|Jesus told her, “I am the resurrection and the life. Whoever believes in me will live even if they die,|Keeps self-identification, faith, death, and life.
11:26|and everyone who lives and believes in me will certainly never die. Do you believe this?”|Preserves emphatic promise and direct invitation to Martha’s faith.
11:27|She told him, “Yes, Lord. I have come to believe that you are the Messiah, the Son of God, the one coming into the world.”|Keeps Martha’s completed confession and three titles.
11:28|After saying this, she went and called her sister Mary privately, saying, “The Teacher is here and is calling for you.”|Preserves quiet summons, family relation, title, and Jesus’ call.
11:29|When Mary heard this, she got up quickly and went to him.|Keeps prompt embodied response.
11:30|Jesus had not yet entered the village but was still at the place where Martha had met him.|Preserves location continuity.
11:31|The Jewish mourners who were with Mary in the house comforting her saw her get up quickly and go out. They followed her, thinking she was going to the tomb to weep there.|Keeps mourners’ identity and care, observation, inference, and following.
11:32|When Mary reached the place where Jesus was and saw him, she fell at his feet and said, “Lord, if you had been here, my brother would not have died.”|Preserves sight, prostration, repeated lament, and relationship.
11:33|When Jesus saw her weeping, and the Jewish mourners who came with her also weeping, he was deeply moved in spirit and troubled himself.|Keeps communal grief and Jesus’ strong, partly indignant inner response without reducing it to sadness.
11:34|He asked, “Where have you laid him?” They said, “Lord, come and see.”|Preserves question, burial, invitation, and sight.
11:35|Jesus wept.|Keeps brief explicit grief.
11:36|So the mourners said, “See how he loved him!”|Preserves observers’ interpretation and friendship.
11:37|But some of them said, “Could not the one who opened the blind man’s eyes also have kept this man from dying?”|Keeps sign connection and painful counterfactual.
11:38|Deeply moved again within himself, Jesus came to the tomb. It was a cave with a stone lying against it.|Preserves repeated intense emotion, cave, and stone.
11:39|Jesus said, “Remove the stone.” Martha, the dead man’s sister, told him, “Lord, by now there will be a smell, because it has been four days.”|Keeps command, Martha’s relation, bodily decay, and exact time.
11:40|Jesus said to her, “Did I not tell you that if you believed, you would see God’s glory?”|Preserves faith, sight, and divine glory.
11:41|So they removed the stone. Jesus looked upward and said, “Father, I thank you that you have heard me.|Keeps human action, gaze, Father, thanks, and answered prayer.
11:42|I knew that you always hear me, but I said this because of the crowd standing around, so that they may believe that you sent me.”|Preserves constant hearing, public purpose, faith, and sending.
11:43|After saying this, he cried out in a loud voice, “Lazarus, come out!”|Keeps name, volume, and direct command.
11:44|The man who had died came out, his feet and hands bound with strips of cloth and his face wrapped in a cloth. Jesus told them, “Unbind him and let him go.”|Preserves death, embodied emergence, burial wrappings, community action, and release.
11:45|Therefore, many of the Jewish people who had come to Mary and saw what Jesus did believed in him.|Keeps witnesses, Mary, sign, and belief.
11:46|But some of them went to the Pharisees and told them what Jesus had done.|Preserves contrasting report and leadership recipients.
11:47|So the chief priests and Pharisees convened the council and said, “What are we doing? This man is performing many signs.|Keeps both groups, formal council, concern, and admitted signs.
11:48|If we let him continue like this, everyone will believe in him, and the Romans will come and take away both our place and our nation.”|Preserves political fear, belief, Rome, place ambiguity, and nation.
11:49|But one of them, Caiaphas, who was high priest that year, told them, “You know nothing at all.|Keeps name, office, time, and contempt.
11:50|You do not consider that it is better for you that one man die for the people than that the whole nation perish.”|Preserves expedient substitution, people, nation, and lethal policy.
11:51|He did not say this on his own; as high priest that year, he prophesied that Jesus was going to die for the nation,|Keeps narrator’s prophetic irony, office, death, and nation.
11:52|and not for the nation alone, but also to gather into one God’s scattered children.|Preserves widened purpose, gathering, unity, and dispersed children.
11:53|So from that day on, they planned to kill him.|Keeps decisive timeline and conspiracy.
11:54|Therefore Jesus no longer moved about publicly among the Judeans. Instead, he left there for the region near the wilderness, to a town called Ephraim, and stayed there with his disciples.|Uses regional sense for Ioudaioi, preserving concealment, wilderness, named town, and companions.
11:55|The Jewish Passover was near, and many people from the countryside went up to Jerusalem before Passover to purify themselves.|Keeps festival, pilgrimage, timing, and purification.
11:56|They kept looking for Jesus and, while standing in the temple courts, asked one another, “What do you think? Surely he will not come to the festival, will he?”|Preserves search, place, mutual speculation, and emphatic doubt.
11:57|The chief priests and Pharisees had given orders that anyone who knew where Jesus was should report it so they could arrest him.|Keeps both groups, public order, reporting, and arrest purpose.
12:1|Six days before Passover, Jesus came to Bethany, where Lazarus lived—the man Jesus had raised from the dead.|Preserves exact date, festival, place, name, and resurrection.
12:2|They gave a dinner for Jesus there. Martha was serving, and Lazarus was among those reclining at the table with him.|Keeps hospitality, Martha’s service, Lazarus, and banquet posture.
12:3|Then Mary took a litra of expensive perfume made from pure nard, anointed Jesus’ feet, and wiped his feet with her hair. The house was filled with the perfume’s fragrance.|Preserves woman’s name, ancient amount, value, material, embodied devotion, and sensory effect.
12:4|But Judas Iscariot, one of Jesus’ disciples—the one who was going to betray him—said,|Keeps full identity, insider status, and future betrayal.
12:5|“Why was this perfume not sold for three hundred denarii and the money given to the poor?”|Preserves exact valuation and stated concern.
12:6|He said this not because he cared about the poor, but because he was a thief. He kept the common money box and stole what was put into it.|Keeps narrator’s motive, theft, entrusted funds, and embezzlement sense.
12:7|Jesus said, “Leave her alone, so that she may keep it for the day of my burial.|Preserves defense of Mary and difficult keeping-burial relation.
12:8|For you always have the poor with you, but you do not always have me.”|Keeps enduring poor presence and limited physical presence without dismissing poverty.
12:9|A large crowd of Jewish people learned that Jesus was there and came not only because of him but also to see Lazarus, whom he had raised from the dead.|Keeps crowd identity, dual purpose, sight, and resurrection.
12:10|So the chief priests planned to kill Lazarus too,|Preserves leadership conspiracy and second target.
12:11|because on account of him many Jewish people were leaving them and believing in Jesus.|Keeps Lazarus’s effect, departure from leaders, and belief.
12:12|The next day, the large crowd that had come to the festival heard that Jesus was coming to Jerusalem.|Preserves sequence, pilgrims, report, movement, and city.
12:13|They took palm branches and went out to meet him, shouting, “Hosanna! Blessed is the one who comes in the Lord’s name—the King of Israel!”|Keeps palms, public reception, untranslated plea-praise, scriptural blessing, and royal title.
12:14|Jesus found a young donkey and sat on it, as it is written:|Preserves Jesus’ action, animal, posture, and Scripture.
12:15|“Do not be afraid, daughter Zion. Look, your king is coming, seated on a donkey’s colt.”|Keeps feminine city address, reassurance, king, and humble animal.
12:16|His disciples did not understand these things at first. But when Jesus was glorified, they remembered that these things had been written about him and had been done to him.|Preserves initial nonunderstanding, later glory, memory, Scripture, and events.
12:17|The crowd that had been with Jesus when he called Lazarus from the tomb and raised him from the dead continued to testify.|Keeps eyewitness group, call, tomb, resurrection, and ongoing witness.
12:18|That is also why the crowd went to meet him: they heard he had performed this sign.|Preserves sign-report as motive.
12:19|So the Pharisees said to one another, “You see that you are accomplishing nothing. Look, the world has gone after him!”|Keeps internal frustration and hyperbolic world statement.
12:20|Some Greeks were among those going up to worship at the festival.|Preserves ethnic identity, pilgrimage, worship, and festival.
12:21|They came to Philip, who was from Bethsaida in Galilee, and asked him, “Sir, we want to see Jesus.”|Keeps mediator, place, respectful address, and desire.
12:22|Philip went and told Andrew; then Andrew and Philip went and told Jesus.|Preserves chain of approach and both names.
12:23|Jesus answered them, “The hour has come for the Son of Man to be glorified.|Keeps hour, title, and glory.
12:24|Truly, truly, I tell you, unless a grain of wheat falls into the ground and dies, it remains alone. But if it dies, it bears much fruit.|Preserves solemn agricultural image, death, aloneness, and fruitfulness.
12:25|Whoever loves their life loses it, but whoever hates their life in this world will keep it for eternal life.|Keeps stark love-hate contrast, this world, keeping, and eternal life.
12:26|If anyone serves me, that person must follow me; where I am, my servant will also be. If anyone serves me, the Father will honor that person.|Preserves service, following, presence, repetition, and Father’s honor.
12:27|“Now my soul is troubled. What should I say—‘Father, save me from this hour’? But this is the very reason I came to this hour.|Keeps real distress, prayer possibility, hour, and accepted purpose.
12:28|Father, glorify your name.” Then a voice came from heaven: “I have glorified it, and I will glorify it again.”|Preserves prayer, name, heavenly voice, past and future glory.
12:29|The crowd standing there heard it and said it had thundered. Others said, “An angel has spoken to him.”|Keeps auditory event and two interpretations.
12:30|Jesus answered, “This voice came not for my sake but for yours.|Preserves audience-directed purpose.
12:31|Now is the judgment of this world; now the ruler of this world will be driven out.|Keeps repeated now, judgment, ruler, and expulsion.
12:32|And when I am lifted up from the earth, I will draw everyone to myself.”|Preserves conditional exaltation/crucifixion and universal drawing.
12:33|He said this to indicate what kind of death he was about to die.|Keeps narrator’s interpretation and manner of death.
12:34|The crowd answered him, “We have heard from the Law that the Messiah remains forever. So how can you say that the Son of Man must be lifted up? Who is this Son of Man?”|Preserves scriptural claim, permanence, necessity, lifting, and identity question.
12:35|Jesus told them, “The light is among you a little while longer. Walk while you have the light, so that darkness does not overtake you. Whoever walks in darkness does not know where they are going.|Keeps limited time, walking, light, overtaking darkness, and disorientation.
12:36|While you have the light, believe in the light, so that you may become children of light.” After Jesus said these things, he left and hid from them.|Preserves faith, filial identity, departure, and concealment.
12:37|Although he had performed so many signs in their presence, they did not believe in him.|Keeps abundance of witnessed signs and unbelief.
12:38|This fulfilled the word of the prophet Isaiah: “Lord, who has believed our report? And to whom has the Lord’s arm been revealed?”|Preserves fulfillment, Isaiah, report, arm image, and revelation.
12:39|For this reason they were unable to believe, because Isaiah also said,|Keeps narrator’s difficult inability claim and second citation.
12:40|“He has blinded their eyes and hardened their heart, so that they might not see with their eyes, understand with their heart, turn, and I would heal them.”|Preserves divine-agent wording, sensory-heart sequence, turning, and healing without resolving responsibility.
12:41|Isaiah said these things because he saw Jesus’ glory and spoke about him.|Makes pronoun referent clear while retaining Isaianic vision and speech.
12:42|Nevertheless, even many of the rulers believed in him. But because of the Pharisees they did not confess it, so that they would not be put out of the synagogue.|Keeps elite belief, fear, failed confession, and exclusion.
12:43|For they loved human glory more than God’s glory.|Preserves comparative loves and glory source.
12:44|Jesus cried out, “Whoever believes in me believes not only in me but in the one who sent me,|Keeps loud speech, faith, and sender relation.
12:45|and whoever sees me sees the one who sent me.|Preserves revelatory sight and sending.
12:46|I have come into the world as light so that everyone who believes in me will not remain in darkness.|Keeps coming, world, light, universal faith, and nonabiding darkness.
12:47|If anyone hears my words and does not keep them, I do not judge that person. For I did not come to judge the world but to save the world.|Preserves hearing, guarding, present mission, and world salvation.
12:48|Whoever rejects me and does not receive my words has a judge: the word I spoke will judge that person on the last day.|Keeps rejection, words, future judgment, and last day.
12:49|For I did not speak on my own; the Father who sent me has himself commanded me what to say and how to speak.|Preserves dependence, Father, sending, command, content, and manner.
12:50|And I know that his command is eternal life. So whatever I speak, I speak just as the Father has told me.”|Keeps command-life identity and exact obedience in speech.
13:1|Before the Passover festival, Jesus knew that his hour had come to leave this world and go to the Father. Having loved his own who were in the world, he loved them to the very end.|Preserves the temporal setting, Jesus’ knowledge, departure, belonging, and the phrase that can mean both to the end and utterly.
13:2|During supper, the devil had already put it into the heart of Judas, son of Simon Iscariot, to betray Jesus.|Keeps the meal setting, devil’s agency, Judas’s full identification, and betrayal intent.
13:3|Jesus knew that the Father had given everything into his hands, and that he had come from God and was going to God.|Preserves Jesus’ knowledge, comprehensive authority, origin, and destination.
13:4|So he got up from supper, laid aside his outer garments, and tied a towel around himself.|Keeps the linked action sequence and concrete clothing details.
13:5|Then he poured water into a basin and began to wash the disciples’ feet and dry them with the towel tied around him.|Preserves the humble physical actions and repeated towel detail.
13:6|He came to Simon Peter, who said to him, “Lord, are you going to wash my feet?”|Keeps Peter’s startled question and the emphatic relationship between Lord and disciple.
13:7|Jesus answered him, “You do not understand now what I am doing, but afterward you will understand.”|Preserves the contrast between present incomprehension and later knowledge.
13:8|Peter said to him, “You will never wash my feet!” Jesus answered, “Unless I wash you, you have no share with me.”|Keeps Peter’s emphatic refusal and Jesus’ condition about participation with him.
13:9|Simon Peter said to him, “Lord, then not only my feet, but also my hands and my head!”|Preserves Peter’s expansive response and the three body parts.
13:10|Jesus said to him, “Someone who has bathed needs only to wash his feet, but is completely clean. And you are clean—but not all of you.”|Keeps the distinction between bathing and footwashing and the ominous qualification.
13:11|For he knew who would betray him. That is why he said, “Not all of you are clean.”|Preserves Jesus’ prior knowledge and the narrator’s explanation.
13:12|After he had washed their feet, put on his garments, and reclined at the table again, he said to them, “Do you understand what I have done for you?|Keeps the completed actions, return to the meal posture, and interpretive question.
13:13|You call me ‘Teacher’ and ‘Lord,’ and rightly so, because that is what I am.|Preserves both titles, the disciples’ speech, and Jesus’ affirmation.
13:14|So if I, your Lord and Teacher, have washed your feet, you also ought to wash one another’s feet.|Keeps the inference, reversed title order, concrete example, and mutual obligation.
13:15|For I have given you an example so that you should do just as I have done for you.|Preserves example, purpose, and the pattern of Jesus’ action.
13:16|Truly, truly, I tell you: a slave is not greater than his master, nor is a messenger greater than the one who sent him.|Keeps the double amen, social hierarchy, messenger, and sender relation.
13:17|If you know these things, you are blessed if you do them.|Preserves the condition and the movement from knowledge to practice.
13:18|I am not speaking about all of you. I know those I have chosen. But the Scripture must be fulfilled: ‘The one who ate my bread has lifted his heel against me.’|Keeps the limitation, election, fulfillment, shared bread, and hostile heel image.
13:19|I am telling you now, before it happens, so that when it happens you may believe that I am he.|Preserves prediction, fulfillment, and the absolute identity claim.
13:20|Truly, truly, I tell you: whoever receives anyone I send receives me, and whoever receives me receives the one who sent me.”|Keeps the double amen and the linked chain of receiving and sending.
13:21|After saying these things, Jesus was deeply troubled in spirit and testified, “Truly, truly, I tell you: one of you will betray me.”|Preserves Jesus’ inward disturbance, solemn witness, double amen, and betrayal announcement.
13:22|The disciples looked at one another, uncertain which of them he meant.|Keeps their mutual gaze and uncertainty about the referent.
13:23|One of his disciples—the one Jesus loved—was reclining beside Jesus.|Preserves the beloved disciple’s identification and meal posture without importing a name.
13:24|So Simon Peter motioned to him to ask Jesus whom he meant.|Keeps Peter’s gesture and the indirect request for identification.
13:25|Leaning back against Jesus, that disciple asked him, “Lord, who is it?”|Preserves the intimate reclining movement and direct question.
13:26|Jesus answered, “It is the one for whom I dip this piece of bread and give it to him.” Then he dipped the piece and gave it to Judas, son of Simon Iscariot.|Keeps the identifying sign, Jesus’ deliberate actions, and Judas’s full name.
13:27|After Judas took the piece of bread, Satan entered into him. Then Jesus said to him, “What you are doing, do quickly.”|Preserves the sequence, Satan’s entry, and Jesus’ urgent command without recasting its agency.
13:28|None of those reclining at the table understood why Jesus said this to him.|Keeps the table posture and the group’s lack of understanding.
13:29|Because Judas kept the money box, some thought Jesus was telling him, “Buy what we need for the festival,” or that he should give something to the poor.|Preserves Judas’s financial role and both mistaken interpretations.
13:30|After receiving the piece of bread, Judas went out immediately. And it was night.|Keeps the immediate departure and the stark temporal statement.
13:31|When Judas had gone out, Jesus said, “Now the Son of Man has been glorified, and God has been glorified in him.|Preserves the now of glorification and its reciprocal relation.
13:32|If God has been glorified in him, God will also glorify him in himself, and will glorify him at once.|Renders the variant-marked main-text clause and preserves reciprocal and immediate glorification.
13:33|Little children, I am with you only a little longer. You will look for me, and just as I told the Judean leaders, I now tell you: where I am going, you cannot come.|Keeps the tender address, short remaining time, search, prior saying, and present inability while clarifying the earlier audience.
13:34|I give you a new commandment: love one another. Just as I have loved you, you also must love one another.|Preserves command, mutuality, and Jesus’ love as the measure.
13:35|By this everyone will know that you are my disciples: if you have love for one another.”|Keeps the public identifying sign and mutual love.
13:36|Simon Peter said to him, “Lord, where are you going?” Jesus answered, “Where I am going, you cannot follow me now, but you will follow later.”|Preserves Peter’s question and the now-later contrast in following.
13:37|Peter said to him, “Lord, why can’t I follow you now? I will lay down my life for you.”|Keeps Peter’s protest and pledge of self-sacrifice.
13:38|Jesus answered, “Will you lay down your life for me? Truly, truly, I tell you: the rooster will not crow until you have denied me three times.”|Preserves the challenging echo, double amen, rooster sign, and exact number of denials.
14:1|“Do not let your hearts be troubled. Believe in God; believe also in me.|Preserves the plural audience, heart language, and the most natural imperative force while recognizing the forms can also be read indicatively.
14:2|In my Father’s house are many dwelling places. If it were not so, would I have told you that I am going to prepare a place for you?|Keeps household imagery, numerous places to remain, rhetorical question, and preparation.
14:3|And if I go and prepare a place for you, I will come again and take you to myself, so that where I am, you may be also.|Preserves departure, preparation, return, personal reception, and shared presence.
14:4|And you know the way to where I am going.”|Keeps the claim that the disciples know the way and destination.
14:5|Thomas said to him, “Lord, we do not know where you are going. How can we know the way?”|Preserves Thomas’s twofold challenge about destination and way.
14:6|Jesus said to him, “I am the way, the truth, and the life. No one comes to the Father except through me.|Keeps all three predicates and the exclusive relation to the Father.
14:7|If you have known me, you will also know my Father. From now on you do know him and have seen him.”|Renders the source’s conditional form and preserves the shift to present knowledge and sight.
14:8|Philip said to him, “Lord, show us the Father, and that will be enough for us.”|Keeps Philip’s request and sufficiency claim.
14:9|Jesus said to him, “Have I been with you all this time, Philip, and still you do not know me? Whoever has seen me has seen the Father. How can you say, ‘Show us the Father’?|Preserves the personal rebuke, length of presence, revelatory seeing, and repeated request.
14:10|Do you not believe that I am in the Father and the Father is in me? The words I say to you I do not speak on my own; the Father who remains in me does his works.|Keeps mutual indwelling, dependent speech, abiding Father, and works.
14:11|Believe me that I am in the Father and the Father is in me. Otherwise, believe because of the works themselves.|Preserves the appeal to Jesus’ word and the alternative evidence of the works.
14:12|Truly, truly, I tell you: whoever believes in me will also do the works I do—and will do greater works than these—because I am going to the Father.|Keeps the double amen, believer, comparative works, and stated reason.
14:13|Whatever you ask in my name, I will do it, so that the Father may be glorified in the Son.|Preserves broad request, Jesus’ action, purpose, and Father-Son relation.
14:14|If you ask me for anything in my name, I will do it.|Includes the variant-marked main-text me and preserves the promise tied to Jesus’ name.
14:15|If you love me, you will keep my commandments.|Keeps the condition and the future expression of love in obedience.
14:16|And I will ask the Father, and he will give you another Advocate to be with you forever—|Renders Paraclete as Advocate while preserving Jesus’ request, the Father’s gift, another helper, and permanent presence.
14:17|the Spirit of truth. The world cannot receive him because it neither sees him nor knows him. You know him because he remains with you and will be in you.|Keeps the title, world’s inability and reasons, disciples’ knowledge, and the with-in movement.
14:18|I will not leave you as orphans; I am coming to you.|Preserves the family image and promised coming.
14:19|In a little while the world will no longer see me, but you will see me. Because I live, you also will live.|Keeps the short interval, contrasting sight, and life grounded in Jesus’ life.
14:20|On that day you will know that I am in my Father, you are in me, and I am in you.|Preserves future knowledge and the three interlocking relations.
14:21|Whoever has my commandments and keeps them is the one who loves me. The one who loves me will be loved by my Father, and I will love that person and reveal myself to them.”|Keeps possession and practice of commands, reciprocal love, and Jesus’ self-disclosure.
14:22|Judas—not Judas Iscariot—said to him, “Lord, what has happened that you are going to reveal yourself to us and not to the world?”|Preserves the narrator’s disambiguation and Judas’s question about selective revelation.
14:23|Jesus answered him, “If anyone loves me, that person will keep my word. My Father will love them, and we will come to them and make our dwelling with them.|Keeps condition, obedience, Father’s love, plural divine coming, and dwelling imagery.
14:24|Whoever does not love me does not keep my words. And the word you hear is not mine, but comes from the Father who sent me.|Preserves the negative counterpart and the source of Jesus’ word.
14:25|I have told you these things while I remain with you.|Keeps speech during Jesus’ present abiding with the disciples.
14:26|But the Advocate, the Holy Spirit, whom the Father will send in my name, will teach you everything and remind you of everything I told you.|Preserves the titles, sender, name, comprehensive teaching, and remembrance.
14:27|Peace I leave with you; my peace I give you. I do not give to you as the world gives. Do not let your hearts be troubled or afraid.|Keeps the repeated gift of peace, contrast with the world, and commands concerning heart and fear.
14:28|You heard me tell you, ‘I am going away, and I am coming to you.’ If you loved me, you would rejoice that I am going to the Father, because the Father is greater than I.|Preserves remembered speech, conditional joy, destination, and comparative statement.
14:29|I have told you now, before it happens, so that when it happens you may believe.|Keeps prior prediction and its intended result.
14:30|I will not speak with you much longer, for the ruler of the world is coming. He has no claim on me,|Preserves limited remaining speech, the ruler’s approach, and lack of power or hold over Jesus.
14:31|but this is so the world may know that I love the Father and do exactly as the Father commanded me. Get up; let us leave this place.”|Keeps public knowledge, love expressed in obedience, exact command, and the departure summons.
15:1|“I am the true vine, and my Father is the gardener.|Preserves vine imagery, truth, and the Father’s cultivating role.
15:2|Every branch in me that does not bear fruit he removes, and every branch that bears fruit he prunes so that it may bear more fruit.|Renders the likely remove-prune wordplay while preserving union, fruit, and increased yield; the first verb can also mean lift up.
15:3|You are already clean because of the word I have spoken to you.|Keeps the clean-prune word relationship and the cleansing agency of Jesus’ word.
15:4|Remain in me, and I in you. Just as a branch cannot bear fruit by itself unless it remains in the vine, neither can you unless you remain in me.|Preserves mutual abiding, the branch-vine comparison, inability, and condition.
15:5|I am the vine; you are the branches. Whoever remains in me and I in that person bears much fruit, because apart from me you can do nothing.|Keeps the identities, reciprocal abiding, abundant fruit, and complete dependence.
15:6|If anyone does not remain in me, that person is thrown out like a branch and withers. Such branches are gathered, thrown into the fire, and burned.|Preserves condition, sequence, passive gathering, fire, and destruction imagery.
15:7|If you remain in me and my words remain in you, ask for whatever you desire, and it will be done for you.|Keeps the dual condition, open request, desire, and promised result.
15:8|My Father is glorified in this: that you bear much fruit and prove to be my disciples.|Preserves the Father’s glory, abundant fruit, and becoming or showing discipleship.
15:9|Just as the Father has loved me, I also have loved you. Remain in my love.|Keeps the pattern of love and command to abide in it.
15:10|If you keep my commandments, you will remain in my love, just as I have kept my Father’s commandments and remain in his love.|Preserves condition, obedience, abiding, and Jesus’ parallel example.
15:11|I have told you these things so that my joy may be in you and your joy may be complete.|Keeps Jesus’ joy, its presence in the disciples, and fulfilled joy.
15:12|This is my commandment: love one another just as I have loved you.|Preserves singular command, mutual love, and Jesus as its measure.
15:13|No one has greater love than this: to lay down one’s life for one’s friends.|Keeps the comparison, self-giving life, and friendship.
15:14|You are my friends if you do what I command you.|Preserves friendship’s condition in obedience.
15:15|I no longer call you slaves, because a slave does not know what his master is doing. But I have called you friends, because I have made known to you everything I heard from my Father.|Keeps the slave-friend contrast, differing knowledge, and revelation received from the Father.
15:16|You did not choose me, but I chose you and appointed you to go and bear fruit—fruit that will remain—so that whatever you ask the Father in my name, he may give you.|Preserves initiative, appointment, movement, lasting fruit, and purpose tied to prayer.
15:17|I command you these things so that you may love one another.|Keeps the plural instructions and mutual-love purpose.
15:18|If the world hates you, know that it hated me before it hated you.|Preserves condition and Jesus’ prior experience of the world’s hatred.
15:19|If you belonged to the world, the world would love its own. But because you do not belong to the world—instead, I chose you out of the world—the world hates you.|Keeps belonging, possessive love, election out of the world, and resulting hatred.
15:20|Remember the word I told you: ‘A slave is not greater than his master.’ If they persecuted me, they will also persecute you. If they kept my word, they will also keep yours.|Preserves the remembered saying and both parallel conditions without forcing the second into irony.
15:21|But they will do all these things to you because of my name, since they do not know the one who sent me.|Keeps the causal links to Jesus’ name and ignorance of the sender.
15:22|If I had not come and spoken to them, they would not be guilty of sin. But now they have no excuse for their sin.|Preserves the counterfactual, culpability, present lack of pretext, and repeated sin.
15:23|Whoever hates me also hates my Father.|Keeps the inseparable hatred of Son and Father.
15:24|If I had not done among them the works no one else did, they would not be guilty of sin. But now they have seen and hated both me and my Father.|Preserves unique works, counterfactual guilt, sight, and doubled hatred.
15:25|But this happened so that the word written in their Law might be fulfilled: ‘They hated me without cause.’|Keeps fulfillment, their Law, and groundless hatred.
15:26|When the Advocate comes—the one I will send to you from the Father, the Spirit of truth who proceeds from the Father—he will testify about me.|Preserves Advocate and Spirit titles, Jesus’ sending, origin from the Father, procession, and testimony.
15:27|And you also will testify, because you have been with me from the beginning.|Keeps the disciples’ witness and its basis in continuous presence.
16:1|“I have told you these things so that you will not fall away.|Preserves the preventive purpose and the image of stumbling into apostasy.
16:2|They will expel you from the synagogues. In fact, an hour is coming when everyone who kills you will think they are offering worship to God.|Keeps synagogue exclusion, lethal persecution, future hour, and killers’ mistaken religious service.
16:3|They will do these things because they have not known the Father or me.|Preserves persecution’s stated cause and ignorance of both Father and Son.
16:4|But I have told you these things so that when their hour comes, you may remember that I told you. I did not tell you these things from the beginning because I was with you.|Keeps prediction, future remembrance, their appointed hour, and the reason for delayed warning.
16:5|But now I am going to the one who sent me, and none of you asks me, ‘Where are you going?’|Preserves return to the sender and Jesus’ observation despite earlier questions in another conversational moment.
16:6|Instead, because I have told you these things, sorrow has filled your hearts.|Keeps contrast, cause, sorrow, fullness, and heart language.
16:7|Nevertheless, I tell you the truth: it is better for you that I go away. For if I do not go away, the Advocate will not come to you; but if I go, I will send him to you.|Preserves truth claim, advantage, necessary departure, Advocate, and Jesus’ sending.
16:8|And when he comes, he will expose the world concerning sin, righteousness, and judgment:|Renders the verb’s range as expose and preserves the three subjects of the Spirit’s case against the world.
16:9|concerning sin, because they do not believe in me;|Keeps the explicit explanation linking sin and unbelief.
16:10|concerning righteousness, because I am going to the Father and you will see me no longer;|Preserves the stated reason, destination, and end of visible presence.
16:11|and concerning judgment, because the ruler of this world has been judged.|Keeps the completed judgment of the world’s ruler as the explanation.
16:12|I still have many things to tell you, but you cannot bear them now.|Preserves remaining revelation and present inability to carry it.
16:13|But when he, the Spirit of truth, comes, he will guide you into all the truth. For he will not speak on his own, but will speak whatever he hears, and he will announce to you what is to come.|Keeps personal agency, title, comprehensive guidance, dependent speech, hearing, and future disclosure.
16:14|He will glorify me because he will take what is mine and announce it to you.|Preserves the Spirit’s glorifying work and reception and disclosure of what belongs to Jesus.
16:15|Everything the Father has is mine. That is why I said that the Spirit takes what is mine and will announce it to you.|Keeps shared possession and the explanation of the preceding statement.
16:16|In a little while you will no longer see me, and then a little while later you will see me.”|Preserves the repeated short interval and contrasting sight.
16:17|Then some of his disciples said to one another, “What does he mean by telling us, ‘In a little while you will not see me, and then a little while later you will see me,’ and, ‘Because I am going to the Father’?|Keeps the disciples’ mutual question and both quoted sayings.
16:18|So they kept asking, “What does he mean by ‘a little while’? We do not know what he is talking about.”|Preserves their repeated question, focus on the phrase, and admitted ignorance.
16:19|Jesus knew that they wanted to question him, so he said to them, “Are you discussing with one another what I meant when I said, ‘In a little while you will not see me, and then a little while later you will see me’?|Keeps Jesus’ knowledge, their desire, mutual discussion, and full repetition.
16:20|Truly, truly, I tell you: you will weep and mourn, but the world will rejoice. You will be sorrowful, but your sorrow will turn into joy.|Preserves double amen, contrasting responses, grief, and transformation into joy.
16:21|When a woman is giving birth, she has pain because her hour has come. But when the child is born, she no longer remembers the anguish because of her joy that a human being has been born into the world.|Keeps the gender-specific embodied comparison, appointed hour, anguish, joy, birth, and world.
16:22|So you also have sorrow now. But I will see you again, and your hearts will rejoice, and no one will take your joy from you.|Preserves present sorrow, promised reunion, heart joy, and its security.
16:23|On that day you will not ask me anything. Truly, truly, I tell you: whatever you ask the Father in my name, he will give you.|Keeps the distinction between questioning Jesus and requesting from the Father, with double amen and Jesus’ name.
16:24|Until now you have asked for nothing in my name. Ask and you will receive, so that your joy may be complete.|Preserves the temporal contrast, command, promise, and fulfilled joy.
16:25|I have told you these things in figures of speech. An hour is coming when I will no longer speak to you in figures, but will tell you plainly about the Father.|Keeps figurative speech, future hour, contrast, frankness, and subject.
16:26|On that day you will ask in my name. I am not telling you that I will ask the Father on your behalf,|Preserves future asking and the carefully limited statement about Jesus’ intercession.
16:27|for the Father himself loves you because you have loved me and have believed that I came from God.|Keeps the Father’s own love and its stated relation to the disciples’ love and faith.
16:28|I came from the Father and have come into the world. Again, I am leaving the world and going to the Father.”|Preserves origin, entrance, departure, destination, and balanced movement.
16:29|His disciples said, “Look, now you are speaking plainly and not using a figure of speech.|Keeps their observation and contrast between frankness and figurative language.
16:30|Now we know that you know everything and do not need anyone to question you. Because of this, we believe that you came from God.”|Preserves their claims about Jesus’ knowledge, unneeded questioning, inference, and faith.
16:31|Jesus answered them, “Do you believe now?|Keeps Jesus’ brief, searching question and the temporal emphasis.
16:32|Look, an hour is coming—and has come—when each of you will be scattered to your own home and you will leave me alone. Yet I am not alone, because the Father is with me.|Preserves imminent and present hour, individual scattering, abandonment, and the Father’s presence.
16:33|I have told you these things so that in me you may have peace. In the world you have affliction. But take courage: I have overcome the world.”|Keeps purpose, location of peace, real affliction, command for courage, and Jesus’ victory.
17:1|After Jesus said these things, he looked up to heaven and said, “Father, the hour has come. Glorify your Son so that the Son may glorify you,|Preserves transition, lifted eyes, address, arrived hour, and reciprocal glorification.
17:2|since you gave him authority over all humanity, so that he may give eternal life to everyone you have given him.|Keeps granted authority, comprehensive human scope, the given people, and gift of eternal life.
17:3|And this is eternal life: that they know you, the only true God, and Jesus the Messiah, whom you sent.|Preserves the definition, relational knowing, exclusivity, truth, Messiah title, and sending.
17:4|I glorified you on earth by completing the work you gave me to do.|Keeps earthly glorification, completed work, and divine commission.
17:5|And now, Father, glorify me in your presence with the glory I had with you before the world existed.|Preserves present request, shared presence, prior glory, and preexistence before the world.
17:6|I have revealed your name to the people you gave me out of the world. They were yours; you gave them to me, and they have kept your word.|Keeps manifestation of the name, gift from the world, prior belonging, and obedience.
17:7|Now they know that everything you have given me comes from you,|Preserves present knowledge, comprehensive gifts, and their divine source.
17:8|because I have given them the words you gave me, and they received them. They truly knew that I came from you, and they believed that you sent me.|Keeps the chain of giving and receiving, true knowledge of origin, and faith in sending.
17:9|I pray for them. I am not praying for the world, but for those you have given me, because they are yours.|Preserves the defined objects of this prayer and their belonging to the Father.
17:10|Everything of mine is yours, and what is yours is mine, and I have been glorified in them.|Keeps reciprocal possession and Jesus’ glorification in the disciples.
17:11|I am no longer in the world, but they are in the world, and I am coming to you. Holy Father, protect them in your name, which you have given me, so that they may be one just as we are.|Preserves contrasting locations, movement to the Father, holy address, protection in the given name, and unity’s model.
17:12|While I was with them, I protected them in your name, which you have given me. I guarded them, and not one of them was lost except the son of destruction, so that the Scripture might be fulfilled.|Keeps past protection, guarding, sole exception, destruction idiom, and scriptural fulfillment.
17:13|But now I am coming to you, and I say these things in the world so that they may have my joy made complete in themselves.|Preserves movement, public speech, purpose, Jesus’ joy, and inward fullness.
17:14|I have given them your word. The world hated them because they do not belong to the world, just as I do not belong to the world.|Keeps gift of the word, hatred, nonbelonging, and comparison with Jesus.
17:15|I am not asking you to take them out of the world, but to protect them from the evil one.|Preserves the negative and positive requests; the Greek can refer to evil generally or the evil one.
17:16|They do not belong to the world, just as I do not belong to the world.|Keeps the emphatic repetition and comparison.
17:17|Sanctify them in the truth; your word is truth.|Preserves consecration, its sphere or means, and the predication about God’s word.
17:18|Just as you sent me into the world, I also sent them into the world.|Keeps the mission parallel, sender, sent ones, and repeated world.
17:19|For their sake I sanctify myself, so that they also may be sanctified in truth.|Preserves Jesus’ self-consecration, representative purpose, and the disciples’ consecration.
17:20|I ask not only for these, but also for those who will believe in me through their word,|Keeps the prayer’s expansion to future believers and the disciples’ mediating word.
17:21|that they may all be one, just as you, Father, are in me and I am in you; may they also be in us, so that the world may believe that you sent me.|Preserves universal unity, mutual indwelling as its pattern, participation, and missional purpose.
17:22|The glory you have given me I have given them, so that they may be one just as we are one—|Keeps the received and given glory and unity’s purpose and model.
17:23|I in them and you in me—so that they may be brought to complete unity, and so that the world may know that you sent me and loved them just as you loved me.|Preserves indwelling, perfected unity, public knowledge, sending, and the striking comparison of love.
17:24|Father, I desire that those you have given me may be with me where I am, so that they may see my glory, which you have given me because you loved me before the foundation of the world.|Keeps Jesus’ desire, shared presence, sight of glory, gift, love, and precreation time.
17:25|Righteous Father, though the world did not know you, I knew you, and these people knew that you sent me.|Preserves the address, contrasting knowledge, and recognition of Jesus’ mission.
17:26|I made your name known to them and will continue to make it known, so that the love with which you loved me may be in them, and I may be in them.”|Keeps past and future revelation, the Father’s love within the disciples, and Jesus’ indwelling.
