21:1|This is the word that came to Jeremiah from the **LORD** when King Zedekiah sent Pashhur son of Malchijah and the priest Zephaniah son of Maaseiah to him. They said,|Identifies the two envoys and carries their speech into the next verse; this Pashhur has a different father from the man in chapter 20.
21:2|“Please inquire of the **LORD** for us. Nebuchadnezzar king of Babylon is making war on us. Perhaps the **LORD** will act for us with all his wonders and make him withdraw.”|Preserves the request as a hopeful possibility, not a promise of rescue.
21:3|Jeremiah told them, “This is what you must say to Zedekiah:|Keeps the reply addressed through the messengers.
21:4|‘The **LORD**, the God of Israel, says: I am turning back the weapons in your hands—the weapons you are using against the king of Babylon and the Chaldeans besieging you outside the wall. I will gather them into the middle of this city.|Retains the weapon reversal and the ambiguous object of gathering rather than silently substituting one interpretation.
21:5|I myself will fight against you with an outstretched hand and a strong arm, in anger, wrath, and great fury.|Preserves the emphatic divine opponent and the repeated force of the anger terms.
21:6|I will strike down the inhabitants of this city, both people and animals. A terrible plague will kill them.|Keeps animals within the threatened destruction and identifies plague as the means.
21:7|After that, declares the **LORD**, I will hand over Zedekiah king of Judah, his servants, and the people—those left in this city after the plague, the sword, and the famine—to Nebuchadnezzar king of Babylon, to their enemies, to those seeking their lives. He will put them to the sword without sparing them, without pity, without compassion.’|Keeps the survivors, the three disasters, and the king's uncompromising violence distinct.
21:8|“Tell this people: ‘The **LORD** says: Look, I am setting before you the way of life and the way of death.|Maintains the two ways as the framing image for the concrete choices that follow.
21:9|Anyone who stays in this city will die by sword, famine, or plague. Anyone who goes out and surrenders to the Chaldeans besieging you will live; that person's own life will be their plunder.|Follows the read form for living and retains life as plunder, an image of survival with nothing else secured.
21:10|For I have set my face against this city for harm, not for good, declares the **LORD**. It will be handed over to the king of Babylon, and he will burn it down.’|Preserves the face image and the contrast between harm and good without turning disaster into a moral label.
21:11|“To the house of the king of Judah: Hear the word of the **LORD**!|Marks the shift to the royal household without inventing a new named king.
21:12|House of David, the **LORD** says:\nAdminister justice each morning.\nRescue the one who has been robbed from the oppressor's hand,\nor my fury will break out like fire\nand burn with no one to put it out\nbecause of your evil deeds.|Follows the read form 'your deeds'; retains morning justice, rescue, and unquenchable fire in verse-contained poetry.
21:13|I am against you,\nyou who live in the valley, on the rock of the plateau,\ndeclares the **LORD**—\nyou who say, ‘Who can come down against us?\nWho can enter our homes?’|Makes the city's confident voice audible while preserving the unusual valley and plateau imagery.
21:14|I will call you to account for the fruit of your deeds,\ndeclares the **LORD**.\nI will set fire to her forest,\nand it will consume everything around her.”|Retains the fruit metaphor and the shift to the city's forest rather than explaining the image within the oracle.
22:1|The **LORD** said, “Go down to the palace of the king of Judah and speak this word there:|Places the oracle at the palace and preserves the command to go down.
22:2|‘Hear the word of the **LORD**, king of Judah, you who sit on David's throne—you, your servants, and your people who enter these gates.|Keeps the king and the wider palace audience together.
22:3|The **LORD** says: Do what is just and right. Rescue the one who has been robbed from the oppressor's hand. Do not wrong or mistreat the resident foreigner, the orphan, or the widow. Do not shed innocent blood in this place.|Names the vulnerable groups and retains both mistreatment and killing as concrete prohibitions.
22:4|If you truly carry out this word, kings who sit on David's throne will enter the gates of this palace, riding in chariots and on horses, each with his servants and his people.|Preserves the emphatic condition and follows the read form for the king's servants.
22:5|But if you will not listen to these words, I swear by myself, declares the **LORD**, this palace will become a ruin.’|Retains the oath by the speaker's own self and its conditional warning.
22:6|“For this is what the **LORD** says about the palace of the king of Judah:\nThough you are Gilead to me,\nthe summit of Lebanon,\nI will make you a wilderness,\na place of uninhabited towns.|Keeps both valued mountain regions and the sharp reversal into desolation.
22:7|I will set apart destroyers against you,\neach with his weapons.\nThey will cut down your finest cedars\nand throw them into the fire.|Preserves the setting apart of destroyers and the cedar image without softening the destruction.
22:8|“Many nations will pass by this city and ask one another, ‘Why did the **LORD** do this to this great city?’|Lets foreign observers pose the question rather than adding narrator commentary.
22:9|They will answer, ‘Because they abandoned the covenant of the **LORD** their God, bowed down to other gods, and served them.’|Retains covenant, worship, and service as the stated explanation.
22:10|Do not weep for the dead king\nor mourn for him.\nWeep bitterly for the one who is leaving,\nfor he will never return\nor see the land of his birth again.|Clarifies the royal setting while keeping the contrast between death and irreversible exile.
22:11|For the **LORD** says this about Shallum son of Josiah, king of Judah, who became king in place of his father Josiah and left this place: “He will never return here.|Preserves Shallum's name and succession rather than replacing his name with a harmonized alternative.
22:12|He will die in the place where they have exiled him. He will never see this land again.”|Keeps death in exile and the repeated denial of return.
22:13|Woe to the man who builds his house through injustice\nand his upper rooms through wrongdoing,\nwho makes his neighbor work for nothing\nand never pays him his wages!|Makes unpaid labor explicit and preserves the paired construction imagery.
22:14|He says, “I will build myself a spacious house\nwith airy upper rooms.”\nHe cuts windows for it,\npanels it with cedar,\nand paints it vermilion.|Retains the first-person building ambition and the specific expensive materials and color.
22:15|Does competing in cedar make you a king?\nDid not your father eat and drink\nand do what was just and right?\nThen things went well for him.|Renders the cedar competition as a question and retains the father's ordinary enjoyment alongside justice.
22:16|He defended the cause of the poor and needy;\nthen things went well.\nIs that not what it means to know me?\ndeclares the **LORD**.|Connects knowing the speaker to defending the vulnerable without adding a doctrinal definition.
22:17|But your eyes and your heart\nare set only on your dishonest gain,\non shedding innocent blood,\nand on practicing oppression and violence.|Preserves the accusation's focus on gain, bloodshed, and oppressive action.
22:18|So this is what the **LORD** says about Jehoiakim son of Josiah, king of Judah:\nThey will not mourn for him,\n“Alas, my brother! Alas, my sister!”\nThey will not mourn for him,\n“Alas, my lord! Alas, his splendor!”|Keeps all four lament formulas and names the king precisely.
22:19|He will have a donkey's burial—\ndragged away and thrown\nbeyond the gates of Jerusalem.|Retains the degrading animal comparison and disposal of the body.
22:20|Climb Lebanon and cry out!\nRaise your voice in Bashan!\nCry out from Abarim,\nfor all your lovers have been crushed.|Preserves the three locations and the lovers image without replacing it with an explanatory political label.
22:21|I spoke to you when you were secure,\nbut you said, “I will not listen.”\nThis has been your way from your youth:\nyou have never listened to my voice.|Keeps the refusal as direct speech and the repeated listening motif.
22:22|The wind will shepherd all your shepherds away,\nand your lovers will go into captivity.\nThen you will be ashamed and humiliated\nbecause of all your evil.|Preserves the Hebrew shepherding wordplay and separates captivity from shame.
22:23|You who live in Lebanon,\nwho nest among the cedars,\nhow you will be pitied when pangs come upon you,\npain like that of a woman giving birth!|Uses a pity reading of the difficult verb and records its uncertainty in a note; preserves nesting and labor pain.
22:24|“As I live, declares the **LORD**, even if you, Coniah son of Jehoiakim, king of Judah, were a signet ring on my right hand, I would pull you off.|Maintains the oath and intimate signet image while making the turn to direct address readable.
22:25|I will hand you over to those seeking your life, to those you fear—to Nebuchadnezzar king of Babylon and to the Chaldeans.|Preserves the named recipients and the king's fear.
22:26|I will hurl you and the mother who gave birth to you into another country, where neither of you was born. There you will die.|Keeps the mother's shared exile and the contrast between birthplace and place of death.
22:27|They will never return to the land they long to return to.”|Retains the shift to third person and the repeated return language.
22:28|Is this man Coniah a despised, broken pot,\na vessel no one wants?\nWhy have he and his offspring been hurled away,\nthrown into a land they do not know?|Preserves the rhetorical questions, offspring, and discarded vessel image.
22:29|Land, land, land!\nHear the word of the **LORD**!|Retains the threefold summons instead of reducing its urgency.
22:30|The **LORD** says:\n“Record this man as childless,\na man who will not prosper in his lifetime.\nFor none of his offspring will prosper\nby sitting on David's throne\nand ruling again in Judah.”|Keeps 'childless' alongside the explicit dynastic explanation, without denying the offspring already mentioned.
23:1|“Woe to the shepherds who destroy and scatter the sheep of my pasture!” declares the **LORD**.|Retains the shepherd accusation and the flock's belonging to the speaker.
23:2|So this is what the **LORD**, the God of Israel, says about the shepherds who tend my people: “You have scattered my flock and driven them away. You have not attended to them. Now I will attend to you for your evil deeds, declares the **LORD**.|Preserves the repeated attending verb as a reversal from failed care to accountability.
23:3|I myself will gather what remains of my flock from all the countries where I drove them. I will bring them back to their pasture, and they will be fruitful and multiply.|Keeps divine responsibility for dispersal and the fruitful-and-multiply language.
23:4|I will appoint shepherds over them who will tend them. They will no longer be afraid or dismayed, and none will be missing, declares the **LORD**.|Retains future care, freedom from fear, and the assurance that none are missing.
23:5|“Look, days are coming, declares the **LORD**,\nwhen I will raise up a righteous Branch for David.\nA king will reign and act wisely,\ndoing what is just and right in the land.|Retains the growth image and the king's wisdom and justice without identifying a later individual in the translation.
23:6|In his days Judah will be saved\nand Israel will live securely.\nThis is the name by which he will be called:\n‘The **LORD** is our righteousness.’|Preserves both kingdoms and the royal name while leaving its theological implications to interpretation.
23:7|“So look, days are coming, declares the **LORD**, when people will no longer say, ‘As the **LORD** lives, who brought the Israelites up from the land of Egypt,’|Keeps the old oath formula as the first half of the contrast.
23:8|but, ‘As the **LORD** lives, who brought up and led the offspring of the house of Israel out of the land of the north and all the countries where I drove them.’ Then they will live on their own soil.”|Preserves the source's first-person shift within the oath and the return to their own ground.
23:9|Concerning the prophets:\nMy heart is broken within me;\nall my bones shake.\nI have become like a drunk,\nlike a man overcome by wine,\nbecause of the **LORD**\nand because of his holy words.|Marks the prophetic heading and preserves physical distress and drunkenness as comparisons.
23:10|For the land is full of adulterers.\nBecause of the curse the land mourns,\nand the wilderness pastures have dried up.\nTheir course is evil,\nand their strength serves what is wrong.|Keeps the curse, mourning land, and misuse of strength without making the imagery merely psychological.
23:11|“Both prophet and priest are godless;\neven in my own house I have found their evil,”\ndeclares the **LORD**.|Retains the indictment of both offices and wrongdoing in the divine house.
23:12|“So their way will become slippery ground in the dark.\nThey will be driven along it and fall,\nfor I will bring disaster on them\nin the year when I call them to account,”\ndeclares the **LORD**.|Keeps darkness, slipping, and falling together and renders visitation as accountability.
23:13|“Among the prophets of Samaria\nI saw a repulsive thing:\nthey prophesied by Baal\nand led my people Israel astray.|Distinguishes the Samaria charge from the Jerusalem accusation that follows.
23:14|But among the prophets of Jerusalem\nI have seen a horrifying thing:\nadultery and a life of lies.\nThey strengthen the hands of evildoers,\nso no one turns back from wickedness.\nTo me they have all become like Sodom,\nand the city's inhabitants like Gomorrah.”|Preserves the strengthening-hands image and the separate comparisons with Sodom and Gomorrah.
23:15|So the **LORD** of hosts says this about the prophets:\n“Look, I will feed them wormwood\nand give them poisoned water to drink,\nfor godlessness has spread from the prophets of Jerusalem\nthroughout the land.”|Retains wormwood and poisoned water as bitter consequences rather than substituting abstract punishment.
23:16|The **LORD** of hosts says:\n“Do not listen to the words of the prophets who prophesy to you.\nThey fill you with empty hopes.\nThey speak visions from their own hearts,\nnot from the mouth of the **LORD**.|Makes the effect of empty prophecy readable while preserving heart and mouth as contrasting sources.
23:17|They keep telling those who despise me,\n‘The **LORD** has said: You will have peace.’\nTo everyone who follows a stubborn heart they say,\n‘No disaster will come upon you.’|Retains both audiences and distinguishes the two false assurances.
23:18|But who has stood in the council of the **LORD**\nto see and hear his word?\nWho has paid attention to his word and listened?|Follows the read form 'his word' and preserves the challenge about access to the divine council.
23:19|Look! The storm of the **LORD**!\nWrath has burst out, a whirling storm;\nit whirls down on the heads of the wicked.|Keeps the repeated storm movement and its target.
23:20|The anger of the **LORD** will not turn back\nuntil he has done and accomplished\nwhat his heart intends.\nIn days to come you will understand it clearly.|Retains completion of the heart's purposes and future understanding without imposing an end-times timetable.
23:21|I did not send these prophets,\nbut they ran.\nI did not speak to them,\nbut they prophesied.|Preserves the balanced denials and unauthorized activity.
23:22|If they had stood in my council,\nthey would have made my people hear my words\nand turned them back from their evil way\nand from their evil deeds.|Keeps hearing and turning as the effects the false prophets failed to produce.
23:23|Am I a God only nearby, declares the **LORD**,\nand not a God far away?|Preserves the question's spatial contrast without reducing it to a slogan about omnipresence.
23:24|Can anyone hide in secret places\nwhere I cannot see them? declares the **LORD**.\nDo I not fill heaven and earth? declares the **LORD**.|Keeps both questions and both repeated declarations.
23:25|“I have heard what the prophets say who prophesy lies in my name: ‘I had a dream! I had a dream!’|Retains the repeated dream claim and the misuse of the speaker's name.
23:26|How long will this go on in the hearts of the prophets who prophesy lies, who prophesy the deceit of their own hearts?|Gives the elliptical question readable English while retaining the repeated heart and lying-prophecy language.
23:27|With the dreams they tell one another, they intend to make my people forget my name, just as their ancestors forgot my name for Baal.|Preserves forgetting the name and the comparison with ancestral Baal worship.
23:28|Let the prophet who has a dream tell the dream. But let the one who has my word speak my word faithfully. What does straw have in common with grain? declares the **LORD**.|Keeps the limited permission to report a dream and the agricultural distinction from faithful speech.
23:29|Is not my word like fire, declares the **LORD**, and like a hammer that shatters rock?|Retains both forceful images and the rhetorical question.
23:30|“So I am against the prophets, declares the **LORD**, who steal my words from one another.|Keeps the first 'I am against' accusation and the theft of words.
23:31|I am against the prophets, declares the **LORD**, who use their tongues to pronounce oracles.|Preserves the claim to an oracle without inserting an additional divine name into the quoted formula.
23:32|I am against those who prophesy false dreams, declares the **LORD**. They tell them and lead my people astray with their lies and their reckless boasting. I did not send them or commission them. They bring this people no benefit at all, declares the **LORD**.|Retains both denials of authorization and the emphatic absence of benefit.
23:33|“When this people, or a prophet or a priest, asks you, ‘What is the burden of the **LORD**?’ tell them, ‘What burden? I will abandon you, declares the **LORD**.’|Follows the pinned word division 'What burden?' and keeps burden as the oracle word needed for the following wordplay.
23:34|If a prophet, priest, or anyone among the people says, ‘The burden of the **LORD**,’ I will call that person and their household to account.|Keeps the prohibition's three groups and household consequence.
23:35|This is what each of you should ask your neighbor and your brother: ‘What has the **LORD** answered?’ or ‘What has the **LORD** spoken?’|Preserves the two acceptable questions and the brother wording rather than broadening every relationship.
23:36|But do not mention ‘the burden of the **LORD**’ again. Each person's own word will become their burden, because you have twisted the words of the living God, the **LORD** of hosts, our God.|Retains the burden reversal and the full identification of the living God.
23:37|This is what you should ask the prophet: ‘What has the **LORD** answered you?’ or ‘What has the **LORD** spoken?’|Keeps the repeated questions now directed to a prophet.
23:38|But if you say, ‘The burden of the **LORD**,’ then the **LORD** says: Because you have used these words, ‘The burden of the **LORD**,’ even though I sent word to you not to say, ‘The burden of the **LORD**,’|Preserves all repetitions of the prohibited formula and leaves the sentence open for its consequence.
23:39|I will utterly forget you and cast you away from my presence, along with the city I gave you and your ancestors.|Follows the pointed forgetting verb while flagging the difficult accompanying form and alternative burden wordplay in a note.
23:40|I will bring everlasting disgrace on you and everlasting shame that will not be forgotten.”|Retains the two lasting consequences and the final remembering reversal.
24:1|The **LORD** showed me two baskets of figs set before the temple of the **LORD**. This was after Nebuchadnezzar king of Babylon had exiled Jeconiah son of Jehoiakim, king of Judah, along with Judah's officials, craftworkers, and smiths, from Jerusalem and brought them to Babylon.|Preserves the historical setting, royal names, and distinct skilled workers.
24:2|One basket held very good figs, like the first ripe figs. The other held very bad figs, so bad they could not be eaten.|Keeps the repeated degree of goodness and badness and the first-ripe comparison.
24:3|The **LORD** asked me, “What do you see, Jeremiah?” I answered, “Figs. The good ones are very good, and the bad ones are very bad—so bad they cannot be eaten.”|Preserves the full repeated report rather than shortening the vision's exchange.
24:4|Then the word of the **LORD** came to me:|Retains the short revelation formula without ornamental rewording.
24:5|“The **LORD**, the God of Israel, says: Like these good figs, I will regard with favor the exiles from Judah whom I sent from this place to the land of the Chaldeans.|Keeps the speaker's responsibility for exile alongside favorable regard.
24:6|I will set my eyes on them for good and bring them back to this land. I will build them up and not tear them down; I will plant them and not uproot them.|Preserves the eye image and the paired building and planting verbs linking the book's promises.
24:7|I will give them a heart to know me, that I am the **LORD**. They will be my people, and I will be their God, for they will return to me with their whole heart.|Keeps heart, knowing, covenant relationship, and whole-hearted return together.
24:8|“But like the bad figs, so bad they cannot be eaten, says the **LORD**, so I will treat Zedekiah king of Judah, his officials, and the remnant of Jerusalem—those left in this land and those living in the land of Egypt.|Preserves the unfavorable comparison and both locations of the remaining people.
24:9|I will make them an object of horror and harm among all the kingdoms of the earth, a reproach, a byword, a taunt, and a curse in every place where I drive them.|Retains the accumulating terms of public disgrace and the speaker's agency in dispersal.
24:10|I will send sword, famine, and plague against them until they are gone from the land I gave to them and their ancestors.”|Keeps the three disasters and the complete removal threatened from the ancestral gift.
25:1|This word came to Jeremiah concerning all the people of Judah in the fourth year of Jehoiakim son of Josiah, king of Judah. That was the first year of Nebuchadnezzar king of Babylon.|Preserves both synchronized regnal dates and the fathers' names.
25:2|Jeremiah the prophet spoke it to all the people of Judah and all the inhabitants of Jerusalem:|Retains the two overlapping audiences and introduces the prophet's address.
25:3|“For twenty-three years—from the thirteenth year of Josiah son of Amon, king of Judah, until today—the word of the **LORD** has come to me. I have spoken to you again and again, but you have not listened.|Keeps the precise duration and starting year; renders early-rising speech as persistent effort.
25:4|The **LORD** has sent all his servants the prophets to you again and again, but you have not listened or inclined your ear to hear.|Preserves repeated sending and the ear image alongside the repeated failure to listen.
25:5|They said, ‘Turn back, each of you, from your evil way and your evil deeds. Then live on the soil the **LORD** gave you and your ancestors from long ago and for all time.|Keeps individual turning, ancestral land, and the full temporal expression.
25:6|Do not follow other gods to serve them and bow down to them. Do not provoke me with what your hands have made, and I will not bring harm on you.’|Preserves worship and hand-made objects as the cause of provocation.
25:7|‘But you did not listen to me, declares the **LORD**. You provoked me with what your hands made, bringing harm on yourselves.’|Follows the read verb form and retains the repeated hand-made cause and self-harming result.
25:8|“So the **LORD** of hosts says: ‘Because you have not listened to my words,|Leaves the causal sentence open for the announced action.
25:9|I will send for all the clans of the north, declares the **LORD**, and for my servant Nebuchadnezzar king of Babylon. I will bring them against this land, its inhabitants, and all these surrounding nations. I will devote them to destruction and make them a horror, something to hiss at, and lasting ruins.|Keeps the surprising servant title, the wider nations, and the force of devoted destruction.
25:10|I will put an end among them to the sound of joy and gladness, the voice of bridegroom and bride, the sound of the millstones, and the light of the lamp.|Preserves the accumulation of celebration and ordinary household life extinguished.
25:11|This whole land will become a ruin and a horror, and these nations will serve the king of Babylon for seventy years.|Retains the nations as subjects of the seventy-year service rather than narrowing the term to one exile.
25:12|When seventy years are complete, I will call the king of Babylon, that nation, and the land of the Chaldeans to account for their guilt, declares the **LORD**. I will make it a lasting waste.|Keeps Babylon's later accountability and the completed seventy years.
25:13|I will bring upon that land all the words I have spoken against it, everything written in this scroll that Jeremiah prophesied against all the nations.|Follows the read spelling of bringing and preserves the reference to the written scroll.
25:14|For many nations and great kings will enslave them in turn. I will repay them according to their deeds and the work of their hands.’”|Preserves the reversal of service into enslavement and the hand-work repayment motif.
25:15|This is what the **LORD**, the God of Israel, said to me: “Take from my hand this cup of wine, the wine of wrath, and make all the nations to whom I send you drink it.|Keeps the cup as an enacted prophetic image and identifies its wine with wrath.
25:16|They will drink, stagger, and go mad because of the sword I am sending among them.”|Retains the disturbing bodily effects and the sword as their cause.
25:17|So I took the cup from the hand of the **LORD** and made all the nations to whom the **LORD** sent me drink it:|Preserves both divine-name occurrences and introduces the complete list.
25:18|Jerusalem and the towns of Judah, its kings and officials—to make them a ruin, a horror, something to hiss at, and a curse, as they are today;|Keeps the list's first recipients and the text's retrospective 'today'.
25:19|Pharaoh king of Egypt, his servants, his officials, and all his people;|Preserves every tier of the Egyptian audience.
25:20|all the mixed peoples; all the kings of the land of Uz; all the kings of the land of the Philistines—Ashkelon, Gaza, Ekron, and what remains of Ashdod;|Retains the mixed population and every named Philistine place, including Ashdod's remnant.
25:21|Edom, Moab, and the Ammonites;|Keeps the three neighboring peoples without expanding the list.
25:22|all the kings of Tyre, all the kings of Sidon, and the kings of the coastlands across the sea;|Preserves the repeated 'all' and the maritime extension.
25:23|Dedan, Tema, Buz, and all who clip the edges of their hair;|Keeps the three names and the distinctive hair practice rather than replacing it with a guessed ethnic label.
25:24|all the kings of Arabia and all the kings of the mixed peoples living in the wilderness;|Distinguishes Arabia from the mixed desert peoples, preserving the similar-sounding Hebrew terms.
25:25|all the kings of Zimri, all the kings of Elam, and all the kings of Media;|Retains Zimri despite uncertain identification and preserves the three royal groups.
25:26|all the kings of the north, near and far, one after another; and all the kingdoms on the face of the earth. After them the king of Sheshach will drink.|Keeps the widening geographical scope and the encoded final name rather than replacing it silently with Babylon.
25:27|“Tell them: ‘The **LORD** of hosts, the God of Israel, says: Drink, get drunk, vomit, fall, and never rise again, because of the sword I am sending among you.’|Preserves the sequence of humiliating physical commands and its violent cause.
25:28|If they refuse to take the cup from your hand and drink, tell them: ‘The **LORD** of hosts says: You will certainly drink!|Keeps the refusal hypothetical and the response emphatic.
25:29|For look, I am beginning to bring disaster on the city that bears my name. Do you expect to go unpunished? You will not go unpunished, for I am summoning a sword against everyone who lives on the earth, declares the **LORD** of hosts.’|Retains the name-bearing city and the repeated denial of exemption.
25:30|“You must prophesy all these words to them. Tell them:\nThe **LORD** roars from on high;\nfrom his holy dwelling he raises his voice.\nHe roars mightily over his pasture.\nLike those treading grapes, he shouts\nagainst all the inhabitants of the earth.|Preserves the roaring, dwelling, pasture, and wine-treading images in their sequence.
25:31|The uproar reaches the ends of the earth,\nfor the **LORD** has a case against the nations.\nHe brings all flesh to judgment;\nhe hands the wicked over to the sword,\ndeclares the **LORD**.|Keeps the legal dispute, all-flesh scope, and sentence against the wicked.
25:32|The **LORD** of hosts says:\nLook! Disaster spreads from nation to nation;\na mighty storm rises\nfrom the farthest reaches of the earth.|Preserves movement across nations and the storm's remote origin.
25:33|“On that day, those slain by the **LORD** will lie from one end of the earth to the other. They will not be mourned, gathered, or buried. They will be dung on the surface of the ground.|Retains all three denied burial acts and the deliberately degrading comparison.
25:34|Wail and cry out, shepherds!\nRoll in the dust, leaders of the flock!\nYour days for slaughter and scattering have come;\nyou will fall like a precious vessel.|Retains the difficult scattering phrase and the falling-vessel comparison, with uncertainty noted.
25:35|The shepherds will have nowhere to flee;\nthe leaders of the flock will have no escape.|Preserves both parallel denials of refuge.
25:36|Listen to the shepherds' cry,\nthe wailing of the leaders of the flock!\nThe **LORD** is devastating their pasture.|Makes the sound construction natural while preserving the cause of the lament.
25:37|The peaceful pastures lie silent\nbecause of the **LORD**'s burning anger.|Keeps silence in places formerly at peace and the burning-anger image.
25:38|Like a young lion he has left his lair.\nTheir land has become a horror\nbecause of the fury of the oppressor\nand because of his burning anger.”|Retains the lion's departure and the pointed source's oppressor reading, flagged in a note.
26:1|At the beginning of the reign of Jehoiakim son of Josiah, king of Judah, this word came from the **LORD**:|Keeps the reign's beginning without assigning an unstated year.
26:2|“The **LORD** says: Stand in the courtyard of the house of the **LORD**. Speak to the people of all Judah's towns who come to worship at the house of the **LORD**. Tell them everything I command you to say. Do not leave out a word.|Clarifies towns as their visiting inhabitants and retains the three divine-name occurrences and completeness command.
26:3|Perhaps they will listen and turn back, each from their evil way. Then I will relent from the disaster I intend to bring on them because of their evil deeds.|Preserves the possibility, individual response, and conditional relenting.
26:4|Tell them: ‘The **LORD** says: If you will not listen to me and follow the instruction I have set before you,|Renders torah as instruction while retaining its authoritative placement before the audience.
26:5|or listen to the words of my servants the prophets whom I keep sending to you again and again—though you have not listened—|Keeps persistent sending and the interrupting reminder of refusal.
26:6|then I will make this house like Shiloh and make this city a curse among all the nations of the earth.’”|Retains Shiloh as a named warning and follows the read demonstrative without extra implication.
26:7|The priests, the prophets, and all the people heard Jeremiah speak these words in the house of the **LORD**.|Keeps the three groups who heard the warning.
26:8|When Jeremiah finished saying everything the **LORD** had commanded him to say to all the people, the priests, the prophets, and all the people seized him. “You must die!” they said.|Preserves the seizure and emphatic death demand without attributing it only to the priests.
26:9|“Why have you prophesied in the name of the **LORD** that this house will become like Shiloh and this city will be ruined and uninhabited?” All the people crowded around Jeremiah in the house of the **LORD**.|Retains the disputed prophecy and the surrounding crowd.
26:10|When Judah's officials heard about this, they came up from the royal palace to the house of the **LORD** and took their seats at the entrance of the New Gate of the **LORD**'s house.|Preserves the move upward and identifies the gate setting for the hearing.
26:11|The priests and prophets said to the officials and all the people, “This man deserves a death sentence! He has prophesied against this city, as you heard with your own ears.”|Makes the legal demand explicit and retains the appeal to the audience's own hearing.
26:12|Jeremiah answered all the officials and all the people: “The **LORD** sent me to prophesy against this house and this city all the words you have heard.|Preserves his defense as a claim of divine commissioning.
26:13|Now put your ways and your deeds right. Listen to the voice of the **LORD** your God, and the **LORD** will relent from the disaster he has announced against you.|Keeps both conduct and deeds and the conditional possibility of relenting.
26:14|As for me, here I am in your hands. Do to me whatever seems good and right to you.|Retains surrender to their power without endorsing their judgment as actually just.
26:15|But know this for certain: if you put me to death, you will bring innocent blood upon yourselves, this city, and its inhabitants. For the **LORD** truly sent me to speak all these words in your hearing.”|Preserves the emphatic warning of bloodguilt and the asserted truth of the commission.
26:16|Then the officials and all the people told the priests and prophets, “This man does not deserve a death sentence. He has spoken to us in the name of the **LORD** our God.”|Keeps the people's changed alignment and the reversal of the death verdict.
26:17|Some of the elders of the land stood up and addressed the whole assembly of the people:|Identifies the new speakers as some elders rather than every elder.
26:18|“Micah of Moresheth prophesied in the days of Hezekiah king of Judah. He told all the people of Judah, ‘The **LORD** of hosts says:\nZion will be plowed like a field;\nJerusalem will become heaps of rubble,\nand the temple hill a wooded height.’|Follows the read name Micah and preserves the quoted three-part devastation prophecy inside the verse paragraph.
26:19|Did Hezekiah king of Judah and all Judah put him to death? Did he not fear the **LORD** and seek the favor of the **LORD**, so that the **LORD** relented from the disaster he had announced against them? We are about to bring great harm on ourselves!”|Retains the questions, three divine names, and the elders' warning about their own danger.
26:20|There was also a man who prophesied in the name of the **LORD**: Uriah son of Shemaiah, from Kiriath-jearim. He prophesied against this city and this land in words like Jeremiah's.|Introduces the contrasting prophet without automatically making this an extension of the elders' speech.
26:21|King Jehoiakim, all his warriors, and all his officials heard his words, and the king sought to kill him. When Uriah heard about it, he became afraid, fled, and went to Egypt.|Keeps the king's pursuit, the prophet's fear, and the destination.
26:22|King Jehoiakim sent men to Egypt—Elnathan son of Achbor and other men with him.|Preserves the named agent and his father's name.
26:23|They brought Uriah out of Egypt and took him to King Jehoiakim. The king struck him down with the sword and threw his body into the graves of the common people.|Retains the forced return, direct royal killing, and degrading disposal.
26:24|But Ahikam son of Shaphan supported Jeremiah, so he was not handed over to the people to be put to death.|Preserves the named protector and the concrete difference between the two prophets' outcomes.
27:1|At the beginning of the reign of Jehoiakim son of Josiah, king of Judah, this word came to Jeremiah from the **LORD**:|Retains the pinned source's Jehoiakim despite the later Zedekiah setting; the discrepancy is noted rather than silently repaired.
27:2|“The **LORD** said this to me: Make straps and yoke bars for yourself, and put them on your neck.|Keeps both components of the physical sign and the source's shift to first-person reporting.
27:3|Send them to the kings of Edom, Moab, the Ammonites, Tyre, and Sidon through the messengers who have come to Jerusalem to King Zedekiah of Judah.|Preserves all five recipients and the explicitly named reigning king.
27:4|Give the messengers this charge for their masters: ‘The **LORD** of hosts, the God of Israel, says: Tell your masters this:|Clarifies whom the plural command addresses while retaining the nested message.
27:5|I made the earth, the people, and the animals on the face of the earth by my great power and my outstretched arm. I give it to whomever I see fit.|Preserves creation's human and animal scope and the outstretched arm.
27:6|Now I have put all these lands into the hand of my servant Nebuchadnezzar king of Babylon. I have even given him the wild animals to serve him.|Keeps the servant title and the startling inclusion of wild animals.
27:7|All the nations will serve him, his son, and his grandson, until the time comes for his own land as well. Then many nations and great kings will enslave him.|Retains the stated succession and reversal without forcing it into a reconstructed chronology.
27:8|Any nation or kingdom that will not serve Nebuchadnezzar king of Babylon, that will not put its neck under the yoke of the king of Babylon, I will call to account with sword, famine, and plague, declares the **LORD**, until I finish them off by his hand.|Preserves submission's neck-and-yoke image and all three violent consequences.
27:9|So do not listen to your prophets, diviners, dreams, omen readers, or sorcerers who tell you, “You will not serve the king of Babylon.”|Retains the source's 'dreams' rather than silently changing it to dreamers and lists all forms of claimed guidance.
27:10|They are prophesying lies to you, which will take you far from your soil. I will drive you out, and you will perish.|Keeps the consequence of false prophecy and the speaker's declared agency.
27:11|But any nation that puts its neck under the yoke of the king of Babylon and serves him, I will leave on its own soil, declares the **LORD**, to cultivate it and live there.’”|Retains the conditional alternative and the parallel service/cultivation language.
27:12|I spoke these same words to Zedekiah king of Judah: “Put your necks under the yoke of the king of Babylon. Serve him and his people, and live.|Preserves the king's audience and plural command extending to his people.
27:13|Why should you and your people die by sword, famine, and plague, as the **LORD** has said about any nation that will not serve the king of Babylon?|Keeps the rhetorical appeal to survival and the repeated three disasters.
27:14|Do not listen to the words of the prophets who tell you, ‘You will not serve the king of Babylon.’ They are prophesying lies to you.|Retains the repeated false promise in direct speech.
27:15|‘I did not send them,’ declares the **LORD**, ‘yet they prophesy falsely in my name. The result will be that I drive you out, and you perish—you and the prophets who prophesy to you.’”|Makes the purpose-result construction readable while preserving the shared fate and denial of commission.
27:16|I also spoke to the priests and all this people: “The **LORD** says: Do not listen to your prophets who prophesy to you, ‘Look, the vessels of the house of the **LORD** will soon be brought back from Babylon!’ They are prophesying lies to you.|Keeps the distinct priestly audience and the specific promise about temple vessels.
27:17|Do not listen to them. Serve the king of Babylon, and live. Why should this city become a ruin?|Preserves the repeated command and question rather than reducing them to a summary.
27:18|If they really are prophets, and if the word of the **LORD** is with them, let them plead with the **LORD** of hosts that the vessels still in the house of the **LORD**, in the palace of the king of Judah, and in Jerusalem will not go to Babylon.|Keeps all three divine-name references and all three locations in the test of prophetic intercession.
27:19|For the **LORD** of hosts says this about the pillars, the Sea, the stands, and the rest of the vessels left in this city,|Retains the named temple furnishings, with Sea explained in vocabulary.
27:20|which Nebuchadnezzar king of Babylon did not take when he exiled Jeconiah son of Jehoiakim, king of Judah, from Jerusalem to Babylon, along with all the nobles of Judah and Jerusalem:|Preserves the specific earlier deportation and the distinction between vessels taken and left.
27:21|Yes, the **LORD** of hosts, the God of Israel, says this about the vessels left in the house of the **LORD**, in the palace of the king of Judah, and in Jerusalem:|Retains the deliberate repeated introduction and locations.
27:22|‘They will be brought to Babylon and remain there until the day I attend to them, declares the **LORD**. Then I will bring them up and restore them to this place.’”|Keeps future attention and restoration without inventing an exact date.
28:1|That same year, early in the reign of Zedekiah king of Judah, in the fifth month of the fourth year, the prophet Hananiah son of Azzur, from Gibeon, spoke to me in the house of the **LORD** before the priests and all the people:|Preserves both 'early' and the explicit fourth-year date without resolving their tension by omission.
28:2|“The **LORD** of hosts, the God of Israel, says: I have broken the yoke of the king of Babylon.|Keeps Hananiah's claim in his own voice rather than treating it as the narrator's confirmed oracle.
28:3|Within two full years I will bring back to this place all the vessels of the house of the **LORD** that Nebuchadnezzar king of Babylon took from here and brought to Babylon.|Retains the two-year deadline and the full temple-vessel claim.
28:4|I will also bring back to this place Jeconiah son of Jehoiakim, king of Judah, and all the exiles of Judah who went to Babylon, declares the **LORD**, for I will break the yoke of the king of Babylon.”|Keeps the promised king, exiles, and repeated yoke claim together.
28:5|Then Jeremiah the prophet spoke to Hananiah the prophet before the priests and all the people standing in the house of the **LORD**.|Retains the narrator's prophet title for both men and the public setting.
28:6|Jeremiah the prophet said, “Amen! May the **LORD** do so! May the **LORD** fulfill the words you have prophesied by bringing the vessels of the house of the **LORD** and all the exiles back from Babylon to this place.|Preserves the wish, not an assertion that the prediction is true, and all three divine names.
28:7|But listen to this word I am speaking in your hearing and in the hearing of all the people.|Keeps the turn from wish to public challenge.
28:8|The prophets who came before you and me, from long ago, prophesied war, disaster, and plague against many lands and great kingdoms.|Retains the inherited pattern and three kinds of warning.
28:9|As for a prophet who prophesies peace, only when that prophet's word comes true will it be known that the **LORD** truly sent him.”|Preserves fulfillment as the stated test for a peace prophecy.
28:10|Then Hananiah the prophet took the yoke bar from the neck of Jeremiah the prophet and broke it.|Keeps the physical action and both titles without interpreting motive.
28:11|Before all the people, Hananiah said, “The **LORD** says: In just this way, within two full years, I will break the yoke of Nebuchadnezzar king of Babylon from the neck of all the nations.” Then Jeremiah the prophet went on his way.|Preserves the repeated deadline and Jeremiah's departure without inventing a reply at that moment.
28:12|After Hananiah the prophet had broken the yoke bar from the neck of Jeremiah the prophet, the word of the **LORD** came to Jeremiah:|Keeps the explicit timing and the repeated description of the broken sign.
28:13|“Go and tell Hananiah: ‘The **LORD** says: You have broken wooden yoke bars, but in their place you have made iron yoke bars.|Retains the pinned second-person 'you have made' rather than shifting the agency to God.
28:14|For the **LORD** of hosts, the God of Israel, says: I have put an iron yoke on the neck of all these nations, so that they will serve Nebuchadnezzar king of Babylon. They will serve him. I have even given him the wild animals.’”|Keeps the repeated certainty of service and the animals' inclusion.
28:15|Jeremiah the prophet told Hananiah the prophet, “Listen, Hananiah. The **LORD** did not send you, yet you have made this people trust a lie.|Preserves direct personal address and the contrast between unauthorized mission and induced trust.
28:16|So the **LORD** says: I am sending you away from the face of the earth. This year you will die, because you have preached rebellion against the **LORD**.”|Retains the sending wordplay and the specific this-year sentence.
28:17|Hananiah the prophet died that same year, in the seventh month.|Preserves the precise month and the title even at the fulfillment of the death warning.
29:1|These are the words of the letter Jeremiah the prophet sent from Jerusalem to the surviving elders of the exiles, the priests, the prophets, and all the people whom Nebuchadnezzar had exiled from Jerusalem to Babylon.|Preserves the letter's sender and all recipient groups, including the remaining elders.
29:2|This was after King Jeconiah, the queen mother, the court officers, the officials of Judah and Jerusalem, and the craftworkers and smiths had left Jerusalem.|Keeps the deported social groups and the queen mother's specific role.
29:3|He sent it through Elasah son of Shaphan and Gemariah son of Hilkiah, whom Zedekiah king of Judah had sent to Nebuchadnezzar king of Babylon in Babylon. The letter said:|Preserves both messengers' names and fathers, distinguishing the royal mission from carrying Jeremiah's letter.
29:4|“The **LORD** of hosts, the God of Israel, says this to all the exiles whom I sent from Jerusalem to Babylon:|Retains the speaker's declared agency in the exile.
29:5|Build houses and live in them. Plant gardens and eat their fruit.|Keeps the paired commands to settle and cultivate rather than adding a general motivational message.
29:6|Take wives and have sons and daughters. Find wives for your sons and give your daughters in marriage, so that they too may have sons and daughters. Increase there; do not dwindle.|Preserves the ancient marriage arrangements, both genders of children, and the command for growth in exile.
29:7|Seek the well-being of the city where I have exiled you, and pray to the **LORD** on its behalf. Its well-being will be your well-being.|Uses the same rendering for all three occurrences of shalom to make the shared welfare connection audible.
29:8|For the **LORD** of hosts, the God of Israel, says: Do not let the prophets and diviners among you deceive you. Do not listen to the dreams you encourage them to dream.|Preserves the causative dream wording, with the possible direct dreaming sense noted.
29:9|They are prophesying lies to you in my name. I did not send them, declares the **LORD**.|Keeps the false use of the name and denial of commission.
29:10|“For the **LORD** says: When seventy years are complete for Babylon, I will attend to you and fulfill my good promise to bring you back to this place.|Retains 'for Babylon' rather than converting it into seventy years for each exile.
29:11|For I know the plans I have for you, declares the **LORD**—plans for well-being, not for harm, to give you a future and hope.|Keeps the plural exiled audience in context and preserves both future and hope without promising individual wealth.
29:12|Then you will call on me, come and pray to me, and I will listen to you.|Preserves calling, coming, praying, and the answer of listening.
29:13|You will seek me and find me when you search for me with your whole heart.|Retains the connection between finding and whole-hearted seeking.
29:14|I will let you find me, declares the **LORD**. I will restore your fortunes and gather you from all the nations and all the places where I drove you, declares the **LORD**. I will bring you back to the place from which I exiled you.|Follows the read form for fortunes; keeps both declarations and the gathering from all places.
29:15|“You have said, ‘The **LORD** has raised up prophets for us in Babylon.’|Keeps the exiles' claim as quoted speech leading into the response.
29:16|But this is what the **LORD** says about the king who sits on David's throne and all the people living in this city, your brothers who did not go into exile with you.|Preserves the change of subject to those still in Jerusalem and the brother relationship.
29:17|The **LORD** of hosts says: I am sending sword, famine, and plague against them. I will make them like rotten figs, so bad they cannot be eaten.|Retains the three disasters and the repeated fig image connecting chapter 24.
29:18|I will pursue them with sword, famine, and plague. I will make them an object of horror to all the kingdoms of the earth—a curse, a desolation, something to hiss at, and a reproach among all the nations where I drive them.|Preserves the repeated disasters and all the public-disgrace terms, following the read horror form.
29:19|They did not listen to my words, declares the **LORD**, though I sent my servants the prophets to them again and again. And you did not listen either, declares the **LORD**.|Keeps the consequential shift from 'they' to 'you' rather than harmonizing the audience.
29:20|“But you, all the exiles whom I sent from Jerusalem to Babylon, hear the word of the **LORD**.|Makes the renewed direct address explicit.
29:21|The **LORD** of hosts, the God of Israel, says this about Ahab son of Kolaiah and Zedekiah son of Maaseiah, who prophesy lies to you in my name: I will hand them over to Nebuchadnezzar king of Babylon, and he will strike them down before your eyes.|Preserves the fathers' names to distinguish these men from kings of the same names.
29:22|All the exiles of Judah in Babylon will use their fate as a curse: ‘May the **LORD** make you like Zedekiah and Ahab, whom the king of Babylon roasted in the fire.’|Retains the brutal manner of killing and the order of names in the curse.
29:23|For they have done an outrage in Israel: they committed adultery with their neighbors' wives and spoke lies in my name that I did not command them to speak. I am the one who knows, and I am witness, declares the **LORD**.”|Follows the read 'one who knows' despite the divided written form; preserves adultery and unauthorized speech.
29:24|Tell Shemaiah the Nehelamite:|Keeps the new recipient's identifying designation without inventing its origin.
29:25|“The **LORD** of hosts, the God of Israel, says: You sent letters in your own name to all the people in Jerusalem, to the priest Zephaniah son of Maaseiah, and to all the priests. You wrote:|Preserves the unauthorized sender's own name and all letter recipients while unpacking the long introductory syntax.
29:26|‘The **LORD** has made you priest in place of Jehoiada the priest, so that there will be officers in the house of the **LORD** to deal with every madman who acts as a prophet. You must put him in the stocks and the neck restraint.|Keeps 'madman' within Shemaiah's hostile letter, and retains both devices of confinement with uncertainty noted.
29:27|So why have you not rebuked Jeremiah of Anathoth, who acts as a prophet among you?|Preserves the hostile description and Jeremiah's hometown.
29:28|He has sent word to us in Babylon: “It will be a long time. Build houses and live in them. Plant gardens and eat their fruit.”’”|Retains the letter's quotation of Jeremiah and its repeated settlement commands.
29:29|Zephaniah the priest read this letter aloud to Jeremiah the prophet.|Keeps the priest's actual response distinct from the punishment Shemaiah requested.
29:30|Then the word of the **LORD** came to Jeremiah:|Retains the revelation formula at the change of scene.
29:31|“Send this message to all the exiles: ‘The **LORD** says this about Shemaiah the Nehelamite: Because Shemaiah prophesied to you when I had not sent him, and made you trust a lie,|Preserves the causal introduction and the two connected accusations.
29:32|the **LORD** says: I will call Shemaiah the Nehelamite and his offspring to account. He will have no one living among this people, and he will not see the good I am going to do for my people, declares the **LORD**, because he has preached rebellion against the **LORD**.’”|Keeps the offspring consequence, exclusion from coming good, and all three divine-name occurrences.
30:1|This is the word that came to Jeremiah from the **LORD**:|Retains the opening revelation formula.
30:2|“The **LORD**, the God of Israel, says: Write in a scroll all the words I have spoken to you.|Preserves the command for a written collection and its full scope.
30:3|For look, days are coming, declares the **LORD**, when I will restore the fortunes of my people Israel and Judah, says the **LORD**. I will bring them back to the land I gave their ancestors, and they will possess it.”|Keeps both Israel and Judah, both speech formulas, and renewed possession of ancestral land.
30:4|These are the words the **LORD** spoke concerning Israel and Judah:|Preserves the repeated identification of both peoples.
30:5|“The **LORD** says:\nWe have heard a cry of terror,\nfear, and no peace.|Retains the first-person plural within the oracle rather than silently changing it to a narrator's report.
30:6|Ask and see:\nCan a male give birth?\nWhy, then, do I see every man\nwith his hands on his waist like a woman in labor?\nWhy has every face turned pale?|Preserves the specifically male subjects and the childbirth comparison without neutralizing their contrast.
30:7|Alas, that day is great;\nthere is none like it!\nIt is a time of distress for Jacob,\nyet he will be saved out of it.|Keeps the unparalleled distress and rescue from within it together.
30:8|“On that day, declares the **LORD** of hosts, I will break his yoke from your neck and tear off your straps. Foreigners will no longer enslave him.|Preserves the source's shifts between second and third person and leaves the oppressor unnamed.
30:9|They will serve the **LORD** their God and David their king, whom I will raise up for them.|Retains David as named rather than inserting a later identification or explaining away the wording.
30:10|So do not be afraid, my servant Jacob,\ndeclares the **LORD**;\ndo not be dismayed, Israel.\nI will save you from far away,\nand your offspring from the land of their captivity.\nJacob will return and be at rest, at ease,\nwith no one to make him afraid.|Keeps both names, the distant offspring, and the accumulated assurances of security.
30:11|For I am with you to save you, declares the **LORD**.\nI will make an end of all the nations\namong whom I scattered you,\nbut I will not make an end of you.\nI will discipline you with justice;\nI will certainly not leave you unpunished.|Preserves the contrast in destruction while retaining real discipline and accountability.
30:12|“For the **LORD** says:\nYour fracture is beyond healing;\nyour wound is grievous.|Retains both fracture and wound as bodily images of the people's condition.
30:13|No one pleads your case.\nThere is no treatment for your sore,\nno healing for you.|Keeps the legal and medical images alongside each other without collapsing them.
30:14|All your lovers have forgotten you;\nthey no longer seek you out.\nI struck you as an enemy strikes,\nwith cruel discipline,\nbecause your guilt is so great\nand your sins so many.|Preserves the speaker's direct agency, the lovers' abandonment, and the severity of the discipline.
30:15|Why cry out over your fracture?\nYour pain is beyond healing.\nBecause your guilt is so great\nand your sins so many,\nI have done these things to you.|Retains the repeated accusation and the difficult attribution of suffering to the speaker.
30:16|Yet all who devour you will be devoured;\nall your enemies, every one, will go into captivity.\nThose who plunder you will be plundered,\nand all who prey on you I will give up as prey.|Preserves each reversal and the repeated totality of the enemies' captivity.
30:17|For I will restore your health\nand heal your wounds, declares the **LORD**,\nbecause they call you an outcast:\n‘She is Zion; no one cares about her.’|Keeps the healing reversal and the contemptuous quotation about Zion.
30:18|“The **LORD** says:\nI will restore the fortunes of Jacob's tents\nand have compassion on his dwellings.\nThe city will be rebuilt on its own mound,\nand the palace will stand in its rightful place.|Retains tents, dwellings, city mound, and palace as distinct restoration images.
30:19|Thanksgiving will come from them,\nand the sound of people celebrating.\nI will make them numerous; they will not dwindle.\nI will give them honor; they will not be insignificant.|Preserves the paired reversals of dwindling numbers and diminished standing.
30:20|Jacob's children will be as they were before;\nhis community will be established before me.\nI will call all his oppressors to account.|Clarifies the antecedent Jacob and retains the restored community and punished oppressors.
30:21|Their noble leader will be one of their own;\ntheir ruler will come from among them.\nI will bring him near, and he will approach me.\nFor who would pledge his own heart\nto approach me? declares the **LORD**.|Retains the native ruler and the difficult heart-pledging expression, explained briefly in a note.
30:22|You will be my people,\nand I will be your God.”|Retains the clear covenant formula unchanged in substance.
30:23|Look! The storm of the **LORD**!\nWrath has burst out, a sweeping storm;\nit whirls down on the heads of the wicked.|Preserves the echo of 23:19 while distinguishing the storm's descriptive participle.
30:24|The **LORD**'s burning anger will not turn back\nuntil he has done and accomplished\nwhat his heart intends.\nIn days to come you will understand it.|Maintains the deliberate echo of 23:20 without adding an end-times system.
31:1|“At that time, declares the **LORD**, I will be God to all the clans of Israel, and they will be my people.”|Preserves the inclusive all-clans wording and covenant relationship.
31:2|The **LORD** says:\n“The people who survived the sword\nfound favor in the wilderness,\nas Israel went to find rest.”|Retains survivors, wilderness favor, and the difficult movement toward rest with alternate construal noted.
31:3|From far away the **LORD** appeared to me:\n“I have loved you with an everlasting love;\ntherefore I have drawn you with steadfast love.|Keeps the first-person recipient and a spatial reading of distance while noting possible temporal and continuing-love senses.
31:4|I will build you again, and you will be rebuilt,\nvirgin Israel.\nAgain you will take up your tambourines\nand go out dancing with those who celebrate.|Preserves virgin Israel as a personification and the repeated 'again' of restored celebration.
31:5|Again you will plant vineyards\non the hills of Samaria.\nThose who plant them will enjoy their fruit.|Renders the technical release of produce into ordinary use as enjoyment, without omitting the planters' benefit.
31:6|For a day is coming when watchmen\nwill call out on the hills of Ephraim:\n‘Come, let us go up to Zion,\nto the **LORD** our God!’”|Retains Ephraim's movement toward Zion and the watchmen's direct invitation.
31:7|For the **LORD** says:\n“Sing with joy for Jacob!\nShout for the foremost of the nations!\nMake your praise heard and say,\n‘**LORD**, save your people,\nthe remnant of Israel!’|Preserves the pinned imperative 'save' rather than changing it into an announcement that salvation has occurred.
31:8|Look, I will bring them from the land of the north\nand gather them from the farthest reaches of the earth.\nAmong them will be the blind and those who are lame,\npregnant women and women in labor together.\nA great assembly will return here.|Keeps all specifically named vulnerable travelers and the large returning assembly.
31:9|They will come with weeping;\nwith pleas for mercy I will lead them.\nI will guide them beside streams of water\non a level path where they will not stumble.\nFor I am a father to Israel,\nand Ephraim is my firstborn.|Retains supplication rather than silently substituting consolation, and keeps water, safe path, and family images.
31:10|Hear the word of the **LORD**, nations!\nAnnounce it on distant coastlands.\nSay, ‘The one who scattered Israel will gather him\nand guard him as a shepherd guards his flock.’|Preserves the same agent in scattering and gathering and the shepherd comparison.
31:11|For the **LORD** has ransomed Jacob\nand redeemed him from a hand stronger than his.|Keeps both redemption verbs and the stronger hand image.
31:12|They will come and sing on Zion's height,\nstreaming toward the goodness of the **LORD**—\nthe grain, new wine, and oil,\nthe young of the flocks and herds.\nTheir life will be like a well-watered garden,\nand they will languish no more.|Preserves the flowing movement, full produce list, and garden image of renewed life.
31:13|Then young women will rejoice in dancing,\nand young men and old men together.\nI will turn their mourning into joy;\nI will comfort them and give them gladness in place of grief.|Keeps the age and gender groups and the doubled transformation of mourning.
31:14|I will satisfy the priests with rich food,\nand my people will be filled with my goodness,\ndeclares the **LORD**.”|Retains material plenty and the paired satisfaction of priests and people.
31:15|The **LORD** says:\n“A voice is heard in Ramah,\nlament and bitter weeping:\nRachel weeps for her children.\nShe refuses to be comforted for her children,\nbecause they are no more.”|Preserves Rachel's refusal and the repeated children, without prematurely resolving the lament into consolation.
31:16|The **LORD** says:\n“Hold back your voice from weeping\nand your eyes from tears,\nfor there is a reward for your labor,\ndeclares the **LORD**.\nThey will return from the enemy's land.|Keeps the promised response after the lament and both divine declarations.
31:17|There is hope for your future, declares the **LORD**;\nyour children will return to their own territory.|Retains future hope as the children's return to their territory.
31:18|I have surely heard Ephraim grieving:\n‘You disciplined me, and I was disciplined\nlike a calf not yet trained.\nBring me back, and I will return,\nfor you are the **LORD** my God.|Preserves the untrained-calf comparison and the causative/returning wordplay.
31:19|After I turned back, I repented;\nafter I came to understand, I struck my thigh.\nI was ashamed and humiliated,\nfor I bore the disgrace of my youth.’|Keeps the bodily gesture and the sequence of return, understanding, and shame, with alternate turning sense noted.
31:20|Is Ephraim not a dear son to me,\na child in whom I delight?\nWhenever I speak against him,\nI still remember him.\nThat is why my inward parts stir for him;\nI will surely have compassion on him,\ndeclares the **LORD**.|Retains questions, persistent remembering, and visceral compassion rather than replacing the body image entirely with emotion.
31:21|Set up road markers for yourself;\nput up signposts.\nSet your heart on the highway,\nthe road by which you went.\nReturn, virgin Israel;\nreturn to these towns of yours.|Follows the read second-person feminine 'you went' and keeps the repeated return invitation.
31:22|How long will you wander about,\nfaithless daughter?\nFor the **LORD** has created something new in the land:\na woman will surround a man.”|Preserves the difficult woman/man image without imposing a courtship, military, or incarnation interpretation.
31:23|The **LORD** of hosts, the God of Israel, says: “When I restore their fortunes, they will again say this in the land of Judah and its towns: ‘May the **LORD** bless you, dwelling of righteousness, holy mountain.’|Keeps the restored blessing and both names for the place addressed.
31:24|Judah and all its towns will live there together—farmers and those who travel with the flocks.|Preserves the agricultural and mobile pastoral populations together.
31:25|For I will refresh every weary person and satisfy every person who languishes.”|Retains the two kinds of need and their corresponding relief.
31:26|At this I awoke and looked around. My sleep had been pleasant to me.|Preserves the first-person waking report without assigning its speaker more explicitly than the text does.
31:27|“Look, days are coming, declares the **LORD**, when I will sow the house of Israel and the house of Judah with the seed of people and the seed of animals.|Keeps both houses and the agricultural image applied to humans and animals.
31:28|Just as I watched over them to uproot, tear down, overthrow, destroy, and bring harm, so I will watch over them to build and plant, declares the **LORD**.|Preserves every destructive verb and the repeated watching that now turns to restoration.
31:29|In those days they will no longer say, ‘The fathers have eaten sour grapes, and the children's teeth are set on edge.’|Retains the proverb's fathers, children, and bodily image.
31:30|Instead, each person will die for their own guilt. Everyone who eats sour grapes will have their own teeth set on edge.|Preserves personal responsibility and the proverb's reapplied consequence.
31:31|“Look, days are coming, declares the **LORD**, when I will make a new covenant with the house of Israel and the house of Judah.|Retains new covenant and both named recipients without replacing them with a later interpretive community.
31:32|It will not be like the covenant I made with their ancestors when I took them by the hand to bring them out of the land of Egypt. They broke my covenant, though I was their husband, declares the **LORD**.|Preserves the hand-led exodus and the pinned marital/authority verb, with its range explained in a note.
31:33|This is the covenant I will make with the house of Israel after those days, declares the **LORD**: I will put my instruction within them and write it on their hearts. I will be their God, and they will be my people.|Keeps torah as instruction, the internal writing image, and the covenant formula.
31:34|No longer will each person teach their neighbor or their brother, saying, ‘Know the **LORD**,’ for they will all know me, from the least to the greatest, declares the **LORD**. For I will forgive their guilt and remember their sin no more.|Preserves universal knowing within the named people and both forgiveness and no longer remembering.
31:35|The **LORD** says—\nthe one who gives the sun for light by day,\nthe fixed order of moon and stars for light by night,\nwho stirs the sea so its waves roar,\nwhose name is the **LORD** of hosts:|Retains the ordered lights and turbulent sea together in the speaker's identification.
31:36|“Only if this fixed order departs from before me,\ndeclares the **LORD**,\nwill Israel's offspring cease\nto be a nation before me for all time.”|Keeps the conditional impossibility as the assurance of continued national existence.
31:37|The **LORD** says:\n“Only if the heavens above can be measured\nand the foundations of the earth below explored\nwill I reject all Israel's offspring\nbecause of all they have done,”\ndeclares the **LORD**.|Preserves both cosmic conditions and the repeated 'all' of offspring and deeds.
31:38|“Look, days are coming, declares the **LORD**, when the city will be rebuilt for the **LORD**, from the Tower of Hananel to the Corner Gate.|Includes the read word 'coming' supplied in the margin and preserves both boundary landmarks.
31:39|The measuring line will extend from there to the hill of Gareb and turn toward Goah.|Follows the read measuring-line form and retains both uncertain place names.
31:40|The whole valley of corpses and ashes, and all the fields as far as the Kidron Valley, to the corner of the Horse Gate on the east, will be holy to the **LORD**. It will never again be uprooted or demolished.”|Follows the read fields form and preserves the disturbing valley description and complete boundary sequence.
32:1|This word came to Jeremiah from the **LORD** in the tenth year of Zedekiah king of Judah, which was the eighteenth year of Nebuchadnezzar.|Preserves both regnal dates and follows the read year form.
32:2|At that time the army of the king of Babylon was besieging Jerusalem, and Jeremiah the prophet was confined in the guard courtyard of the palace of the king of Judah.|Keeps siege and confinement simultaneous and identifies the courtyard setting.
32:3|Zedekiah king of Judah had confined him, saying, “Why do you prophesy this: ‘The **LORD** says: I am handing this city over to the king of Babylon, and he will capture it?|Preserves the king's accusation and its quotation of the oracle.
32:4|Zedekiah king of Judah will not escape the Chaldeans. He will certainly be handed over to the king of Babylon and speak with him face to face, looking him in the eyes.|Follows the read plural eyes and keeps both direct encounter expressions.
32:5|He will take Zedekiah to Babylon, where he will remain until I attend to him, declares the **LORD**. Though you fight the Chaldeans, you will not succeed.’”|Keeps the unspecified future attention and the warning that resistance will fail.
32:6|Jeremiah said, “The word of the **LORD** came to me:|Marks the return to Jeremiah's own account.
32:7|‘Hanamel, the son of your uncle Shallum, is coming to you. He will say, “Buy my field at Anathoth, because you have the right of redemption to buy it.”’|Preserves the exact kinship and the legal reason for purchase.
32:8|Just as the **LORD** had said, my cousin Hanamel came to me in the guard courtyard. He said, ‘Please buy my field at Anathoth in the land of Benjamin. You have the inheritance right and the right of redemption. Buy it for yourself.’ Then I knew this was the word of the **LORD**.|Keeps both property rights and the recognition that follows the visit.
32:9|“So I bought the field at Anathoth from my cousin Hanamel and weighed out the silver for him: seventeen shekels.|Combines seven and ten into seventeen without changing the weight or introducing coins.
32:10|I wrote the deed, sealed it, called witnesses, and weighed the silver on scales.|Preserves all four formal actions and the weighed payment.
32:11|Then I took the purchase deed, the sealed document containing the terms and conditions, and the open copy.|Makes the legal-document construction readable while retaining sealed and open forms.
32:12|I gave the purchase deed to Baruch son of Neriah, son of Mahseiah, in the presence of my kinsman Hanamel, the witnesses who signed the purchase deed, and all the Judeans sitting in the guard courtyard.|Retains Baruch's two generations; renders the anomalous kinship term broadly and documents the literal uncle/cousin discrepancy.
32:13|In their presence I gave Baruch these instructions:|Keeps the public nature of the instruction.
32:14|‘The **LORD** of hosts, the God of Israel, says: Take these documents, this purchase deed—the sealed one—and this open document, and put them in an earthenware jar so they will last a long time.|Preserves both documents, earthenware storage, and the stated preservation purpose.
32:15|For the **LORD** of hosts, the God of Israel, says: Houses, fields, and vineyards will again be bought in this land.’|Retains all three property types as the meaning of the enacted purchase.
32:16|“After giving the purchase deed to Baruch son of Neriah, I prayed to the **LORD**:|Keeps prayer after completed obedience rather than moving it before the purchase.
32:17|‘Ah, Lord **GOD**! You made the heavens and the earth by your great power and your outstretched arm. Nothing is too difficult for you.|Uses the established Lord GOD convention for Adonai plus the divine name and preserves the creation appeal.
32:18|You show steadfast love to thousands and repay the guilt of fathers into the laps of their children after them. Great and mighty God, whose name is the **LORD** of hosts,|Retains both faithful love and the difficult intergenerational repayment image without harmonizing it with chapter 31.
32:19|you are great in counsel and mighty in deeds. Your eyes are open to all the ways of human beings, to give each person according to their ways and the fruit of their deeds.|Keeps seeing, personal accountability, and fruit as the result of action.
32:20|You performed signs and wonders in the land of Egypt and have continued them to this day, in Israel and among humankind. You made a name for yourself that remains to this day.|Preserves the extended reach of signs and the repeated present-day reference.
32:21|You brought your people Israel out of the land of Egypt with signs and wonders, a strong hand, an outstretched arm, and great terror.|Retains every exodus power image, including terror.
32:22|You gave them this land, which you swore to give their ancestors, a land flowing with milk and honey.|Preserves the oath and the familiar abundance image.
32:23|They entered and possessed it, but they did not listen to your voice or follow your instruction. They did none of what you commanded them to do. So you brought all this disaster upon them.|Follows the read singular instruction and keeps the emphatic comprehensive accusation.
32:24|Look, the siege ramps have reached the city to capture it. Through sword, famine, and plague, the city is being handed over to the Chaldeans who are fighting against it. What you said has happened, as you can see.|Preserves the concrete siege works, the three disasters, and the appeal to visible fulfillment.
32:25|Yet you, Lord **GOD**, told me, “Buy the field with silver and call witnesses,” even though the city is being handed over to the Chaldeans!’”|Keeps the unresolved tension in the prayer rather than adding an explicit question or answer.
32:26|Then the word of the **LORD** came to Jeremiah:|Retains the response's revelation formula.
32:27|“Look, I am the **LORD**, the God of all flesh. Is anything too difficult for me?|Preserves all flesh and the question echoing Jeremiah's own declaration.
32:28|So the **LORD** says: I am handing this city over to the Chaldeans and to Nebuchadnezzar king of Babylon, and he will capture it.|Keeps the announced fall despite the promise embodied in the field purchase.
32:29|The Chaldeans fighting against this city will come in, set it on fire, and burn it down, along with the houses on whose roofs people burned offerings to Baal and poured out drink offerings to other gods, provoking me.|Retains roof worship, both offering types, and the destruction of the houses involved.
32:30|From their youth, the people of Israel and Judah have done nothing but evil in my eyes. The people of Israel have done nothing but provoke me with the work of their hands, declares the **LORD**.|Preserves both emphatic 'nothing but' accusations and the childhood metaphor.
32:31|From the day it was built until today, this city has stirred my anger and wrath, so that I must remove it from my presence.|Keeps the full temporal sweep and removal from the speaker's presence.
32:32|This is because of all the evil the people of Israel and Judah have done to provoke me—they, their kings, their officials, their priests, their prophets, the people of Judah, and the inhabitants of Jerusalem.|Preserves the complete repeated list of responsible groups.
32:33|They turned their backs to me, not their faces. Though I taught them again and again, they would not listen and accept correction.|Keeps the bodily contrast and persistent teaching rather than reducing the verse to disobedience alone.
32:34|They put their detestable things in the house that bears my name and defiled it.|Retains the name-bearing temple and the defiling objects without guessing each object's form.
32:35|They built the high places of Baal in the Valley of Ben-hinnom to sacrifice their sons and daughters to Molech. I never commanded them to do this; it never entered my heart that they should commit such an abomination and lead Judah into sin.|Preserves both sons and daughters and the denial of divine command; a note explains the passing-over sacrifice idiom.
32:36|“Now, therefore, the **LORD**, the God of Israel, says this about the city you say is being handed over to the king of Babylon through sword, famine, and plague:|Retains the repeated siege diagnosis as the setting for the restoration promise.
32:37|I will gather them from all the lands where I drove them in my anger, wrath, and great fury. I will bring them back to this place and let them live in safety.|Keeps the same divine agent in furious dispersal and safe return.
32:38|They will be my people, and I will be their God.|Retains the clear covenant formula without unnecessary novelty.
32:39|I will give them one heart and one way, so that they will fear me always, for their own good and the good of their children after them.|Preserves united heart and way, enduring fear, and the next generation's good.
32:40|I will make an everlasting covenant with them: I will never turn away from doing them good. I will put the fear of me in their hearts, so that they will not turn away from me.|Keeps the reciprocal turning language and the internal fear that supports faithfulness.
32:41|I will rejoice in doing them good, and I will faithfully plant them in this land with all my heart and all my soul.|Retains the speaker's joy, planting image, and wholehearted commitment.
32:42|“For the **LORD** says: Just as I brought all this great disaster on this people, so I will bring on them all the good I am promising them.|Preserves the balanced certainty of disaster and good.
32:43|Fields will again be bought in this land that you call a desolate waste, without people or animals, handed over to the Chaldeans.|Keeps the people's description and the reversal through renewed purchases.
32:44|People will buy fields with silver, write and seal deeds, and call witnesses in the land of Benjamin, around Jerusalem, in the towns of Judah, and in the towns of the hill country, the Shephelah, and the Negeb. For I will restore their fortunes, declares the **LORD**.”|Preserves every legal action and geographical region as the field purchase's broader fulfillment.
33:1|The word of the **LORD** came to Jeremiah a second time while he was still confined in the guard courtyard:|Preserves the second message and continuing confinement.
33:2|“The **LORD** who does it, the **LORD** who shapes it and establishes it, whose name is the **LORD**, says:|Retains the unspecified object instead of silently adding earth, and preserves all three divine names.
33:3|Call to me, and I will answer you. I will tell you great things beyond your reach, things you do not know.|Renders the inaccessible/fortified image as beyond reach without implying secret information available on demand outside this address.
33:4|For the **LORD**, the God of Israel, says this about the houses of this city and the royal houses of Judah that have been torn down to face the siege ramps and the sword:|Preserves demolition in response to siege and the sword, with the difficult construction noted.
33:5|People come to fight the Chaldeans, but only to fill those houses with the bodies of people I have struck down in my anger and wrath. I have hidden my face from this city because of all their evil.|Keeps the grim result of defense and the speaker's agency without euphemizing the bodies.
33:6|Yet I will bring her recovery and healing. I will heal them and reveal to them an abundance of peace and faithfulness.|Retains the shifts between city and people and the paired peace and faithfulness.
33:7|I will restore the fortunes of Judah and Israel and build them up as they were before.|Keeps both peoples and the rebuilding image.
33:8|I will cleanse them from all the guilt of their sin against me. I will forgive all the guilt of their sins and their rebellion against me.|Preserves cleansing, forgiveness, repeated guilt, and deliberate rebellion; follows the read all form.
33:9|This city will bring me a joyful name, praise, and splendor before all the nations of the earth. They will hear of all the good I do for its people, and they will tremble in fear at all the good and peace I bring it.|Retains the surprising fear provoked by restoration rather than changing it into admiration alone.
33:10|“The **LORD** says: In this place that you call a waste, without people or animals—in Judah's towns and Jerusalem's streets, desolate, without people, inhabitants, or animals—there will once again be heard|Keeps the accumulating absence and lets the sentence continue into the returning sounds.
33:11|the sound of joy and gladness, the voice of bridegroom and bride, and the voices of those who say,\n‘Give thanks to the **LORD** of hosts,\nfor the **LORD** is good;\nhis steadfast love endures forever,’\nas they bring thanksgiving offerings to the house of the **LORD**. For I will restore the land's fortunes as they were before, says the **LORD**.|Preserves the reversal of 25:10, the thanksgiving formula, and all four divine names.
33:12|“The **LORD** of hosts says: In this place, now a waste without people or animals, and in all its towns, there will again be pastures where shepherds let their flocks rest.|Keeps shepherds and resting flocks as the concrete restoration scene.
33:13|In the towns of the hill country, the Shephelah, and the Negeb, in the land of Benjamin, around Jerusalem, and in Judah's towns, flocks will again pass under the hands of the one who counts them, says the **LORD**.|Preserves every region and the hand-counting image of tended animals.
33:14|“Look, days are coming, declares the **LORD**, when I will fulfill the good promise I made to the house of Israel and the house of Judah.|Keeps both houses and the good promise's fulfillment.
33:15|In those days, at that time,\nI will make a righteous Branch sprout for David.\nHe will do what is just and right in the land.|Retains the sprouting verb and Branch noun linking 23:5.
33:16|In those days Judah will be saved\nand Jerusalem will live securely.\nThis is what she will be called:\n‘The **LORD** is our righteousness.’|Preserves the feminine city's name, contrasting the king's name in 23:6.
33:17|For the **LORD** says: David will never lack a man to sit on the throne of the house of Israel.|Retains the uninterrupted succession promise and the named house of Israel.
33:18|Nor will the Levitical priests ever lack a man before me to offer burnt offerings, burn grain offerings, and make sacrifices continually.”|Preserves all three offering types and the ongoing priestly service.
33:19|The word of the **LORD** came to Jeremiah:|Retains the new revelation formula.
33:20|“The **LORD** says: If you can break my covenant with the day and my covenant with the night, so that day and night no longer come at their appointed times,|Preserves both covenants and the hypothetical disruption of their order.
33:21|then my covenant with my servant David can also be broken, so that he has no son to reign on his throne—and my covenant with the Levitical priests who serve me.|Keeps royal and priestly promises together in the conditional comparison.
33:22|As the host of heaven cannot be counted and the sand of the sea cannot be measured, so I will multiply the offspring of my servant David and the Levites who serve me.”|Retains stars as heaven's host and the uncountable sand image, with both groups promised increase.
33:23|The word of the **LORD** came to Jeremiah:|Retains the repeated revelation formula.
33:24|“Have you not noticed what this people says: ‘The **LORD** has rejected the two clans he chose’? They despise my people and no longer regard them as a nation.|Keeps the two clans unspecified in the text and the consequence of the dismissive claim.
33:25|The **LORD** says: If I had not made my covenant with day and night and established the fixed order of heaven and earth,|Makes the compressed conditional readable while preserving the cosmic order.
33:26|then I would also reject the offspring of Jacob and my servant David, and would not choose rulers from his offspring over the offspring of Abraham, Isaac, and Jacob. But I will restore their fortunes and have compassion on them.”|Follows the read causative restoration verb and preserves the ancestral names and conditional denial of rejection.
34:1|This word came to Jeremiah from the **LORD** while Nebuchadnezzar king of Babylon, all his army, all the kingdoms under his rule, and all the peoples were fighting Jerusalem and all its towns:|Retains the full coalition and simultaneous siege setting.
34:2|“The **LORD**, the God of Israel, says: Go to Zedekiah king of Judah and tell him, ‘The **LORD** says: I am handing this city over to the king of Babylon, and he will burn it down.|Keeps the messenger instruction and the repeated divine introduction.
34:3|You will not escape him. You will certainly be captured and handed over to him. You will look the king of Babylon in the eyes, and he will speak with you face to face. You will go to Babylon.|Preserves capture, direct encounter, and deportation as separate steps.
34:4|Yet hear the word of the **LORD**, Zedekiah king of Judah. The **LORD** says this about you: You will not die by the sword.|Keeps the limited assurance and both divine-name occurrences.
34:5|You will die in peace. As people made funeral burnings for your ancestors, the kings before you, so they will make burnings for you and mourn you, saying, “Alas, lord!” I myself have spoken this word, declares the **LORD**.’”|Preserves the funeral burning custom without asserting cremation or an unstated material.
34:6|Jeremiah the prophet spoke all these words to Zedekiah king of Judah in Jerusalem.|Retains the report that the commission was carried out.
34:7|The army of the king of Babylon was fighting Jerusalem and the towns of Judah still holding out—Lachish and Azekah, the only fortified towns of Judah that remained.|Keeps both named fortresses and their remaining status.
34:8|This word came to Jeremiah from the **LORD** after King Zedekiah made a covenant with all the people in Jerusalem to proclaim freedom for them:|Retains covenant and proclamation of freedom as the setting.
34:9|Everyone was to free their Hebrew slaves, male and female, so that no one would keep a fellow Judean, a brother, enslaved.|Makes enslavement explicit and preserves male and female slaves and the brother relationship.
34:10|All the officials and all the people who entered the covenant agreed to free their male and female slaves and no longer keep them enslaved. They obeyed and set them free.|Preserves both agreement and actual release rather than reducing it to an unfulfilled pledge.
34:11|But afterward they changed course. They took back the male and female slaves they had freed and forced them into slavery again.|Follows the read subjugation verb and makes the violent reversal explicit.
34:12|Then the word of the **LORD** came to Jeremiah from the **LORD**:|Preserves the doubled divine attribution rather than deleting it as redundant.
34:13|“The **LORD**, the God of Israel, says: I made a covenant with your ancestors when I brought them out of the land of Egypt, out of the house of slavery. I said:|Keeps the exodus from slavery as the basis of the obligation.
34:14|‘At the end of seven years, each of you must release a Hebrew brother who has been sold to you and has served you six years. You must set him free from your service.’ But your ancestors did not listen to me or incline their ears.|Preserves both seven and six rather than silently harmonizing the timing.
34:15|Recently you turned back and did what was right in my eyes: each of you proclaimed freedom for your neighbor. You made a covenant before me in the house that bears my name.|Keeps the initial good action and the solemn location of the covenant.
34:16|Then you turned back again and profaned my name. Each of you took back the male and female slaves you had set free to live as they wished, and forced them to be your slaves again.|Retains the repeated turning now used negatively and the freedom forcibly removed.
34:17|So the **LORD** says: You have not listened to me by proclaiming freedom for your brother and your neighbor. Now I proclaim freedom for you, declares the **LORD**—freedom to the sword, to plague, and to famine! I will make you an object of horror to all the kingdoms of the earth.|Keeps the bitter freedom wordplay and all three threatened disasters.
34:18|I will make the men who violated my covenant, who did not carry out the terms of the covenant they made before me, like the calf they cut in two and passed between its pieces:|Makes the implied comparison explicit while preserving the cut-animal covenant rite.
34:19|the officials of Judah and Jerusalem, the court officers, the priests, and all the people of the land who passed between the calf's pieces.|Retains all participating groups and the repeated passage between pieces.
34:20|I will hand them over to their enemies, to those seeking their lives. Their bodies will become food for the birds of the sky and the animals of the earth.|Preserves the unburied bodies and both scavenging groups.
34:21|I will also hand Zedekiah king of Judah and his officials over to their enemies, to those seeking their lives, and to the army of the king of Babylon that has withdrawn from you.|Keeps the temporary withdrawal as part of the threat rather than changing the siege chronology.
34:22|I will give the command, declares the **LORD**, and bring them back to this city. They will fight it, capture it, and burn it down. I will make Judah's towns a waste, without inhabitants.”|Preserves the ordered sequence of returning army, capture, fire, and desolation.
35:1|This word came to Jeremiah from the **LORD** in the days of Jehoiakim son of Josiah, king of Judah:|Retains the return to an earlier reign without rearranging the book chronologically.
35:2|“Go to the Rechabite family and speak with them. Bring them into one of the rooms in the house of the **LORD** and give them wine to drink.”|Keeps the specific family, temple room, and offered drink.
35:3|So I took Jaazaniah son of Jeremiah, son of Habazziniah, his brothers, all his sons, and the whole Rechabite family.|Preserves the three-generation identification and full family group.
35:4|I brought them into the house of the **LORD**, into the room of the sons of Hanan son of Igdaliah, the man of God. It was beside the officials' room, above the room of Maaseiah son of Shallum, the doorkeeper.|Keeps the room's named occupants and its adjacent and vertical locations.
35:5|I set bowls full of wine and cups before the members of the Rechabite family and told them, “Drink some wine.”|Retains both serving bowls and cups and the direct invitation.
35:6|They answered, “We will not drink wine. Our ancestor Jonadab son of Rechab commanded us, ‘Neither you nor your descendants must ever drink wine.|Keeps the refusal grounded in the named ancestor's command.
35:7|You must not build a house, sow seed, plant a vineyard, or own one. You must live in tents all your days, so that you may live a long time on the soil where you reside as foreigners.’|Preserves every prohibition and the purpose of a long life as resident outsiders.
35:8|We have obeyed our ancestor Jonadab son of Rechab in everything he commanded us. We have never drunk wine—neither we nor our wives, sons, or daughters.|Keeps all four household groups and lifelong obedience.
35:9|We have not built houses to live in, and we have no vineyards, fields, or sown crops.|Retains each category of settled property and agriculture.
35:10|We have lived in tents and have obeyed and done everything our ancestor Jonadab commanded us.|Keeps the repeated summary of obedience instead of dropping it as redundant.
35:11|But when Nebuchadnezzar king of Babylon invaded the land, we said, ‘Come, let us go to Jerusalem to escape the Chaldean and Aramean armies.’ That is why we are living in Jerusalem.”|Preserves both invading armies and the explanation for the family's apparent exception.
35:12|Then the word of the **LORD** came to Jeremiah:|Retains the revelation transition following the family's account.
35:13|“The **LORD** of hosts, the God of Israel, says: Go and tell the people of Judah and the inhabitants of Jerusalem, ‘Will you not accept correction and listen to my words? declares the **LORD**.|Keeps the addressed groups, rhetorical question, and both divine names.
35:14|The command of Jonadab son of Rechab that his descendants must not drink wine has been kept. They have drunk none to this day because they obeyed their ancestor's command. But I have spoken to you again and again, and you have not listened to me.|Preserves the contrast between obedience to an ancestor and refusal of persistent divine speech.
35:15|I have sent all my servants the prophets to you again and again, saying, “Turn back, each of you, from your evil way. Put your deeds right. Do not follow other gods to serve them. Then live on the soil I gave you and your ancestors.” But you have not inclined your ears or listened to me.|Retains the complete repeated prophetic message and both images of failed listening.
35:16|The descendants of Jonadab son of Rechab have carried out their ancestor's command, but this people has not listened to me.’|Keeps the conclusion's repeated contrast.
35:17|“So the **LORD**, the God of hosts, the God of Israel, says: I am bringing on Judah and all Jerusalem's inhabitants all the disaster I announced against them, because I spoke to them and they did not listen; I called to them and they did not answer.”|Preserves the fuller divine title and the paired speaking/listening and calling/answering clauses.
35:18|But Jeremiah told the Rechabite family, “The **LORD** of hosts, the God of Israel, says: Because you obeyed your ancestor Jonadab's command, kept all his commands, and did everything he told you,|Keeps the repeated obedience terms as the basis of the assurance.
35:19|the **LORD** of hosts, the God of Israel, says: Jonadab son of Rechab will never lack a man to stand before me.”|Preserves the enduring standing-before promise without inventing a particular priestly office.
36:1|In the fourth year of Jehoiakim son of Josiah, king of Judah, this word came to Jeremiah from the **LORD**:|Retains the exact year and royal genealogy.
36:2|“Take a scroll and write on it all the words I have spoken to you about Israel, Judah, and all the nations, from the day I first spoke to you in Josiah's time until today.|Keeps the full geographical and temporal scope of the written collection.
36:3|Perhaps the house of Judah will hear of all the disaster I intend to bring on them and turn back, each from their evil way. Then I can forgive their guilt and sin.”|Preserves the possibility of hearing, turning, and forgiveness rather than presenting judgment as mechanically unavoidable.
36:4|Jeremiah called Baruch son of Neriah. As Jeremiah dictated, Baruch wrote on a scroll all the words the **LORD** had spoken to him.|Makes the mouth-to-writing process readable while preserving the source of the words.
36:5|Then Jeremiah instructed Baruch: “I am prevented from going to the house of the **LORD**.|Keeps the nature of the restriction unspecified rather than asserting imprisonment here.
36:6|So you must go on a day of fasting and read aloud from the scroll the words of the **LORD** that you wrote at my dictation. Read them in the house of the **LORD** to the people, including all those who come from Judah's towns.|Retains the fasting occasion, both divine names, and both local and visiting listeners.
36:7|Perhaps their plea for mercy will fall before the **LORD**, and each will turn back from their evil way. For great are the anger and wrath the **LORD** has announced against this people.”|Preserves the falling-plea image and both divine names in the appeal.
36:8|Baruch son of Neriah did everything Jeremiah the prophet commanded him, reading from the scroll the words of the **LORD** in the house of the **LORD**.|Keeps the summary of obedience and the repeated name.
36:9|In the ninth month of the fifth year of Jehoiakim son of Josiah, king of Judah, all the people in Jerusalem and all who had come from Judah's towns to Jerusalem proclaimed a fast before the **LORD**.|Retains the later year, exact month, and both participating groups.
36:10|Baruch read Jeremiah's words from the scroll in the house of the **LORD**, in the room of Gemariah son of Shaphan the scribe, in the upper courtyard at the entrance to the New Gate of the house of the **LORD**. All the people could hear.|Keeps the named room, upper courtyard, gate, and public audibility.
36:11|Micaiah son of Gemariah, son of Shaphan, heard all the words of the **LORD** read from the scroll.|Preserves the listener's three-generation identity and all the words heard.
36:12|He went down to the royal palace, to the scribe's room. All the officials were sitting there: Elishama the scribe, Delaiah son of Shemaiah, Elnathan son of Achbor, Gemariah son of Shaphan, Zedekiah son of Hananiah, and all the other officials.|Keeps every named official and father, distinguishing this Zedekiah from the king.
36:13|Micaiah told them everything he had heard Baruch read from the scroll to the people.|Retains the chain from public reading to reported words.
36:14|All the officials sent Jehudi son of Nethaniah, son of Shelemiah, son of Cushi, to Baruch with this message: “Take the scroll you read to the people and come.” Baruch son of Neriah took the scroll and went to them.|Preserves the four-generation messenger identification and the requested physical scroll.
36:15|They said, “Please sit down and read it to us.” So Baruch read it to them.|Keeps both the courteous request and its fulfillment.
36:16|When they heard all the words, they looked at one another in fear and told Baruch, “We must report all these words to the king.”|Preserves their fear and emphatic decision to report everything.
36:17|They asked Baruch, “Please tell us how you wrote all these words at his dictation.”|Keeps the question focused on the writing process and oral source.
36:18|Baruch answered, “He dictated all these words to me, and I wrote them on the scroll in ink.”|Preserves dictation, writing surface, and ink as distinct details.
36:19|The officials told Baruch, “Go and hide, you and Jeremiah. Do not let anyone know where you are.”|Keeps both men in the protective instruction and the secrecy required.
36:20|They left the scroll in Elishama the scribe's room and went into the courtyard to the king. They reported all the words to him.|Preserves the stored scroll and oral report before the king orders the document fetched.
36:21|The king sent Jehudi to get the scroll. He took it from Elishama the scribe's room and read it to the king and all the officials standing beside him.|Keeps the messenger, storage location, and expanded royal audience.
36:22|It was the ninth month. The king was sitting in his winter quarters, with a fire burning in the brazier before him.|Retains the season marker, winter residence, and fire container.
36:23|Whenever Jehudi had read three or four columns, the king cut them off with a scribe's knife and threw them into the fire in the brazier, until the whole scroll was consumed in the fire.|Keeps the repeated cutting process, exact number range, and complete destruction; explicit king follows the narrative's attribution in 27–29.
36:24|Neither the king nor any of his servants who heard all these words became afraid or tore their clothes.|Retains both absent reactions, contrasting the officials' earlier fear.
36:25|Elnathan, Delaiah, and Gemariah urged the king not to burn the scroll, but he would not listen to them.|Keeps all three dissenting officials rather than flattening the court into one response.
36:26|The king ordered Jerahmeel the king's son, Seraiah son of Azriel, and Shelemiah son of Abdeel to arrest Baruch the scribe and Jeremiah the prophet. But the **LORD** hid them.|Preserves all three arrest agents and the final divine protection.
36:27|After the king had burned the scroll containing the words Baruch wrote at Jeremiah's dictation, the word of the **LORD** came to Jeremiah:|Keeps the sequence and the repeated oral-to-written origin.
36:28|“Take another scroll and write on it all the former words that were on the first scroll, which Jehoiakim king of Judah burned.|Preserves replacement and the command to restore all earlier words.
36:29|And say about Jehoiakim king of Judah: ‘The **LORD** says: You burned this scroll, saying, “Why did you write on it that the king of Babylon will certainly come, devastate this land, and leave it without people or animals?”|Keeps the king's stated objection and both human and animal losses predicted.
36:30|So the **LORD** says about Jehoiakim king of Judah: He will have no one to sit on David's throne. His body will be thrown out, exposed to the heat by day and the frost by night.|Retains the dynastic threat and the unburied body's contrasting exposures.
36:31|I will call him, his offspring, and his servants to account for their guilt. I will bring on them, on Jerusalem's inhabitants, and on the people of Judah all the disaster I announced to them, because they did not listen.’”|Preserves each responsible group and the refusal to listen as the concluding reason.
36:32|Jeremiah took another scroll and gave it to Baruch son of Neriah the scribe. At Jeremiah's dictation he wrote on it all the words of the scroll Jehoiakim king of Judah had burned in the fire. Many more words like them were added.|Keeps both full replacement and additional words without claiming the second scroll was identical in scope.
37:1|Zedekiah son of Josiah became king in place of Coniah son of Jehoiakim. Nebuchadnezzar king of Babylon had made him king over the land of Judah.|Preserves the succession and Babylonian appointment.
37:2|Neither he nor his servants nor the people of the land listened to the words the **LORD** spoke through Jeremiah the prophet.|Keeps all three non-listening groups.
37:3|King Zedekiah sent Jehucal son of Shelemiah and the priest Zephaniah son of Maaseiah to Jeremiah the prophet with this request: “Please pray to the **LORD** our God for us.”|Retains both envoys and their fathers, and the request for intercession.
37:4|Jeremiah was still coming and going among the people; they had not yet put him in prison.|Follows the read prison form and preserves the chronology before confinement.
37:5|Pharaoh's army had marched out of Egypt. When the Chaldeans besieging Jerusalem heard the news, they withdrew from Jerusalem.|Keeps the reported movement as the cause of the temporary withdrawal.
37:6|Then the word of the **LORD** came to Jeremiah the prophet:|Preserves the revelation formula and prophet title.
37:7|“The **LORD**, the God of Israel, says: Tell the king of Judah who sent you to inquire of me: Pharaoh's army, which marched out to help you, is going back to its own land, Egypt.|Retains the stated purpose of Egyptian aid and its reversal.
37:8|The Chaldeans will return, fight this city, capture it, and burn it down.|Keeps the full sequence of promised military actions.
37:9|The **LORD** says: Do not deceive yourselves by saying, ‘The Chaldeans will surely leave us.’ They will not leave.|Preserves the emphatic false assurance and its direct denial.
37:10|Even if you defeated the whole Chaldean army fighting against you, leaving only wounded men, each would rise from his tent and burn this city down.”|Retains the extreme hypothetical and the wounded survivors' action without making it a historical report.
37:11|When the Chaldean army withdrew from Jerusalem because of Pharaoh's army,|Keeps the timing clause open for Jeremiah's attempted departure.
37:12|Jeremiah set out from Jerusalem for the land of Benjamin to receive his share there among the people.|Uses the allotment sense of the difficult verb and notes uncertainty about the precise errand.
37:13|At the Benjamin Gate, a guard officer named Irijah son of Shelemiah, son of Hananiah, seized Jeremiah the prophet. “You are deserting to the Chaldeans!” he said.|Preserves the officer's three-generation identity and accusation as speech.
37:14|“That is a lie!” Jeremiah answered. “I am not deserting to the Chaldeans.” But Irijah would not listen. He arrested Jeremiah and brought him to the officials.|Keeps Jeremiah's denial and the official's refusal to hear it.
37:15|The officials were angry with Jeremiah. They beat him and imprisoned him in the house of Jonathan the scribe, which they had made into a prison.|Preserves the officials' direct beating and the converted-house prison.
37:16|Jeremiah was put into the dungeon, into its cells, and remained there many days.|Retains both confinement terms and duration, with the rare cell term noted.
37:17|Then King Zedekiah sent for him. In his palace the king secretly asked, “Is there a word from the **LORD**?” Jeremiah answered, “There is. You will be handed over to the king of Babylon.”|Keeps the secret setting and blunt reply without softening its content.
37:18|Jeremiah also said to King Zedekiah, “What wrong have I done to you, your servants, or this people, that you have put me in prison?|Retains the challenge to the three groups involved.
37:19|Where are your prophets who prophesied to you, ‘The king of Babylon will not come against you or against this land’?|Follows the read interrogative and preserves the failed prediction.
37:20|Now, my lord the king, please listen. Let my plea fall before you: do not send me back to Jonathan the scribe's house, or I will die there.”|Keeps the plea image and the concrete fear of death in confinement.
37:21|King Zedekiah ordered Jeremiah to be held in the guard courtyard and given a loaf of bread each day from the bakers' street, until all the bread in the city was gone. So Jeremiah remained in the guard courtyard.|Preserves the daily ration, its source and limit, and continuing confinement.
38:1|Shephatiah son of Mattan, Gedaliah son of Pashhur, Jucal son of Shelemiah, and Pashhur son of Malchijah heard what Jeremiah was telling all the people:|Keeps all four officials and fathers, including the short form Jucal.
38:2|“The **LORD** says: Anyone who stays in this city will die by sword, famine, or plague. Anyone who goes out to the Chaldeans will live; that person's own life will be their plunder, and they will live.|Follows the read living form and preserves both repetitions of survival and the life-as-plunder image.
38:3|The **LORD** says: This city will certainly be handed over to the army of the king of Babylon, and he will capture it.”|Keeps the emphatic certainty of capture.
38:4|The officials told the king, “This man must be put to death. By saying such things, he is weakening the hands of the soldiers still in this city and of all the people. This man is seeking harm for this people, not their well-being.”|Preserves the hands image and the officials' accusation as their judgment.
38:5|King Zedekiah answered, “He is in your hands. The king can do nothing against you.”|Retains the king's third-person self-reference and declared inability to resist.
38:6|They took Jeremiah and threw him into the cistern of Malchijah the king's son, in the guard courtyard, lowering him with ropes. There was no water in the cistern, only mud, and Jeremiah sank into the mud.|Keeps the royal owner, lowering method, absence of water, and sinking mud.
38:7|Ebed-melech the Cushite, a eunuch in the royal palace, heard that they had put Jeremiah in the cistern. The king was sitting at the Benjamin Gate.|Preserves Cushite identity and renders saris as eunuch with the officer alternative noted.
38:8|Ebed-melech left the palace and spoke to the king:|Keeps the rescuer's initiative and approach.
38:9|“My lord the king, these men have acted wickedly in everything they have done to Jeremiah the prophet. They threw him into the cistern, and he will die there of hunger, for there is no bread left in the city.”|Retains the direct condemnation and threatened starvation.
38:10|The king ordered Ebed-melech the Cushite, “Take thirty men from here under your command and lift Jeremiah the prophet out of the cistern before he dies.”|Preserves the pinned thirty, not a conjectured three, and the urgent rescue order.
38:11|Ebed-melech took the men with him and went into the palace, to a place beneath the storeroom. From there he took worn-out rags and scraps of cloth and lowered them by ropes to Jeremiah in the cistern.|Follows the read rags form and keeps the practical materials and location.
38:12|Ebed-melech the Cushite told Jeremiah, “Put these worn-out rags and scraps under your armpits, beneath the ropes.” Jeremiah did so.|Preserves the protective padding instruction in its bodily detail.
38:13|They pulled Jeremiah up with the ropes and lifted him out of the cistern. He remained in the guard courtyard.|Keeps rescue distinct from release from custody.
38:14|King Zedekiah sent for Jeremiah the prophet and had him brought to the third entrance of the house of the **LORD**. The king said, “I want to ask you something. Hide nothing from me.”|Retains the specifically numbered entrance and demand for candor.
38:15|Jeremiah answered Zedekiah, “If I tell you, will you not put me to death? And if I advise you, you will not listen to me.”|Keeps the question about execution distinct from the prediction of ignored advice.
38:16|King Zedekiah swore secretly to Jeremiah, “As the **LORD** lives, who gave us this life, I will not put you to death or hand you over to these men who seek your life.”|Follows the read omission of an extra object marker; preserves the oath and both assurances.
38:17|Jeremiah told Zedekiah, “The **LORD**, the God of hosts, the God of Israel, says: If you go out and surrender to the officers of the king of Babylon, your life will be spared and this city will not be burned. You and your household will live.|Keeps the fuller divine title, conditional surrender, and all beneficiaries.
38:18|But if you do not go out to the officers of the king of Babylon, this city will be handed over to the Chaldeans. They will burn it down, and you will not escape them.”|Preserves the contrasting condition and its three consequences.
38:19|King Zedekiah told Jeremiah, “I am afraid of the Judeans who have deserted to the Chaldeans. They may hand me over to them, and they will abuse me.”|Keeps the king's fear of his own people and the threatened mistreatment.
38:20|Jeremiah said, “They will not hand you over. Please listen to the voice of the **LORD** in what I am telling you. Then things will go well for you, and your life will be spared.|Retains the direct assurance, appeal to listening, and survival promise.
38:21|But if you refuse to go out, this is what the **LORD** has shown me:|Keeps the warning conditional and introduces what was shown.
38:22|All the women left in the palace of the king of Judah are being led out to the officers of the king of Babylon. They are saying:\n‘Your trusted friends have misled you\nand prevailed over you.\nYour feet have sunk in the mud,\nand they have turned away.’|Preserves the captive women's voices and the mud image that reverses Jeremiah's recent situation.
38:23|All your wives and sons will be led out to the Chaldeans. You yourself will not escape them; you will be captured by the king of Babylon. And you will bring about the burning of this city.”|Retains the pinned active second-person burning verb as responsibility for the outcome, with literal form noted.
38:24|Zedekiah told Jeremiah, “Do not let anyone know about this conversation, and you will not die.|Keeps secrecy tied to the threat of death.
38:25|If the officials hear that I have spoken with you and come to ask, ‘Tell us what you said to the king and what the king said to you. Hide nothing from us, and we will not put you to death,’|Preserves the anticipated interrogation and coercive assurance.
38:26|tell them, ‘I was laying my plea before the king, asking him not to send me back to Jonathan's house to die there.’”|Retains the limited account the king instructs Jeremiah to give without adding moral commentary.
38:27|All the officials came to Jeremiah and questioned him. He answered them exactly as the king had instructed. They left him alone, because the conversation had not been overheard.|Preserves the reported compliance and the reason the officials stopped.
38:28|Jeremiah remained in the guard courtyard until the day Jerusalem was captured. This is what happened when Jerusalem was captured:|Keeps the repeated capture clause as a forward transition instead of dropping it or changing verse boundaries.
39:1|In the tenth month of the ninth year of Zedekiah king of Judah, Nebuchadnezzar king of Babylon and his whole army came against Jerusalem and besieged it.|Retains the siege's year and month.
39:2|In Zedekiah's eleventh year, on the ninth day of the fourth month, the city wall was breached.|Preserves the exact breach date and makes the city's breach concrete.
39:3|All the officers of the king of Babylon entered and took their seats at the Middle Gate: Nergal-sharezer, Samgar-nebo, Sarsekim the chief court officer, Nergal-sharezer the Rab-mag, and all the rest of the king of Babylon's officers.|Retains the Masoretic grouping of difficult names and titles; alternative segmentation is flagged for review.
39:4|When Zedekiah king of Judah and all the soldiers saw them, they fled. They left the city at night by way of the king's garden, through the gate between the two walls, and the king headed toward the Arabah.|Keeps the nighttime route and the shift from the group to the king.
39:5|The Chaldean army pursued them and overtook Zedekiah on the plains of Jericho. They captured him and brought him up to Nebuchadnezzar king of Babylon at Riblah in the land of Hamath, where he pronounced sentence on him.|Preserves the pursuit, capture site, judgment site, and sentencing.
39:6|At Riblah the king of Babylon slaughtered Zedekiah's sons before his eyes. The king of Babylon also slaughtered all the nobles of Judah.|Retains slaughter and the father's forced witnessing, without reducing the violence to a generic defeat.
39:7|Then he blinded Zedekiah and bound him in bronze shackles to take him to Babylon.|Keeps mutilation, material of the bonds, and deportation.
39:8|The Chaldeans burned the royal palace and the people's houses and tore down Jerusalem's walls.|Preserves both civilian and royal destruction and the city's dismantled defenses.
39:9|Nebuzaradan, captain of the guard, exiled to Babylon the people remaining in the city, the deserters who had gone over to him, and the rest of the remaining people.|Keeps the source's overlapping groups and repeated remaining language.
39:10|But Nebuzaradan, captain of the guard, left some of the poorest people, who owned nothing, in the land of Judah. That day he gave them vineyards and fields.|Retains poverty, lack of possessions, and the redistribution of land.
39:11|Nebuchadnezzar king of Babylon gave Nebuzaradan, captain of the guard, these orders about Jeremiah:|Keeps the chain of command leading to Jeremiah's treatment.
39:12|“Take him and look after him. Do him no harm. Do whatever he asks of you.”|Follows the read omission while preserving protection and the instruction to honor his request.
39:13|So Nebuzaradan, captain of the guard, Nebushazban the chief court officer, Nergal-sharezer the Rab-mag, and all the king of Babylon's senior officers|Retains all named commanders and their distinct titles, continuing the sentence.
39:14|sent for Jeremiah and took him out of the guard courtyard. They handed him over to Gedaliah son of Ahikam, son of Shaphan, to take him home. So he lived among the people.|Preserves the release, three-generation custodian, and return among the people.
39:15|While Jeremiah was still confined in the guard courtyard, the word of the **LORD** had come to him:|Marks the retrospective timing already explicit in the Hebrew.
39:16|“Go and tell Ebed-melech the Cushite: ‘The **LORD** of hosts, the God of Israel, says: I am bringing my words against this city to fulfillment for harm, not for good. On that day you will see it happen.|Follows the read bringing form and preserves the addressee and harm/good contrast.
39:17|But I will rescue you on that day, declares the **LORD**. You will not be handed over to the men you fear.|Keeps rescue from the feared people without supplying their identity.
39:18|I will certainly deliver you. You will not fall by the sword; your own life will be your plunder, because you trusted in me, declares the **LORD**.’”|Preserves emphatic rescue, life as plunder, and trust as the stated reason.
40:1|This is the word that came to Jeremiah from the **LORD** after Nebuzaradan, captain of the guard, released him at Ramah. He had taken Jeremiah while he was bound in chains among all the exiles from Jerusalem and Judah who were being taken to Babylon.|Retains the new heading and chains at Ramah without inventing a harmonizing account of how he arrived there after chapter 39.
40:2|The captain of the guard took Jeremiah aside and said, “The **LORD** your God announced this disaster against this place.|Preserves the Babylonian officer as speaker of the theological explanation.
40:3|The **LORD** has brought it about and done just as he said. Because you people sinned against the **LORD** and did not listen to his voice, this has happened to you.|Makes the plural accusation explicit so Jeremiah is not mistaken for its sole object; preserves both divine names.
40:4|Now, today, I am freeing you from the chains on your hands. If you would like to come with me to Babylon, come, and I will look after you. If you do not want to come with me to Babylon, stay. The whole land lies before you. Go wherever seems good and right to you.”|Keeps the two offered choices and the release from physical bonds.
40:5|Before Jeremiah turned to go, the captain added, “Go back to Gedaliah son of Ahikam, son of Shaphan, whom the king of Babylon has appointed over Judah's towns. Live with him among the people, or go wherever you think best.” The captain of the guard gave him food and a gift and sent him away.|Gives a restrained reading of the difficult opening clause and preserves the renewed choice and provisions.
40:6|Jeremiah went to Gedaliah son of Ahikam at Mizpah and lived with him among the people left in the land.|Keeps the chosen destination and remaining community.
40:7|All the army commanders in the open country and their men heard that the king of Babylon had appointed Gedaliah son of Ahikam over the land and put him in charge of the men, women, children, and poorest people who had not been exiled to Babylon.|Preserves the commanders outside the city and all groups entrusted to the governor.
40:8|They came with their men to Gedaliah at Mizpah: Ishmael son of Nethaniah, Johanan and Jonathan sons of Kareah, Seraiah son of Tanhumeth, the sons of Ephai the Netophathite, and Jezaniah son of the Maacathite.|Follows the read Ephai and preserves all names, brothers, and geographical identifiers.
40:9|Gedaliah son of Ahikam, son of Shaphan, swore to them and their men, “Do not be afraid to serve the Chaldeans. Stay in the land and serve the king of Babylon, and things will go well for you.|Keeps the oath and conditions of remaining under foreign rule.
40:10|I will stay at Mizpah to represent you before the Chaldeans who come to us. You should gather wine, summer fruit, and oil, store them in your containers, and live in the towns you have taken over.”|Makes standing before the authorities readable while retaining all three harvest products and storage.
40:11|All the Judeans in Moab, among the Ammonites, in Edom, and in all the other lands also heard that the king of Babylon had left a remnant in Judah and appointed Gedaliah son of Ahikam, son of Shaphan, over them.|Keeps the distinct neighboring locations and the report prompting return.
40:12|So all these Judeans returned from every place where they had been scattered. They came to Gedaliah at Mizpah in the land of Judah and gathered a great abundance of wine and summer fruit.|Preserves return, destination, and the two products actually named here.
40:13|Johanan son of Kareah and all the army commanders in the open country came to Gedaliah at Mizpah.|Retains the delegation and location of the warning.
40:14|They said, “Do you know that Baalis king of the Ammonites has sent Ishmael son of Nethaniah to kill you?” But Gedaliah son of Ahikam did not believe them.|Keeps the named instigator and assassin as the commanders' allegation and the governor's disbelief.
40:15|Johanan son of Kareah spoke privately to Gedaliah at Mizpah: “Please let me go and kill Ishmael son of Nethaniah. No one will know. Why should he kill you, scatter all the Judeans gathered around you, and destroy what remains of Judah?”|Preserves the proposed secret killing and its claimed preventive purpose without endorsing it.
40:16|Gedaliah son of Ahikam told Johanan son of Kareah, “Do not do this. What you are saying about Ishmael is a lie.”|Follows the read prohibition and keeps the denial as Gedaliah's judgment.
